year,month,31N,32N,33N,34N,35N,36N,37N,38N,39N,40N,41N,42N,43N,44N,45N,46N,47N
1988,1,0.304,0.892,0.614,1.411,3.136,4.947,1.517,0.388,2.16,1.934,-1.992,-2.474,-1.134,-0.892,-0.442,0.46,-4.75
1988,2,0.047,0.453,0.596,0.828,1.358,5.663,3.261,5.043,9.58,10.786,6.864,9.469,6.438,1.393,3.258,1.068,0.225
1988,3,0.882,0.633,0.579,3.321,9.998,11.624,16.402,12.766,25.179,19.528,12.638,10.103,8.93,-1.72,0.762,-0.248,0.658
1988,4,0.635,0.189,0.17,1.346,4.503,3.317,4.471,-1.628,10.962,6.143,3.655,8.97,4.704,-1.43,0.902,-0.327,-1.255
1988,5,1.636,0.754,0.735,5.891,15.041,13.531,15.532,11.123,19.798,12.773,4.003,4.624,2.39,-0.935,0.068,0.056,-0.214
1988,6,0.716,0.498,0.288,2.674,7.471,7.077,7.499,12.927,21.401,15.438,2.795,3.485,1.772,0.205,0.297,0.064,-0.032
1988,7,0.412,0.109,0.03,0.59,4.551,5.581,6.772,8.419,19.794,19.659,13.395,11.389,7.898,2.415,1.198,0.194,0.148
1988,8,0.406,0.162,0.008,0.189,0.817,0.966,1.383,3.564,9.025,12.384,12.079,15.536,11.36,4.152,1.712,0.357,0.296
1988,9,0.22,0.038,0.003,0.122,1.055,1.794,3.784,5.62,12.575,12.995,10.194,12.232,8.735,3.104,1.252,0.166,0.267
1988,10,0.235,0.075,0.01,0.2,1.125,1.836,2.239,1.516,4.547,6.469,0.759,3.711,1.75,0.193,0.462,0.006,0
1988,11,1.042,0.162,0.207,1.434,3.513,3.12,2.076,2.4,3.881,2.735,-2.123,-1.174,-0.389,-0.455,-0.401,-0.106,-0.36
1988,12,1.567,0.332,0.912,1.945,3.953,3.97,6.105,4.895,12.411,12.142,9.39,7.533,4.742,-0.299,1.051,0.034,-0.354
1989,1,-0.612,1.002,1.434,3.608,9.226,8.464,11.054,8.685,13.414,17.221,9.833,8.986,6.098,-1.237,0.949,1.413,-1.331
1989,2,1.809,1.026,1.679,2.001,5.184,3.738,9.825,4.862,19.26,6.798,5.177,5.716,10.074,-0.572,-1.359,0.106,0.526
1989,3,4.221,1.294,2.018,4.084,7.144,7.624,-0.241,0.437,-0.148,-7.69,-9.235,-12.393,-4.342,-7.357,-10.264,-4.104,-11.73
1989,4,1.638,0.573,0.286,2.347,6.074,5.628,5.467,3.116,9.998,6.696,4.993,6.1,5.733,0.969,2.079,2.016,0.051
1989,5,2.164,0.484,0.328,5.333,17.339,14.046,11.795,12.904,25.379,20.19,11.323,9.801,5.387,0.964,1.16,0.414,0.211
1989,6,1.16,0.367,0.163,2.153,9.803,6.749,4.826,7.534,18.102,18.387,9.892,10.909,7.128,1.125,0.739,0.095,0.122
1989,7,0.291,0.119,0.04,1.042,8.89,12.136,13.079,9.442,24.146,17.567,8.73,5.899,2.648,0.298,0.125,0.007,0.001
1989,8,0.3,0.069,0.009,0.261,2.935,3.854,3.29,6.948,11.219,13.921,10.09,6.915,3.22,2.317,0.726,0.3,0.316
1989,9,0.407,0.095,0.005,0.262,1.096,0.795,0.77,1.104,3.538,6.407,5.946,6.286,4.151,2.273,1.485,0.252,0.138
1989,10,0.305,0.096,0.015,0.142,0.729,1.065,0.98,1.12,4.236,3.706,1.552,1.144,1.947,0.14,0.31,0.209,-0.072
1989,11,0.157,0.042,0.008,0.079,0.423,0.963,0.93,2.129,3.162,4.773,3.247,1.117,2.376,0.152,0.222,0.218,-0.354
1989,12,0.183,0.079,0.093,0.152,0.665,0.883,1.216,1.324,4.571,5.233,3.323,4.392,4.603,1.214,1.228,-0.26,-1.687
1990,1,0.199,0.402,0.444,0.833,3.179,3.568,4.775,4.693,8.789,7.219,0.188,0.307,-2.039,-4.653,-4.569,-0.821,-4.004
1990,2,0.222,0.862,1.925,4.277,8.57,5.526,7.849,9.436,16.87,16.226,5.957,7.207,3.244,-1.88,-1.89,2.073,-1.976
1990,3,0.922,0.841,1.588,2.907,9.985,10.714,7.087,8.504,21.018,12.253,4.867,8.766,6.659,0.777,1.17,1.928,-1.981
1990,4,0.467,0.285,0.35,1.728,6.966,8.017,8.921,10.139,21.164,18.157,6.246,9.842,8.348,1.474,3.576,1.71,1.358
1990,5,0.777,0.239,0.197,1.993,6.062,4.836,7.013,11.239,28.566,25.223,17.467,16.385,12.108,2.385,2.684,1.202,0.836
1990,6,0.475,0.154,0.063,1.878,7.416,7.186,6.929,9.053,13.908,8.48,4.249,3.124,1.049,-0.002,0.115,0.002,-0.247
1990,7,0.251,0.119,0.009,0.197,0.85,0.943,1.263,2.533,5.738,8.687,5.886,4.092,3.627,2.468,0.828,0.124,0.165
1990,8,0.24,0.094,0.005,0.046,0.347,0.536,0.583,1.315,3.273,4.408,5.347,4.287,3.207,1.635,1.119,0.163,0.095
1990,9,0.198,0.069,0.005,0.095,0.466,0.485,0.606,0.805,1.901,0.915,0.396,0.563,0.427,0.175,0.161,0.075,0.001
1990,10,0.282,0.053,0.002,0.024,0.126,0.555,2.197,3.934,7.678,7.185,1.678,2.32,1.086,0.036,0.015,-0.013,-0.187
1990,11,0.251,0.105,0.015,0.223,1.035,1.838,4.664,7.424,10.493,7.069,3.232,3.218,0.851,0.01,-0.011,-0.195,-0.204
1990,12,0.121,0.032,0.213,0.78,3.628,2.302,3.315,8.198,17.36,13.222,13.276,10.557,10.381,1.662,5.267,1.09,3.704
1991,1,0.433,0.199,0.345,0.445,3.049,0.954,-2.745,0.438,3.311,0.235,0.991,-0.496,3.793,-3.477,-0.597,-1.461,-5.899
1991,2,0.318,0.724,0.462,0.993,1.5,4.213,3.603,2.567,6.623,-1.767,-0.686,-3.396,-3.563,-4.812,-5.348,-3.738,-11.405
1991,3,0.252,0.875,1.263,2.78,6.053,8.124,3.357,4.158,12.246,10.694,4.869,5.339,6.004,1.261,0.739,0.949,0.08
1991,4,2.068,1.252,1.323,7.569,18.584,23.802,19.485,17.377,25.472,19.082,9.611,9.32,4.585,-3.44,-1.209,-0.373,-1.593
1991,5,2.77,1.496,1.623,11.825,24.847,19.498,25.259,25.107,43.141,32.298,22.051,21.778,15.603,2.554,3.411,1.402,0.944
1991,6,0.965,0.792,0.188,2.003,8.952,10.093,9.529,14.288,31.907,34.962,20.073,18.613,18.641,3.731,3.638,1.581,1.679
1991,7,0.641,0.374,0.131,0.276,1.896,4.129,1.066,9.874,14.444,17.103,17.077,17.659,11.55,4.748,1.748,0.272,0.324
1991,8,0.716,0.364,0.021,0.408,2.009,2.432,1.964,3.216,6.078,6.374,2.616,3.169,2.428,0.422,0.436,0.069,-0.024
1991,9,0.218,0.126,0.014,0.098,0.537,1.013,0.892,2.11,4.394,5.379,4.241,4.868,2.452,0.321,0.237,0.087,0.005
1991,10,0.182,0.078,0.018,0.093,0.752,1.085,1.683,1.369,4.17,5.462,4.478,3.861,3.874,1.469,1.151,0.741,0.449
1991,11,0.296,0.216,0.204,0.63,3.084,5.053,7.971,9.555,11.18,7.979,6.323,3.378,1.302,-1.079,-0.773,-1.051,-2.851
1991,12,-0.198,-0.197,0.234,-0.158,-0.289,-2.864,-3.615,-0.526,1.533,-1.146,0.617,-1.781,0.882,-0.762,-1.206,-1.04,-3.575
1992,1,0.07,-0.204,0.191,0.288,1.637,0.727,1.222,-1.547,1.345,-2.633,-1.873,-5.628,-3.679,-6.033,-7.41,-5.314,-12.22
1992,2,0.211,0.104,-0.045,-0.305,-0.12,-2.908,-0.51,-2.839,-2.57,-3.421,-4.271,-5.55,-2.066,-2.238,-1.782,-0.666,-3.473
1992,3,0.491,0.16,0.143,0.145,0.488,-0.096,0.087,0.273,0.604,0.754,1.086,1.012,2.689,0.824,1.359,0.813,0.632
1992,4,0.49,0.181,0.052,1.055,3.157,3.555,3.165,2.594,3.255,2.452,0.43,0.295,-0.13,-0.391,0.042,-0.061,-0.29
1992,5,0.253,0.13,0.077,0.528,1.734,2.82,3.869,7.774,10.61,10.978,5.492,4.718,2.465,0.409,0.342,0.042,0.077
1992,6,0.498,0.167,0.058,0.736,1.754,1.759,2.302,4.028,10.198,11.515,7.699,6.479,3.578,0.472,0.403,0.06,0.043
1992,7,0.127,0.058,0.013,0.258,0.913,0.784,1.229,3.065,5.536,6.015,4.585,3.913,2.761,1.179,0.528,0.201,0.075
1992,8,0.213,0.062,0.003,0.035,0.576,1.32,2.292,2.384,4.992,4.675,3.507,3.193,1.724,0.656,0.507,0.139,0.105
1992,9,0.316,0.063,0.004,0.015,0.143,0.504,0.682,1.25,3.8,5.349,2.987,2.887,1.626,0.752,0.603,0.168,0.049
1992,10,0.331,0.076,0.003,0.003,0.022,0.039,0.058,0.048,0.263,0.573,0.777,1.08,2.199,0.396,0.406,0.058,-0.056
1992,11,0.233,0.055,0.007,0.015,0.049,0.143,0.189,0.159,0.884,0.882,-1.004,-0.103,-0.564,-0.471,-0.141,0.11,-0.633
1992,12,-0.354,0.215,0.2,0.305,0.428,1.69,0.129,0.154,2.796,2.538,0.54,0.017,1.035,-0.429,-0.54,-0.409,-2.181
1993,1,0.16,0.095,0.18,0.047,-0.408,0.157,-0.265,-3.194,-0.749,-5.188,-1.68,-4.015,0.976,-0.367,-0.284,-0.154,-6.106
1993,2,0.051,0.052,0.151,0.342,0.063,-1.064,-0.118,-0.934,-1.228,0.58,-0.301,1.968,1.401,1.708,0.319,-0.161,-5.792
1993,3,0.53,0.414,0.228,1.256,3.213,3.189,2.066,1.849,2.865,2.323,-3.18,-3.14,0.453,-2.985,-3.679,-0.842,-4.002
1993,4,0.941,0.43,0.262,5.975,13.802,12.782,9.812,8.689,11.304,8.015,-0.506,-0.764,-3.407,-3.969,-3.822,-1.544,-5.055
1993,5,1.067,0.381,0.093,1.813,3.357,2.146,2.225,3.022,4.073,3.227,-0.584,0.524,0.694,-0.305,-0.029,0.197,-0.183
1993,6,0.248,0.109,0.016,0.934,5.079,5.025,6.657,10.657,12.286,8.464,3.684,2.386,0.943,0.055,0.082,0.004,0.002
1993,7,0.163,0.028,0.004,0.07,0.902,2.479,3.493,7.698,17.71,16.283,11.924,7.785,3.39,0.507,0.182,0.016,0.116
1993,8,0.239,0.076,0.008,0.075,0.504,1.04,1.428,3.365,6.462,6.287,4.624,4.156,2.026,0.808,0.309,0.008,-0
1993,9,0.139,0.094,0.006,0.026,0.623,0.964,1.749,3.091,6.922,5.616,4.57,3.285,3.781,1.331,0.888,0.194,0.022
1993,10,0.135,0.062,0.002,0.008,0.144,0.202,0.316,0.256,1.455,1.01,0.436,1.738,1.008,0.171,0.426,0.188,-0.132
1993,11,0.054,0.078,0.014,0.06,0.209,0.31,0.485,1.396,4.308,3.494,8.139,8.634,5.264,1.614,1.123,1.39,-0.834
1993,12,0.242,-0.1,0.195,0.059,0.186,0.002,-0.392,-0.983,0.148,-0.792,-6.521,-7.769,-2.335,-4.998,-7.233,-3.149,-8.013
1994,1,0.104,0.011,0.287,0.437,0.847,1.124,0.147,-0.1,1.708,2.211,-1.458,-2.166,-1.022,-1.917,-2.582,-0.33,-4
1994,2,-0.237,0.361,0.282,0.345,0.82,0.167,0.464,-0.469,1.476,2.911,-0.696,-1.065,-3.701,-2.585,-4.906,-1.348,-7.958
1994,3,0.17,0.474,0.463,1.128,3.111,2.518,2.712,2.435,4.963,6.641,2.739,4.016,2.056,-0.795,0.318,-0.972,-2.919
1994,4,0.648,0.517,1.056,4.992,9.884,10.251,13.462,14.513,18.896,16.691,10.785,10.574,5.011,-0.064,1.092,0.047,-2.295
1994,5,1.09,0.346,0.487,3.585,8.733,7.08,8.52,11.875,16.045,14.322,7.281,7.439,3.815,0.693,0.73,0.155,0.224
1994,6,0.219,0.27,0.063,2.226,14.583,13.055,16.018,16.121,19.103,14.005,6.234,5.182,1.18,0.216,0.12,0.004,0.003
1994,7,0.187,0.147,0.017,0.176,2.186,2.757,3.903,5.377,15.015,21.147,16.383,15.273,7.378,2.762,1.039,0.214,0.288
1994,8,0.136,0.079,0.006,0.136,1.884,2.469,4.493,5.004,6.512,4.872,1.566,0.523,0.256,0.086,0.068,0.003,-0
1994,9,0.45,0.101,0.004,0.015,0.477,0.508,1.093,1.323,1.954,1.761,1.761,1.228,0.289,0.128,0.045,0.013,0.011
1994,10,0.244,0.1,0.01,0.14,1.267,2.078,2.719,4.13,8.432,6.512,3.143,2.986,0.659,0.197,0.285,0.029,-0.049
1994,11,0.372,0.459,0.29,0.712,2.62,1.916,2.059,2.508,4.973,2.088,0.576,1.083,0.588,-1.481,-1.412,-0.65,-2.144
1994,12,-0.204,-0.098,0.638,0.394,0.11,1.019,1.14,-2.909,0.57,-2.957,-6.807,-11.172,-6.526,-7.229,-9.285,-3.179,-7.124
1995,1,-0.659,-0.598,0.627,0.104,-3.568,-6.119,-5.305,-10.56,-15.855,-15.498,-12.162,-15.469,-4.508,-5.026,-7.616,-2.514,-7.6
1995,2,-1.067,0.301,0.237,0.491,0.625,0.513,1.777,-0.192,2.519,-0.001,0.979,4.548,1.051,-1.678,-2.708,1.472,-2.869
1995,3,0.058,0.334,0.265,0.658,0.594,0.266,-0.403,-1.584,0.792,-3.765,-6.216,-8.871,-1.257,-0.808,-3.258,-1.975,-8.282
1995,4,0.442,0.68,1.511,4.285,11.655,12.767,12.192,11.644,16.777,11.927,2.939,4.049,2.106,-0.397,2.354,1.115,-1.592
1995,5,0.053,0.144,1.016,3.146,8.148,7.209,4.844,10.476,17.695,14.805,12.18,14.871,10.265,2.743,1.516,0.308,0.506
1995,6,0.504,0.335,0.334,3.246,10.875,12.812,9.124,8.965,14.565,10.281,7.489,6.139,3.041,1.266,0.753,0.239,0.146
1995,7,0.272,0.113,0.033,0.836,4.503,5.247,2.144,1.875,4.65,4.892,3.804,4.834,2.844,1.428,0.568,0.144,0.041
1995,8,0.191,0.07,0.005,0.107,2.256,2.285,2.297,3.119,5.868,4.154,2.527,1.941,0.956,0.684,0.691,0.247,0.085
1995,9,0.355,0.086,0.006,0.105,1.101,0.582,0.444,0.721,0.743,0.47,0.218,0.34,0.136,0.032,0.072,0.001,0
1995,10,0.13,0.026,0.005,0.005,0.515,1.691,0.512,1.113,2.536,2.033,0.933,0.893,0.333,0.088,0.05,0.03,0.01
1995,11,0.008,0.107,0.015,0.128,1.207,2.679,2.761,0.173,2.247,1.858,0.153,-1.153,-0.705,-0.727,-0.968,-0.523,-1.652
1995,12,0.06,0.189,0.153,0.469,0.321,0.489,-0.342,-1.374,-0.59,-1.532,-2.36,-3.396,-1.258,-0.966,-1.355,-0.554,-2.255
1996,1,0.426,0.669,0.571,1.266,2.973,2.891,1.826,1.397,3.307,3.256,-1.705,0.789,0.039,-0.62,0.274,0.996,-0.249
1996,2,0.422,0.59,0.551,0.927,0.171,-0.093,-0.744,-0.85,-1.002,0.16,-3.625,-2.071,-0.789,-1.372,-2.839,-0.927,-3.323
1996,3,0.602,0.54,0.514,1.91,2.354,3.821,2.786,2.25,6.644,7.856,1.665,3.66,2.289,-0.726,-0.425,-0.041,-0.054
1996,4,0.321,0.564,0.506,4.234,7.776,7.389,7.255,5.224,7.183,4.386,-0.345,-0.853,-2.43,-3.39,-2.793,-0.362,-4.043
1996,5,0.568,0.21,0.042,1.563,8.299,11.622,11.982,14.435,26.232,17.857,11.801,10.98,5.23,0.386,0.679,0.073,-0.106
1996,6,0.405,0.222,0.064,1.622,11.398,14.983,19.319,15.056,32.898,22.326,10.873,10.64,6.028,1.331,0.552,0.091,0.191
1996,7,0.17,0.098,0.01,0.255,2.703,3.951,5.134,7.385,15.877,15.69,12.634,10.335,6.676,2.783,0.922,0.207,0.122
1996,8,0.285,0.037,0.007,0.184,2.163,4.342,6.142,7.137,13.986,11.061,5.268,5.061,4.02,2.244,2.209,0.604,0.373
1996,9,0.273,0.063,0.002,0.015,0.564,1.029,2.045,1.988,5.366,4.646,2.806,2.449,1.659,0.442,0.255,0.13,0.02
1996,10,0.373,0.107,0.023,0.263,1.345,2.495,3.57,2.375,4.477,3.605,3.151,2.529,1.856,0.372,0.194,0.052,0.002
1996,11,0.507,0.267,0.176,0.932,3.123,3.513,2.825,3.343,5.136,2.664,0.018,0.286,1.281,0.039,0.119,0.221,-0.535
1996,12,0.103,0.009,0.137,0.373,0.807,-0.373,-1.591,-4.1,-2.138,-4.448,-6.473,-7.114,-3.511,-2.652,-4.601,-1.213,-4.457
1997,1,0.708,0.283,0.413,0.761,1.03,1.779,1.264,-1.272,0.571,0.152,-3.629,-2.309,-0.977,-2.299,-1.96,-1.469,-5.671
1997,2,0.808,1.025,1.207,4.816,11.461,13.737,12.893,9.166,15.522,15.986,4.66,7.066,5.254,0.665,1.86,2.574,-1.308
1997,3,0.076,0.206,0.331,1.85,8.549,7.337,8.533,6.787,16.252,11.806,3.62,3.967,3.333,-5.621,-4.037,-3.072,-7.203
1997,4,1.345,0.356,0.343,4.255,15.564,16.787,14.39,9.67,23.427,15.303,5.44,6.668,6.51,-0.489,1.749,0.679,0.304
1997,5,0.375,0.093,0.024,1.061,3.725,4.876,3.277,3.139,3.597,3.145,0.823,1.859,0.58,0.005,0.201,-0.038,-0.3
1997,6,0.44,0.142,0.012,0.535,4.43,5.775,7.984,10.001,13.117,8.631,5.035,1.68,0.312,0.066,0.053,0,0
1997,7,0.109,0.085,0.006,0.23,2.896,3.741,4.433,7.587,9.588,8.891,5.515,2.914,0.409,0.549,0.282,0.009,0.005
1997,8,0.485,0.061,0.002,0.001,0.107,0.476,0.691,1.119,2.172,2.324,2.109,1.56,0.508,0.444,0.254,0.001,0.006
1997,9,0.478,0.054,0.001,0,0.001,0.004,0.044,0.04,0.185,0.393,0.08,0.01,0.003,0,0,0,0
1997,10,0.358,0.052,0.003,0,0,0.009,0.076,0.616,1.638,1.91,1.547,0.373,0.183,-0.008,-0.009,-0.003,0
1997,11,0.383,0.048,0.001,0,0,0,-0.002,-0.021,0.001,-0.039,-0.215,-0.197,-0.001,-0.012,-0.063,-0.033,-0.263
1997,12,0.404,0.069,0.011,0.012,0.034,0.056,0.086,0.103,0.414,0.622,0.363,0.357,0.023,-0.018,-0.036,-0.256,-1.326
1998,1,0.501,0.103,0.013,0.04,-0.047,0.178,-0.529,-1.359,-1.915,-2.596,-2.467,-3.461,-1.816,-0.324,-1.806,-1.169,-5.772
1998,2,0.261,0.38,0.347,0.357,1.507,1.59,0.198,-0.82,0.463,-1.807,-2.547,-2.792,-1.76,-0.813,-2.445,-0.311,-2.779
1998,3,0.697,0.487,0.252,1.003,3.385,4.206,3.845,3.208,7.275,7.201,1.428,2.299,1.264,-0.289,0.206,0.367,-1.057
1998,4,0.729,0.989,0.474,2.799,6.827,7.345,6.649,7.54,13.526,12.567,6.548,5.863,2.89,0.692,0.972,0.331,0.515
1998,5,0.867,0.448,0.157,1.398,4.554,3.696,1.881,1.719,5.483,5.429,2.489,3.416,2.151,0.504,0.933,0.682,0.957
1998,6,1.161,0.274,0.033,0.535,2.082,2.985,3.513,5.876,12.388,16.166,12.446,10.462,4.678,1.366,0.73,0.16,0.195
1998,7,0.355,0.073,0.014,0.359,2.989,2.768,4.752,6.097,12.661,9.683,7.534,6.73,4.383,0.815,0.317,0.039,0.02
1998,8,0.263,0.051,0.003,0.008,0.123,0.597,1.759,3.961,9.411,7.864,6.505,5.635,3.562,1.509,0.989,0.141,0.152
1998,9,0.427,0.102,0.002,0.004,0.046,0.117,0.247,1.284,4.257,5.998,5.47,4.814,2.082,0.824,0.611,0.053,0.026
1998,10,0.287,0.07,0.014,0.147,1.183,2.543,2.388,2.851,5.01,4.209,1.411,1.276,0.577,-0.024,0.027,-0.006,-0.031
1998,11,0.254,0.25,0.098,0.61,2.553,2.422,1.121,-0.824,0.784,-0.714,-3.825,-4.626,-1.567,-0.965,-1.347,-0.328,-0.719
1998,12,0.873,1.227,0.641,2.881,8.135,10.203,6.862,6.023,12.337,11.372,10.121,6.11,6.12,-2.26,-1.204,-0.381,-2.41
1999,1,1.071,0.96,0.597,1.185,3.667,2.405,2.898,5.706,7.52,3.866,0.816,-0.723,0.391,-5.643,-4.935,-3.366,-7.201
1999,2,3.903,1.532,2.234,2.962,8.424,3.86,4.862,2.307,1.289,-7.304,-16.533,-18.299,-13.043,-12.883,-22.082,-10.782,-23.894
1999,3,3.572,1.31,1.742,3.6,9.514,12.44,7.635,7.623,8.838,4.958,-2.762,2.886,-8.509,-6.417,-7.916,-3.803,-11.065
1999,4,3.49,1.748,2.963,6.523,20.508,27.883,27.233,27.164,47.667,37.242,28.513,31.262,17.437,4.94,9.036,4.713,5.388
1999,5,2.157,0.995,0.593,3.749,15.267,24.115,24.467,16.297,47.661,34.405,27.788,27.111,11.336,2.871,4.199,1.841,2.028
1999,6,1.315,0.828,0.374,3.163,13.502,19.821,14.29,13.263,34.132,26.795,11.128,11.605,5.951,1.238,1.005,0.491,0.624
1999,7,0.648,0.285,0.045,0.399,3.029,5.39,6.234,7.782,17.461,16.69,8.861,7.007,3.099,1.568,0.617,0.292,0.434
1999,8,0.532,0.16,0.029,1.02,3.642,3.761,3.413,3.419,4.53,3.823,1.935,1.648,1.305,0.456,0.242,0.114,0.051
1999,9,0.451,0.144,0.008,0.091,0.163,0.126,0.887,2.318,8.033,9.983,10.778,12.48,6.128,2.823,1.58,0.41,0.276
1999,10,0.411,0.075,0.011,0.175,0.871,0.723,1.341,1.702,5.147,6.007,5.541,6.843,3.741,0.628,0.488,0.393,-0.236
1999,11,0.589,0.212,0.126,0.455,1.39,0.68,1.622,-0.774,-0.527,-1.104,-4.891,-6.643,-3.738,-2.36,-2.655,-1.342,-3.069
1999,12,0.358,0.522,0.642,1.909,4.571,4.046,8.626,7.217,11.529,11.057,4.947,5.97,4.024,-0.701,0.301,-0.125,-1.658
2000,1,1.15,0.68,1.18,1.596,5.312,3.829,-0.074,0.957,1.528,-3.209,-5.464,-6.824,-4.537,-5.499,-3.466,-1.563,-6.611
2000,2,0.696,0.704,0.836,0.975,-0.553,-0.544,-3.673,-3.33,-1.583,-4.752,-6.491,-7.262,-2.683,-1.322,-3.53,0.951,-6.543
2000,3,2.065,1.408,1.859,4.616,12.501,14.033,16.138,14.21,27.973,20.084,12.1,14.622,6.904,-0.9,1.511,1.11,-0.861
2000,4,1.745,0.707,0.563,4.297,10.897,11.178,7.449,5.635,9.752,6.447,3.173,4.722,5.675,1.053,2.633,1.019,0.505
2000,5,1.065,0.414,0.248,3.411,13.89,15.446,11.959,11.946,16.397,12.993,4.54,4.347,2.128,0.144,0.741,0.927,0.085
2000,6,1.13,0.224,0.012,0.739,2.458,5.459,4.909,7.757,13.302,14.498,15.483,12.577,6.483,1.33,0.941,0.209,0.403
2000,7,0.735,0.23,0.007,0.686,4.53,8.811,8.736,9.915,17.572,14.534,10.503,7.116,4.696,1.704,1.196,0.375,0.379
2000,8,0.29,0.091,0.004,0.187,1.756,3.643,3.65,6.03,10.495,8.157,7.057,5.415,4.744,2.245,1.888,0.223,0.128
2000,9,0.417,0.074,0.003,0.019,0.341,0.812,1.122,2.13,4.136,4.789,3.495,4.289,1.515,0.462,0.196,0.011,-0.017
2000,10,0.371,0.087,0.01,0.17,1.159,1.419,2.925,3.632,6.293,5.758,5.083,3.673,2.627,0.271,0.009,-0.086,-0.318
2000,11,0.596,0.319,0.349,1.349,2.493,3.745,4.944,2.735,6.209,4.663,2.122,0.626,0.971,-0.693,0.778,-0.688,-2.483
2000,12,0.195,0.304,0.553,1.396,2.532,2.745,1.863,1.789,3.499,2.743,-0.309,0.258,-1.55,-2.489,-3.765,-1.546,-4.014
2001,1,0.802,0.849,0.679,1.043,1.599,0.439,2.859,2.628,4.392,2.565,-1.327,-0.002,-2.172,-3.752,-6.389,-3.529,-4.249
2001,2,0.479,0.579,2.275,1.071,3.299,2.205,1.377,4.781,5.834,2.955,4.437,2.779,6.259,1.313,2.365,0.545,-2.108
2001,3,1.388,0.675,1.361,4.06,8.687,11.678,8.769,10.299,20.602,22.817,11.078,11.934,10.039,2.885,7.201,2.225,1.478
2001,4,3.49,2.809,3.503,11.388,21.666,19.204,16.143,16.626,25.426,15.295,14.446,13.359,6.385,-2.384,1.333,0.682,2.345
2001,5,0.558,0.483,0.013,0.92,7.364,9.959,13.173,24.312,35.774,32.745,26.45,27.052,13.345,5.316,5.048,2.999,3.372
2001,6,0.474,0.29,0.112,1.715,7.513,10.168,16.301,25.468,32.484,24.982,16.098,14.732,6.587,2.203,1.273,0.459,1.247
2001,7,0.534,0.209,0.169,1.092,3.301,3.379,4.169,10.59,21.196,26.225,24.621,17.466,13.826,6.534,2.678,1.706,2.426
2001,8,0.301,0.183,0.067,1.492,4.655,4.262,7.325,8.939,9.63,7.02,2.785,0.854,1.384,0.304,0.21,-0.009,-0.118
2001,9,0.434,0.127,0.036,0.341,1.776,1.909,2.625,3.443,6.161,6.183,4.633,4.605,4.089,1.881,1.135,0.505,0.207
2001,10,0.167,0.028,0.013,0.084,0.818,1.256,3.203,4.69,9.323,8.627,12.716,5.807,6.394,1.914,0.272,0.126,0.241
2001,11,0.32,0.18,0.076,0.304,0.983,0.74,1.26,0.059,0.97,-0.948,-6.715,-4.973,-2.502,-2.618,-3.304,-1.759,-3.583
2001,12,1.282,0.989,1.302,1.96,5.015,2.932,1.103,2.216,4.675,0.973,-6.093,-3.663,-2.747,-2.558,-2.247,-0.245,-2.437
2002,1,1.841,1.466,1.448,3.16,8.493,9.892,8.134,6.177,12.807,7.293,-1.501,1.106,-0.449,-5.092,-2.613,-1.584,-7.175
2002,2,1.839,1.874,1.666,1.019,6.091,6.373,-1.879,3.257,4.81,8.517,9.694,12.569,7.054,-0.148,1.159,-0.423,-3.446
2002,3,2.994,2.772,4.543,7.164,11.542,9.439,11.329,8.196,18.625,14.943,14.75,10.811,8.773,-1.704,3.336,-0.266,-1.553
2002,4,2.372,2.221,2.233,7.64,13.097,11.68,12.487,8.7,25.684,22.437,22.514,20.161,17.64,5.61,9.225,3.116,4.266
2002,5,3.073,1.57,1.554,10.652,16.042,13.204,24.689,15.368,35.645,30.595,22.491,19.436,15.903,2.628,5.094,2.192,2.721
2002,6,1.086,0.584,0.338,4.101,16.449,19.289,23.651,28.212,50.279,40.744,21.131,24.213,8.526,1.503,1.324,0.25,0.545
2002,7,0.604,0.229,0.111,0.867,3.539,3.046,3.761,5.342,17.338,20.739,13.619,18.719,9.144,3.11,2.078,0.228,0.606
2002,8,0.392,0.18,0.036,0.943,2.664,2.475,4.233,7.678,17.016,24.233,16.87,19.012,15.689,6.346,2.656,0.763,1.699
2002,9,0.401,0.182,0.011,0.681,1.99,2.979,1.696,1.635,5.542,9.174,9.706,9.414,5.618,2.341,1.375,0.449,0.141
2002,10,0.646,0.179,0.025,0.403,1.395,2.108,3.957,5.636,10.907,15.29,21.168,17.581,10.764,6.832,2.805,0.697,1.671
2002,11,0.182,0.058,0.082,0.233,0.727,0.798,0.736,-1.231,-1.168,-2.064,-3.15,-4.526,-1.81,-3.725,-6.708,-4.207,-4.281
2002,12,0.676,0.318,0.242,0.364,-0.043,-0.617,-1.733,-2.301,-3.741,-4.125,-4.895,-1.861,-1.354,-1.585,-3.578,-1.257,-6.613
2003,1,0.498,0.525,0.27,0.518,0.673,1.791,0.13,-0.25,-0.322,1.05,-5.318,-1.726,-3.879,-2.042,-2.239,-0.585,-5.822
2003,2,0.094,0.165,0.364,0.988,2.413,2.239,3.764,3.18,6.145,5.89,3.429,4.071,5.149,0.033,0.661,-1.519,-1.787
2003,3,1.461,1.098,1.844,6.31,9.486,8.833,7.841,4.29,8.352,5.091,0.426,1.261,-3.892,-4.13,-3.281,-1.672,-6.483
2003,4,2.742,1.938,2.431,7.025,9.345,7.947,6.817,3.686,8.566,4.255,0.811,2.381,-1.049,-1.85,-1.773,-0.393,-4.789
2003,5,0.959,1.13,1.24,7.062,15.742,16.507,19.589,20.074,28.824,20.437,10.769,10.413,5.138,0.671,1.385,0.501,0.707
2003,6,0.635,0.673,0.673,4.061,7.674,13.816,13.336,11.524,32.966,25.296,16.501,23.97,11.978,3.231,2.148,0.703,1.182
2003,7,0.184,0.172,0.15,1.448,3.569,7.876,5.024,7.085,24.147,26.014,11.968,17.373,8.013,2.917,2.133,0.916,1.036
2003,8,0.838,0.301,0.05,0.563,0.809,1.277,0.895,1.155,3.365,6.079,2.083,2.797,2.997,0.811,0.758,0.889,0.838
2003,9,0.507,0.124,0.015,0.201,0.631,0.549,0.73,1.405,3.004,3.757,4.33,5.108,3.133,2.557,1.34,0.294,0.292
2003,10,0.317,0.055,0.024,0.388,2.057,3.506,5.188,3.457,7.212,6.169,1.141,1.79,-0.147,-0.155,-0.363,-0.116,-0.019
2003,11,0.535,0.116,0.097,0.502,1.218,0.016,1.615,1.042,0.291,-0.121,-1.021,0.458,0.166,-0.325,-0.252,0.118,-0.096
2003,12,0.204,0.238,0.305,0.376,-0.061,1.613,-0.172,-0.385,-2.752,-4.037,-7.939,-4.183,-0.708,-1.358,-1.452,-1.326,-2.05
2004,1,0.927,0.828,0.952,2.277,4.06,4.644,2.201,0.708,2.505,-1.674,-7.755,-2.98,-0.11,-4.319,-2.698,-4.384,-2.06
2004,2,1.374,1.157,1.807,2.46,1.926,0.696,-2.799,-1.532,0.99,-0.399,-6.872,-3.52,-1.205,-3.725,-2.219,-0.372,-4.451
2004,3,1.896,1.471,1.441,4.466,10.429,10.418,13.725,12.43,19.905,15.903,10.728,13.168,6.104,-0.441,2.348,0.028,0.74
2004,4,1.482,0.793,0.729,4.61,9.438,10.317,13.291,4.311,12.705,7.273,4.819,8.577,4.692,1.106,0.962,0.681,0.547
2004,5,1.233,0.643,0.37,6.493,11.658,15.484,14.469,11.263,15.662,11,4.556,4.583,1.649,0.536,0.413,0.09,0.069
2004,6,0.312,0.369,0.249,4.414,13.516,17.766,14.843,12.301,19.932,20.084,8.692,7.337,3.262,0.916,0.524,0.14,0.011
2004,7,0.708,0.241,0.062,1.053,2.929,4.133,3.902,3.368,6.035,9.181,7.15,5.178,2.941,1.553,0.803,0.272,0.095
2004,8,0.461,0.139,0.044,0.478,1.857,2.76,3.336,2.749,3.154,2.343,2.162,1.76,0.844,0.639,0.548,0.396,0.1
2004,9,0.589,0.121,0.008,0.038,0.373,0.948,2.303,4.979,8.163,7.334,6.757,3.506,1.831,0.442,0.232,0.07,0.003
2004,10,0.237,0.058,0.005,0.081,0.599,0.735,1.566,1.888,2.511,2.759,2.909,1.817,0.998,0.386,-0.038,0.04,-0.001
2004,11,0.055,0.208,0.058,0.227,1.313,1.507,2.784,5.76,9.429,10.579,14.707,7.559,5.794,1.742,2.064,0.618,0.878
2004,12,0.529,0.142,0.079,0.044,-0.723,-1.681,-1.139,-1.68,2.098,5.305,9.334,0.666,3.975,-0.811,-1.408,-0.012,-3.124
2005,1,0.786,0.391,0.219,0.075,0.154,0.886,0.373,-3.114,-3.713,-3.062,-6.187,-3.921,-1.9,-3.039,-3.96,-2.894,-6.68
2005,2,1.003,0.004,0.14,0.032,-0.03,-0.825,-1.673,-1.378,-0.148,2.322,0.075,1.852,3.608,0.725,1.764,0.315,1.028
2005,3,1.519,0.878,0.461,1.234,2.536,2.557,3.086,2.861,3.883,2.649,-1.51,0.575,0.125,1.113,-1.503,0.411,-2.055
2005,4,1.543,1.597,2.305,10.304,17.533,14.016,12.437,6.545,14.673,9.235,2.872,5.615,1.07,-0.912,0.623,-0.146,-0.678
2005,5,1.126,0.952,0.353,3.879,5.416,5.818,4.971,4.49,6.595,5.161,0.71,1.958,-0.316,-0.631,-0.182,0.065,-0.056
2005,6,0.833,0.437,0.357,5.681,8.612,9.006,19.198,14.745,22.635,15.785,8.498,6.624,2.325,0.162,0.108,0.001,0.003
2005,7,0.317,0.226,0.152,1.842,4.389,5.907,5.646,6.995,17.63,17.684,12.723,9.783,5.44,2.15,1.121,0.741,0.509
2005,8,0.243,0.085,0.014,0.291,1.023,2.1,4.247,4.448,14.45,17.534,17.254,8.525,5.784,3.158,1.52,1.34,1.104
2005,9,0.481,0.193,0.013,0.832,2.06,2.991,3.991,6.781,13.905,14.192,19.271,7.42,6.649,3.235,1.985,0.578,0.187
2005,10,0.506,0.177,0.043,1.262,2.972,4.347,4.541,3.325,5.216,1.693,1.995,-0.137,0.447,-0.395,-0.356,0.213,0.054
2005,11,0.466,0.28,0.217,1.278,2.497,2.589,3.731,3.257,4.768,3.877,4.94,2.56,0.808,0.199,0.055,0.021,-0.154
2005,12,1.19,0.552,0.659,0.754,-0.067,0.313,-2.541,0.85,0.62,-2.726,-8.474,-11.084,-7.516,-3.392,-4.977,-1.791,-8.046
2006,1,1.441,0.647,1.138,3.415,4.451,3.481,1.656,0.305,0.436,-1.357,-4.652,-1.874,-4.105,-1.18,-1.918,-0.67,-6.043
2006,2,1.392,0.254,0.86,2.717,3.843,6.094,4.544,4.99,7.256,5.062,1.887,4.097,2.625,-0.612,0.474,-1.6,1.249
2006,3,2.696,2.293,3.719,4.951,6.756,8.114,4.743,5.287,3.812,-3.856,-6.744,0.259,-4.297,-4.231,-6.512,-1.262,-10.46
2006,4,1.441,0.481,0.582,2.479,4.207,3.838,4.337,9.04,16.844,17.695,9.701,14.395,6.668,0.438,2.45,1.457,0.853
2006,5,0.368,0.553,0.559,5.222,11.187,12.468,14.215,14.28,26.808,27.575,18.469,19.418,15.799,2.031,5.747,2.508,3.908
2006,6,0.55,0.246,0.124,2.605,7.602,8.129,9.297,10.19,20.094,20.072,16.942,16.62,8.338,2.915,1.689,0.311,0.257
2006,7,0.253,0.067,0.022,1.502,4.932,5.651,10.266,8.11,17.093,17.653,10.361,13.315,8.052,2.663,1.528,0.521,0.57
2006,8,0.464,0.107,0.005,0.192,0.522,1.149,2.419,5.8,17.761,22.31,19.851,15.541,14.005,4.071,3.156,1.665,1.598
2006,9,0.678,0.138,0.017,0.321,1.007,1.942,3.838,7.382,15.677,13.892,13.566,8.814,6.806,1.973,0.732,0.401,0.25
2006,10,0.328,0.103,0.014,0.027,0.07,0.179,0.501,0.95,2.139,2.333,3.364,0.494,0.998,1.839,1.135,0.652,0.675
2006,11,0.309,0.103,0.027,0.098,0.993,1.054,1.038,-0.666,0.677,-0.154,-5.647,-3.642,-4.228,-4.083,-2.379,-1.712,-2.711
2006,12,0.344,0.119,0.35,0.807,1.607,2.254,2.567,0.889,2.333,3.015,-4.274,-2.68,-2.841,-3.392,-3.938,-1.215,-7.601
2007,1,0.868,0.711,1.087,1.477,5.16,3.629,8.153,10.952,13.363,15.355,5.763,6.761,7.845,-1.003,1.017,-1.46,-4.803
2007,2,2.24,2.146,1.623,2.989,4.212,9.149,5.647,5.496,14.716,6.728,-1,-5.118,-3.452,-2.786,-2.552,-3.497,-9.937
2007,3,0.888,1.875,2.325,4.795,7.304,18.223,12.33,14.578,26.715,22.986,10.571,12.229,9.448,0.312,0.736,-2.951,-11.121
2007,4,2.011,2.655,3.275,12.497,19.502,22.833,23.681,8.319,25.383,10.471,5.447,3.674,5.214,-2.862,0.717,-1.228,-2.264
2007,5,2.225,1.529,1.435,7.948,11.136,16.997,15.501,18.45,34.307,29.023,24.371,23.924,15.684,3.869,7.923,3.219,4.299
2007,6,1.107,0.854,0.457,5.396,11.338,13.629,17.384,17.082,33.5,22.611,11.321,11.476,5.356,1.267,0.472,0.666,0.648
2007,7,0.521,0.234,0.042,1.12,4.338,4.314,4.095,3.568,12.17,15.993,7.509,9.597,2.41,0.293,0.372,0.041,0.192
2007,8,0.446,0.127,0.013,0.431,1.645,1.963,3.063,1.818,6.951,5.429,4.529,5.246,2.261,0.21,0.327,0.119,0.207
2007,9,0.471,0.264,0.025,0.635,1.431,1.763,1.905,3.738,8.099,9.6,9.144,10.863,5.929,1.01,0.884,0.121,0.038
2007,10,0.824,0.276,0.068,1.256,2.857,2.229,4.133,2.864,4.365,6.305,5.951,5.492,2.989,-0.109,0.262,-0.106,0.013
2007,11,0.513,0.203,0.101,0.392,0.94,3.29,5.27,4.708,9.757,9.899,6.617,5.412,2.95,-0.299,0.562,0.098,-0.55
2007,12,1.455,1.787,1.995,2.792,5.862,1.773,6.3,3.147,6.841,5.29,-0.459,-3.348,-8.81,-8.077,-10.553,-6.743,-11.284
2008,1,0.778,0.851,0.95,-0.05,1.7,-4.58,-6.24,-4.725,0.173,-0.717,-0.729,-2.799,-6.318,-6.47,-5.914,-4.004,-12.934
2008,2,2.412,2.805,2.579,3.766,8.231,11.911,9.267,7.768,15.419,19.584,3.257,4.43,2.376,-5.923,-1.289,2.069,-5.764
2008,3,4.413,3.911,3.871,14.127,23.068,29.658,29.621,14.024,26.171,20.937,5.071,8.546,2.214,-3.172,0.956,3.107,-2.693
2008,4,3.63,3.131,3.223,15.406,29.387,26.687,26.55,13.895,22.793,20.96,9.087,13.328,12.835,-0.449,5.266,1.793,2.626
2008,5,2.42,1.232,1.344,7.59,15.838,22.655,25.757,27.598,40.162,31.84,21.747,25.144,18.511,4.552,10.097,3.901,5.254
2008,6,1.511,0.505,0.428,4.55,13.495,22.76,17.097,22.705,39.454,36.433,21.516,30.522,14.731,5.418,4.376,1.877,3.432
2008,7,0.55,0.182,0.066,0.699,3.564,9.536,5.253,6.544,13.561,13.211,13.607,15.962,14.064,7.738,5.031,2.241,4.367
2008,8,0.403,0.096,0.01,0.119,1.23,2.605,4.026,7.392,15.841,14.167,8.835,6.901,2.752,0.723,0.815,0.135,0.114
2008,9,0.577,0.134,0.012,0.089,0.355,0.371,0.403,0.956,4.644,10.513,14.672,14.96,6.93,2.266,2.087,0.708,0.215
2008,10,0.293,0.141,0.023,0.306,1.036,1.68,2.83,4.574,8.455,8.018,4.456,3.11,0.441,-0.552,-0.438,-0.256,-0.394
2008,11,0.391,0.055,0.052,0.353,1.835,1.559,2.474,0.696,1.164,-0.962,-3.405,-2.858,-3.143,-2.217,-1.025,-0.901,-2.778
2008,12,0.332,0.527,0.269,0.586,2.338,1.83,4.941,1.746,6.34,6.221,3.835,1.911,-0.173,-0.735,-0.92,-0.642,-3.751
2009,1,0.335,0.87,-0.171,-0.15,2.375,2.391,4.812,1.871,5.413,4.769,6.421,4.96,3.361,-2.774,0.529,-0.544,-4.249
2009,2,0.508,0.946,1.209,0.94,0.954,-0.577,-0.651,-1.513,-1.243,-2.469,-7.816,-6.771,-2.006,-2.501,0.501,3.291,-4.328
2009,3,2.096,1.148,1.365,4.53,11.754,12.81,20.156,19.815,26.478,22.132,12.428,8.935,2.479,-2.829,1.458,0.318,-1.181
2009,4,2.869,2.014,1.965,10.755,21.234,23.692,23.403,20.036,27.489,24.908,16.77,23.264,15.406,2.835,5.814,1.627,4.006
2009,5,1.528,1.429,0.755,4.861,9.645,11.23,13.58,17.238,26.164,30.847,11.786,16.019,12.541,1.088,4.815,1.944,0.973
2009,6,1.183,0.605,0.379,1.259,2.317,4.731,5.278,7.954,15.854,16.252,11.335,11.323,5.192,2.898,2.868,0.879,0.514
2009,7,0.518,0.178,0.025,0.411,2.62,4.645,4.909,5.978,13.123,10.678,16.187,14.985,12.565,7.908,4.598,1.39,1.245
2009,8,0.673,0.164,0.02,0.389,1.023,1.628,2.826,3.298,5.684,5.887,6.177,6.607,2.91,1.868,1.492,0.426,0.401
2009,9,0.587,0.126,0.018,0.112,0.84,1.539,1.929,2.805,3.422,3.716,2.58,1.814,1.185,0.011,-0.021,-0.023,-0.003
2009,10,0.46,0.15,0.017,0.299,1.18,2.891,4.359,7.12,9.848,9.259,5.778,4.518,2.425,-0.642,0.008,0.028,-0.035
2009,11,0.482,0.115,0.076,0.65,3.17,4.657,6.714,4.602,7.944,3.961,1.441,0.264,-1.58,-2.649,-1.8,-0.512,-1.619
2009,12,0.513,0.242,0.237,0.178,-1.567,-0.428,-3.65,-0.067,-1.357,-0.468,-5.607,-1.859,-4.011,-5.188,-4.174,-3.092,-8.728
2010,1,-0.044,0.033,0.262,-0.328,-0.305,-0.668,-2.691,-4.034,-2.49,-6.868,-16.158,-13.755,-12.727,-8.368,-9.561,-3.687,-21.08
2010,2,0.946,0.487,0.385,0.558,0.665,1.351,-0.133,-1.401,0.826,1.774,-3.28,-2.039,-7.498,-1.591,-1.632,-1.536,-7.999
2010,3,2.23,1.041,1.225,4.18,7.126,9.572,7.259,5.354,8.798,6.745,0.089,2.204,-3.436,-2.548,-1.151,0.138,-4.772
2010,4,2.729,1.415,1.925,6.638,10.308,10.231,13.229,14.755,20.924,15.751,6.702,7.53,2.418,-1.785,0.72,0.908,-0.796
2010,5,3.915,1.643,1.769,10.441,19.127,21.348,22.709,17.398,18.487,14.504,8.31,8.967,4.001,-0.032,1.197,-0.042,0.257
2010,6,1.497,2.436,2.112,5.337,16.138,16.467,22.481,23.533,31.701,25.298,15.512,14.303,5.926,1.097,0.482,0.207,0.218
2010,7,0.956,0.731,0.592,2.063,4.561,5.647,6.82,13.033,26.393,28.127,34.115,33.695,31.953,15.631,6.774,4.15,4.198
2010,8,0.831,0.508,0.119,2.13,4.92,4.828,7.902,10.554,18.372,19.743,8.127,11.979,9.604,3.376,2.789,2.151,1.634
2010,9,0.647,0.23,0.091,1.078,2.156,3.063,4.013,3.052,5.376,4.93,2.34,3.322,1.384,-0.294,-0.018,0.09,-0.195
2010,10,0.471,0.088,0.046,0.29,0.522,0.742,0.909,2.298,4.444,3.744,1.234,1.116,-0.918,-0.391,-0.035,0.01,-0.006
2010,11,0.359,0.563,0.575,1.082,2.28,3.143,5.625,4.001,6.146,2.766,0.29,-2.269,-2.652,-1.738,-0.99,-0.469,-1.637
2010,12,0.484,-0.655,0.76,0.908,-1.202,-1.748,-3.141,-2.732,-3.95,-7.068,-13.368,-10.566,-11.105,-8.013,-9.392,-3.719,-12.629
2011,1,-0.359,-0.682,-0.425,-0.577,3.252,2.04,5.127,5.171,5.237,4.891,-0.165,1.192,-3.555,-3.669,0.121,-2.586,-6.79
2011,2,0.035,0.111,0.872,0.496,2.293,2.628,6.293,4.748,7.107,4.646,6.243,4.429,1.861,-1.811,1.85,0.394,-0.113
2011,3,3.988,2.038,1.945,3.637,5.525,4.505,1.707,1.375,-1.285,-5.714,-7.931,-6.235,-9.353,-4.081,-8.544,-2.237,-18.572
2011,4,3.675,1.882,1.254,8.363,15.436,12.69,15.664,13.929,16.158,18.525,9.53,12.392,8.747,-0.243,3.24,1.164,1.385
2011,5,2.791,1.317,1.377,10.182,11.44,13.235,15.616,14.716,24.877,18.855,12.032,10.161,7.293,0.064,0.8,0.293,0.643
2011,6,1.106,0.99,0.572,4.109,11.463,11.273,15.948,16.443,26.033,23.744,10.667,12.654,4.386,1.27,0.993,0.421,0.528
2011,7,0.969,0.508,0.086,0.767,3.255,4.658,7.106,6.981,18.616,14.942,10.651,11.677,8.127,4.351,2.693,2.456,3.205
2011,8,0.685,0.335,0.048,0.435,2.315,3.131,6.836,9.161,12.855,9.968,7.511,7.049,2.891,1.781,2.12,1.672,2.445
2011,9,0.5,0.239,0.032,0.158,0.49,0.506,1.963,3.338,4.337,6.5,4.883,4.585,3.489,1.756,0.553,0.448,0.175
2011,10,0.569,0.196,0.071,0.199,0.687,0.681,1.583,1.931,3.399,4.812,4.189,2.451,0.87,0.048,0.011,-0,0
2011,11,0.047,0.16,0.101,0.217,0.799,1.927,1.819,2.864,3.759,-0.91,-2.199,-4.321,-2.089,-2.036,-1.497,-0.766,-3.036
2011,12,0.184,0.128,0.41,0.417,0.385,0.374,-0.691,3.028,11.095,13.709,10.836,10.707,6.272,-0.814,3.266,-1.355,-3.062
2012,1,0.792,0.356,0.956,0.797,2.73,2.501,3.743,2.775,2.599,0.181,-3.409,-8.093,-7.976,-9.346,-10.551,-5.841,-16.877
2012,2,2.21,1.058,2.282,5.572,11.554,13.584,20.011,16.775,20.855,14.829,8.573,10.078,6.224,-1.133,0.562,0.422,-4.101
2012,3,4.719,2.592,3.29,4.823,4.335,1.553,0.814,-3.345,-0.643,-5.401,-7.703,-7.013,-11.123,-11.776,-14.831,-2.306,-16.321
2012,4,2.738,1.955,2.121,7.529,15.102,16.992,11.035,6.392,9.997,4.827,-2.029,-0.496,-4.471,-4.297,-3.867,-0.095,-5.826
2012,5,2.629,1.594,1.425,9.007,21.47,19.663,25.262,17.049,32.041,19.713,21.829,19.385,12.239,2.903,4.752,2.353,1.874
2012,6,1.4,0.862,0.699,3.473,9.777,13.848,18.337,21.78,29.181,20.571,14.485,10.494,5.284,0.478,0.762,0.096,0.013
2012,7,0.919,0.472,0.099,0.892,3.299,4.411,7.178,10.787,17.74,17.58,9.781,9.158,5.111,2.191,2.482,2.439,3.253
2012,8,0.632,0.101,0.007,0.185,2.129,3.354,3.545,5.92,8.836,8.136,6.239,8.189,5.955,2.699,2.375,2.265,2.213
2012,9,0.708,0.123,0.007,0.062,0.742,1.861,2.249,2.728,5.24,8.099,6.69,8.299,7.336,3.731,2.184,1.136,0.711
2012,10,0.631,0.134,0.007,0.015,0.107,0.225,0.418,1.121,1.631,0.023,0.859,1.075,1.793,0.487,0.124,0.372,-0.374
2012,11,0.372,0.114,0.035,0.012,0.107,0.289,0.044,-0.323,-0.22,-1.038,-1.981,-2.504,-2.566,-2.018,-1.172,-1.311,-2.497
2012,12,1.255,0.529,0.279,0.592,1.281,0.931,0.568,1.963,1.887,0.971,-0.3,-1.89,-0.858,-3.342,-1.014,-3.279,-1.914
2013,1,1.646,1.454,2.054,2.521,6.726,6.032,8.218,4.485,7.699,6.167,4.179,2.173,3.357,-2.632,-0.335,1.035,0.557
2013,2,4.537,2.794,2.925,6.513,13.169,13.269,12.899,17.369,21.821,20.15,14.937,12.054,3.905,1.036,-0.963,-1.544,-0.983
2013,3,3.626,1.773,1.966,5.762,10.558,11.219,9.91,12.425,17.677,12.592,7.078,7.215,2.491,-0.126,-1.249,-0.198,-0.373
2013,4,5.065,2.65,3.977,11.62,19.282,21.516,20.3,32.431,41.843,35.214,23.641,22.307,9.357,2.402,1.51,0.554,1.29
2013,5,2.584,1.559,3.862,12.002,15.532,19.902,16.85,16.247,22.949,20.393,11.333,13.796,6.581,3.541,1.952,0.908,0.408
2013,6,2.323,0.816,2.351,6.681,12.393,14.122,11.988,17.219,26.28,26.106,17.242,17.488,8.337,3.411,1.265,0.332,0.6
2013,7,1.378,0.594,0.223,2.135,4.958,5.523,4.963,13.095,22.459,30.687,31.745,28.209,19.317,11.145,3.721,2.176,4.595
2013,8,2.007,0.791,0.33,3.688,4.649,4.636,5.38,8.198,8.687,7.756,3.386,3.819,3.803,2.603,1.599,1.775,0.63
2013,9,1.155,0.338,0.241,3.168,4.754,4.591,3.318,4.421,4.653,3.106,1.633,1.945,1,0.199,0.287,0.358,0.335
2013,10,0.669,0.167,0.015,0.469,2.719,4.358,5.333,8.925,10.806,10.898,6.797,7.658,4.203,1.03,0.287,0.086,0.061
2013,11,0.267,0.119,0.026,0.127,1.579,2.322,4.302,6.477,5.993,4.101,1.646,2.859,1.073,0.617,-0.212,0.354,-0.372
2013,12,0.528,0.48,0.262,0.383,2.71,2.745,5.733,4.754,10.575,11.422,8.657,10.281,7.29,2.57,-0.233,1.835,1.059
2014,1,0.15,0.298,0.128,0.199,1.82,2.328,2.116,-0.488,0.965,2.075,-2.205,0.008,-2.207,-0.089,-3.516,0.917,-2.799
2014,2,1.307,0.754,0.459,1.456,4.954,3.937,2.2,1.321,1.423,-1.275,-3.907,-4.148,-5.834,-3.462,-5.451,-2.175,-6.795
2014,3,2.314,0.642,0.402,1.414,2.158,1.43,0.51,1.956,3.836,6.026,3.573,3.763,1.21,-1.267,-3.749,-1.086,-2.29
2014,4,3.101,1.22,1.524,5.591,10.247,8.401,7.396,9.833,10.452,10.334,7.656,5.544,4.866,0.847,1.109,0.214,0.271
2014,5,1.056,0.406,0.694,5.76,12.828,16.279,15.202,19.9,22.189,16.942,10.033,8.972,4.385,1.069,0.306,-0.079,0.004
2014,6,0.886,0.317,0.206,2.446,8.154,12.466,11.879,20.057,34.233,37.949,34.822,31.011,13.361,5.939,1.656,0.406,1.302
2014,7,0.674,0.169,0.098,0.296,1.102,1.911,3.595,5.973,7.378,8.649,12.861,13.633,7.012,3.687,1.181,0.94,2.376
2014,8,0.775,0.128,0.006,0.159,0.49,0.349,1.809,3.034,11.138,13.026,10.414,9.381,4.811,3.964,1.375,1.133,2.831
2014,9,1.323,0.146,0.003,0.088,0.506,0.216,0.449,1.433,3.164,2.99,2.414,1.343,0.861,0.921,0.265,0.271,0.383
2014,10,0.734,0.064,0.001,0.006,0.118,0.188,0.315,0.281,0.632,0.658,0.422,0.071,0.086,0.02,0.013,-0.005,-0.001
2014,11,0.425,0.096,0.003,0.003,0.062,0.143,0.076,0.035,0.025,0,-0.085,-0.018,-0.003,-0.001,-0.008,-0.03,-0.284
2014,12,0.407,0.088,0.031,0.027,0.219,0.269,0.134,0.151,0.356,0.163,-0.153,-0.248,-0.038,0.005,-0.262,-0.069,-0.83
2015,1,0.078,0.135,0.014,-0.05,0.32,0.521,0.759,0.251,0.416,0.186,0.088,-0.184,0.137,-0.281,-0.297,-0.956,-0.928
2015,2,0.561,0.183,0.033,0.191,0.801,0.702,0.417,0.515,1.166,0.041,0.028,-0.217,-0.004,-0.342,-0.818,-0.545,-0.475
2015,3,0.498,0.172,0.076,0.548,2.416,3.432,3.003,4.182,5.11,4.224,1.768,0.441,0.262,-0.204,-0.031,-0.155,-0.284
2015,4,1.496,0.532,0.607,3.828,12.251,14.897,13.043,21.715,22.211,22.896,14.167,11.253,5.639,1.308,0.779,0.171,0.263
2015,5,1.832,0.88,1.462,5.285,8.873,10.462,9.97,17.522,27.514,26.84,20.892,20.148,8.661,4.55,2.608,1.757,3.238
2015,6,1.034,0.497,0.836,3.96,6.871,6.084,7.399,11.681,17.491,19.7,19.885,22.711,10.975,8.677,5.254,3.452,5.282
2015,7,0.756,0.224,0.158,0.737,1.541,1.832,0.816,3.06,6.59,8.122,4.764,5.68,3.422,3.069,1.792,2.372,1.969
2015,8,0.906,0.172,0.094,0.438,0.422,0.336,1.209,1.651,5.085,4.939,4.161,3.401,2.652,2.588,1.775,1.286,2.832
2015,9,0.761,0.094,0.01,0.057,0.046,0.186,0.76,2.323,4.097,6.1,4.877,3.421,1.979,1.286,0.512,0.512,0.448
2015,10,0.739,0.082,0.002,0,0.021,0.045,0.073,0.311,0.957,1.403,2.26,0.675,0.34,-0.185,-0.166,-0.021,-0.021
2015,11,0.611,0.142,0.008,0.019,0.571,1.107,1.979,1.341,1.766,0.77,0.206,-0.038,-0.048,-0.035,-0.006,0.006,-0.062
2015,12,0.873,0.375,0.146,0.471,1.627,1.875,1.574,0.901,1.275,-0.12,-2.229,-1.972,-2.177,-1.655,-1.42,-1.025,-1.053
2016,1,0.858,0.442,0.221,0.215,0.722,-0.348,-1.7,-1.493,-5.571,-4.844,-8.323,-5.772,-4.345,-3.367,-3.128,-4.033,-5.03
2016,2,0.926,0.595,0.474,0.91,2.278,2.884,2.276,0.686,0.759,0.281,-2.105,-1.567,-2.241,-2.069,-1.985,-1.755,-1.818
2016,3,2.49,0.842,0.358,2.348,5.091,4.437,2.948,2.883,2.094,0.73,-2.775,-3.296,-3.714,-3.393,-2.329,-2.211,-1.694
2016,4,2.469,1.339,3.244,7.229,11.416,13.522,10.087,11.897,13.095,8.872,3.873,4.222,1.637,-0.209,0.405,0.082,0.043
2016,5,2.135,1.209,1.205,4.233,6.247,8.009,5.361,13.788,19.51,23.379,20.675,16.95,9.166,5.72,3.664,1.563,1.866
2016,6,1.174,0.997,2.24,8.108,8.295,10.138,10.508,15.792,19.4,21.131,10.528,10.955,6.42,4.241,2.859,2.534,3.008
2016,7,0.658,0.414,0.805,2.627,5.519,8.12,7.956,15.477,20.05,26.645,23.526,17.314,7.965,4.033,2.387,1.33,1.784
2016,8,0.818,0.158,0.112,0.89,2.135,2.942,2.548,3.982,8.25,10.36,16.543,15.014,7.951,5.064,1.611,0.827,2.654
2016,9,0.739,0.135,0.038,0.322,1.741,2.436,3.532,4.885,10.373,10.732,9.638,8.471,3.276,3.324,2.015,0.713,0.726
2016,10,0.861,0.191,0.026,0.284,1.241,1.251,1.126,0.33,1.013,0.183,-1.476,-1.087,-1.472,-0.612,-0.337,-0.02,-0.024
2016,11,0.424,0.167,0.025,0.229,0.996,1.042,0.663,0.279,0.007,-0.06,-0.125,-0.05,0.003,-0.002,0,0,0
2016,12,0.657,0.45,0.226,0.532,2.206,3.263,3.953,1.971,3.118,2.356,0.903,0.874,0.134,0.239,-0.126,0.062,-0.572
2017,1,0.685,0.37,0.248,0.455,1.005,0.384,-0.972,-0.285,-0.16,0.128,-4.085,-3.708,-2.08,-1.599,-3.904,-1.958,-6.221
2017,2,1.998,1.002,0.637,1.065,2.15,0.53,-1.263,0.645,-1.422,-1.727,-3.794,-5.401,-1.299,-2.811,-1.018,-2.67,-1.326
2017,3,2.01,1.134,0.98,3.465,7.451,7.425,4.604,3.923,3.607,1.66,-2.597,-1.945,-4.394,-3.82,-4.663,-2.794,-3.609
2017,4,4.948,2.156,2.852,9.74,11.675,11.015,7.017,8.157,8.559,7.284,0.051,-0.47,-0.685,-2.077,-2.735,-1.668,-1.831
2017,5,2.237,1.369,3.138,9.801,15.358,17.98,17.217,25,30.684,29.545,17.726,15.811,8.629,3.919,3.911,0.911,1.56
2017,6,2.088,1.169,3.415,7.675,11.423,14.985,11.665,15.916,20.73,18.116,10.237,15.387,8.018,4.416,3.119,1.899,1.965
2017,7,0.792,0.469,0.476,2.656,5.474,8.684,9.757,13.538,24.207,26.437,20.43,21.464,10.673,7.81,1.975,1.342,3.098
2017,8,0.79,0.241,0.308,1.191,2.107,3.545,5.055,2.456,8.977,13.155,11.446,12.377,7.269,4.374,3.799,1.109,2.15
2017,9,0.871,0.226,0.112,0.607,1.137,1.686,0.361,-0.752,6.09,4.558,6.045,5.276,2.566,0.397,1.486,1.235,1.444
2017,10,0.518,0.103,0.01,0.275,1.644,3.125,3.793,6.56,10.005,10.242,4.989,4.686,1.744,1.387,0.583,0.325,0.301
2017,11,0.578,0.221,0.027,0.115,0.553,0.588,0.072,0.154,-0.466,-0.791,-3.137,-3.341,-2.054,-1.685,-1.349,-0.756,-0.939
2017,12,0.125,0.129,0.039,-0.019,1.124,1.679,2.166,2.071,3.236,3.035,1.458,1.353,0.415,-0.036,-0.187,0.257,-0.213
2018,1,0.758,0.393,0.21,0.804,1.643,1.466,0.572,0.458,-0.251,-1.304,-2.003,-2.316,-2.801,-1.655,-3.014,-2.572,-3.667
2018,2,0.668,0.434,0.591,1.911,6.282,7.705,10.367,12.977,17.288,15.83,12.505,9.877,6.238,0.375,1.912,0.861,3.753
2018,3,2.502,1.248,1.073,2.557,1.751,2.09,0.333,0.235,2.576,2.798,0.921,1.213,1.261,-0.648,-0.974,-4.905,-0.204
2018,4,4.755,2.386,2.623,11.26,10.783,9.41,6.526,9.34,11.541,7.421,3.896,1.851,0.259,-1.557,-1.471,-2.009,0.233
2018,5,3.691,1.796,2.701,9.829,14.908,17.212,13.016,19.525,29.461,27.972,20.162,20.616,10.441,4.533,3.672,0.995,1.98
2018,6,1.907,0.619,0.911,7.352,16.756,22.643,18.374,24.909,33.899,30.202,18.507,18.588,6.593,1.741,1.119,0.896,0.381
2018,7,0.514,0.381,1.104,2.906,3.575,6.713,5.462,8.057,17.698,22.898,25.111,22.063,13.384,5.817,3.394,2.014,4.073
2018,8,0.709,0.145,0.08,0.854,2.418,5.471,5.185,7.778,15.679,14.646,9.34,9.23,5.807,3.479,2.248,1.134,2.915
2018,9,0.866,0.163,0.009,0.375,2.347,4.51,5.195,8.627,13.525,12.205,9.102,8.432,1.174,2.221,1.2,0.439,0.252
2018,10,0.287,0.08,0.008,0.065,0.6,1.596,1.588,3.94,4.326,4.418,4.658,3.29,2.17,0.598,0.348,0.303,0.107
2018,11,0.302,0.074,0.008,0.009,0.179,0.685,1.245,1.526,5.091,4.448,2.077,1.331,0.208,-0.51,-0.31,-0.141,-0.245
2018,12,0.716,0.282,0.106,0.527,1.864,2.075,2.201,2.064,2.228,1.376,-0.231,-0.811,-1.479,-1.958,-2.896,-2.185,-2.446
2019,1,0.502,0.27,0.137,-0.022,-0.329,-0.734,-2.422,-1.952,-4.101,-2.924,-5.852,-4.016,-3.253,-1.789,-1.953,-1.985,-2.575
2019,2,1.034,0.732,0.824,1.873,3.287,3.03,0.802,2.285,4.299,2.698,0.807,0.764,1.319,0.044,0.564,0.313,1.892
2019,3,2.677,1.19,1.27,3.248,4.363,4.35,2.459,2.017,2.753,1.896,-0.771,0.499,-0.419,-0.877,-0.124,0.398,-1.141
2019,4,2.168,0.942,1.091,5.17,8.825,11.248,9.829,12.911,20.871,24.324,13.746,13.982,6.354,0.941,0.378,-0.206,-0.124
2019,5,2.134,0.985,1.223,4.732,6.845,7.539,5.25,10.946,17.315,13.901,10.745,19.137,10.101,6.034,2.811,2.421,3.742
2019,6,1.005,0.709,0.549,2.585,5.808,9.716,9.53,16.905,39.943,43.998,34.645,31.58,20,11.673,5.887,3.495,3.473
2019,7,1.259,0.625,0.874,4.001,7.7,13.027,10.202,16.21,27.213,25.436,15.774,12.21,4.681,3.128,1.81,1.069,1.781
2019,8,0.925,0.447,0.271,2.209,4.607,7.168,6.099,3.503,11.442,10.695,11.05,4.968,3.104,2.407,1.34,1.176,1.988
2019,9,0.711,0.173,0.199,0.895,2.353,3.511,2.53,4.293,9.937,8.363,3.685,3.952,1.324,0.548,0.233,0.688,0.429
2019,10,0.51,0.113,0.005,0.351,3.213,4.523,3.718,4.08,6.361,7.783,8.447,9.518,3.634,0.598,0.289,0.093,0.054
2019,11,0.213,0.065,0.015,0.099,0.886,1.805,2.712,3.933,6.422,5.764,4.726,4.137,5.275,3.814,1.233,0.71,0.168
2019,12,0.433,0.161,0.052,0,0.094,-0.176,-2.912,-3.124,-2.968,-5.115,-6.857,-5.715,-4.325,-3.112,-3.52,-2.509,-3.647
2020,1,0.848,0.429,0.276,1.559,4.988,5.265,3.012,1.881,2.827,0.61,-3.517,-1.684,-6.191,-4.463,-9.548,-3.587,-6.119
2020,2,0.775,0.474,0.262,0.949,4.866,8.06,10.199,15.698,22.093,23.609,20.299,14.93,9.14,1.171,0.719,0.02,1.5
2020,3,1.386,0.496,0.412,0.748,1.449,1.706,1.945,4.962,11.349,12.832,8.038,8.051,4.205,2.158,1.31,0.824,0.994
2020,4,2.081,0.74,0.712,4.324,10.93,12.914,9.511,10.482,15.231,12.444,9.149,10.447,7.493,3.84,3.272,3.1,1.958
2020,5,2.641,0.777,1.363,7.407,10.186,11.524,8.226,9.021,16.398,11.816,3.455,5.485,2.893,-0.496,-0.976,-0.358,-0.388
2020,6,1.488,0.545,0.815,3.57,10.328,13.62,12.397,15.51,27.05,26.475,18.512,17.749,10.759,4.471,3.171,0.952,1.173
2020,7,1.379,0.433,0.196,2.035,5.902,10.377,10.41,9.731,21.492,33.425,21.774,26.331,16.015,6.895,6.159,2.183,2.758
2020,8,1.139,0.347,0.344,2.548,5.231,8.067,6.766,7.413,16.289,21.191,21.202,23.965,13.452,6.656,3.848,2.281,2.053
2020,9,0.622,0.127,0.019,0.388,2.48,5.166,3.812,2.113,4.839,1.324,-1.153,2.67,0.481,-1.315,-1.958,-0.646,-0.693
2020,10,0.688,0.078,0.004,0.06,0.649,2.104,2.504,3.201,8.4,12.767,14.471,12.968,3.84,1.991,0.74,0.761,0.295
2020,11,0.626,0.245,0.082,1.122,5.154,5.789,5.507,4.672,7.688,5.213,1.321,-0.25,-0.618,-0.731,-0.81,-0.352,-0.331
2020,12,0.503,0.364,0.282,1.21,4.326,5.717,5.466,4.618,6.203,3.476,0.269,0.236,-1.151,-1.51,-2.891,-0.793,-2.08
2021,1,1.044,0.598,0.73,2.069,5.027,5.795,6.213,3.262,3.997,3.07,-4.048,-4.177,-1.807,-2.584,-4.732,-2.102,-2.999
2021,2,3.316,1.915,1.859,6.091,11.306,12.263,12.283,17.981,22.337,19.548,8.174,5.219,1.672,0.715,-0.721,1.504,1.945
2021,3,3.795,1.96,2.34,7.714,11.913,11.634,11.293,9.242,21.203,17.49,8.621,8.369,2.251,-0.25,-1.81,-0.357,-1.184
2021,4,4.981,2.025,1.615,11.11,17.941,21.3,13.539,16.318,37.21,28.253,22.626,24.28,14.437,8.612,5.576,4.362,3.674
2021,5,3.113,1.574,1.961,9.364,22.294,30.877,27.867,31.506,57.187,45.028,27.397,28.961,15.176,10.731,7.698,5.655,5.191
2021,6,3.193,0.791,1.155,4.457,7.401,11.066,7.158,7.774,25.68,17.574,11.754,11.805,7.691,1.227,2.068,0.768,0.359
2021,7,2.048,0.589,0.844,2.448,3.908,7.315,7.998,14.709,38.577,41.658,31.181,37.651,19.693,9.063,6.991,3.083,3.573
2021,8,0.783,0.409,0.185,1.012,2.308,3.952,3.755,5.816,20.228,26.031,22.897,20.392,10.639,4.578,4.153,2.381,3.069
2021,9,0.69,0.178,0.07,0.642,2.735,2.55,3.895,4.53,9.382,13.166,14.484,14.71,7.11,2.67,1.514,0.44,0.181
2021,10,0.898,0.226,0.053,0.695,2.543,2.951,1.928,2.671,6.241,6.574,1.544,1.127,-0.376,0.166,-0.151,-0.226,0.052
2021,11,0.628,0.217,0.061,0.322,1.605,1.958,1.191,0.358,0.921,0.77,0.468,-0.008,-0.563,-0.48,-0.25,-0.247,-0.196
2021,12,0.523,0.214,0.198,0.617,0.607,0.73,1.026,0.863,-1.476,-2.137,-2.816,-1.543,-1.208,-0.936,-0.54,0.856,1.227
2022,1,0.38,0.32,0.161,0.659,1.815,2.482,2.628,-0.574,-0.337,0.27,0.069,-1.438,-2.128,-4.492,-2.938,-2.026,-1.824
2022,2,1.068,0.59,0.534,1.907,4.616,7.136,7.33,7.653,14.33,19.072,12.803,11.665,9.797,1.503,0.927,-0.202,1.927
2022,3,2.533,1.232,1.402,6.462,12.668,13.222,13.444,13.23,14.988,12.213,6.991,7.416,5.457,-0.336,-1.364,-0.807,-2.262
2022,4,5.841,2.092,4.068,15.016,23.082,25.775,20.307,23.285,30.138,19.04,9.464,6.005,2.058,-2.353,-1.56,-1.571,-1.605
2022,5,5.24,1.757,5.528,17.077,26.35,29.909,32.946,30.518,32.755,22.683,11.773,10.598,6.531,2.721,0.277,1.144,0.058
2022,6,1.951,1.042,3.098,10.682,11.949,18.054,15.702,11.39,19.116,16.151,8.27,10.718,5.646,3.79,1.538,0.584,0.388
2022,7,1.405,0.51,0.852,4.729,6.746,9.105,8.029,6.984,17.777,18.83,16.421,13.01,9.738,7.606,4.773,2.216,2.299
2022,8,0.632,0.178,0.477,3.905,6.095,6.033,5.352,4.835,11.966,8.913,7.878,9.303,3.972,5.731,2.381,3.43,2.078
2022,9,0.837,0.194,0.207,0.924,1.441,2.647,2.918,3.587,7.028,5.917,5.979,7.368,2.156,2.748,1.332,2.374,1.113
2022,10,0.461,0.114,0.013,0.315,2.477,3.85,2.984,6.214,8.392,9.522,4.534,4.603,3.129,2.435,3.386,3.547,1.556
2022,11,0.714,0.253,0.067,1.161,3.436,3.552,3.148,2.286,2.981,2.229,1.672,1.063,-0.019,-0.172,-0.196,0.088,-0.041
2022,12,0.926,0.428,0.225,0.412,1.383,0.785,0.334,-0.953,-1.669,-3.856,-6.841,-7.386,-7.448,-4.488,-6.008,-2.547,-4.555
2023,1,0.443,0.329,0.304,0.239,0.096,0.429,-1.116,-0.875,-1.775,-4.532,-8.661,-8.834,-7.188,-6.657,-4.794,-4.254,-3.514
2023,2,1.371,0.84,1.069,2.109,5.761,6.32,6.468,9.115,13.257,16.572,8.964,6.663,4.686,0.89,0.955,0.65,3.41
2023,3,5.893,2.799,2.475,5.085,7.098,7.575,3.773,6.304,4.83,3.015,-1.21,-1.618,-1.887,-2.061,-0.94,-1.351,2.43
2023,4,7.437,4.814,6.195,18.358,27.371,26.259,17.822,18.852,18.912,11.337,3.9,2.59,0.515,-3.87,-3.595,-5.072,0.145
2023,5,3.926,1.665,2.188,7.251,11.751,12.479,7.26,12.557,23.983,22.863,19.327,18.609,10.769,7.061,4.705,1.581,3.201
2023,6,3.83,1.305,1.296,3.596,5.583,8.753,8.716,10.089,25.376,28.574,27.186,26.639,16.508,11.315,5.414,2.268,2.792
