system:index,2005-04-15_score_stddev,2005-05-15_score_stddev,2005-06-15_score_stddev,2005-07-15_score_stddev,2005-08-15_score_stddev,2006-04-15_score_stddev,2006-05-15_score_stddev,2006-06-15_score_stddev,2006-07-15_score_stddev,2006-08-15_score_stddev,2007-04-15_score_stddev,2007-05-15_score_stddev,2007-06-15_score_stddev,2007-07-15_score_stddev,2007-08-15_score_stddev,2008-04-15_score_stddev,2008-05-15_score_stddev,2008-06-15_score_stddev,2008-07-15_score_stddev,2008-08-15_score_stddev,2009-04-15_score_stddev,2009-05-15_score_stddev,2009-06-15_score_stddev,2009-07-15_score_stddev,2009-08-15_score_stddev,2010-04-15_score_stddev,2010-05-15_score_stddev,2010-06-15_score_stddev,2010-07-15_score_stddev,2010-08-15_score_stddev,2011-04-15_score_stddev,2011-05-15_score_stddev,2011-06-15_score_stddev,2011-07-15_score_stddev,2011-08-15_score_stddev,2012-04-15_score_stddev,2012-05-15_score_stddev,2012-06-15_score_stddev,2012-07-15_score_stddev,2012-08-15_score_stddev,2013-04-15_score_stddev,2013-05-15_score_stddev,2013-06-15_score_stddev,2013-07-15_score_stddev,2013-08-15_score_stddev,2014-04-15_score_stddev,2014-05-15_score_stddev,2014-06-15_score_stddev,2014-07-15_score_stddev,2014-08-15_score_stddev,2015-04-15_score_stddev,2015-05-15_score_stddev,2015-06-15_score_stddev,2015-07-15_score_stddev,2015-08-15_score_stddev,2016-04-15_score_stddev,2016-05-15_score_stddev,2016-06-15_score_stddev,2016-07-15_score_stddev,2016-08-15_score_stddev,2017-04-15_score_stddev,2017-05-15_score_stddev,2017-06-15_score_stddev,2017-07-15_score_stddev,2017-08-15_score_stddev,2018-04-15_score_stddev,2018-05-15_score_stddev,2018-06-15_score_stddev,2018-07-15_score_stddev,2018-08-15_score_stddev,2019-04-15_score_stddev,2019-05-15_score_stddev,2019-06-15_score_stddev,2019-07-15_score_stddev,2019-08-15_score_stddev,2020-04-15_score_stddev,2020-05-15_score_stddev,2020-06-15_score_stddev,2020-07-15_score_stddev,2020-08-15_score_stddev,2021-04-15_score_stddev,2021-05-15_score_stddev,2021-06-15_score_stddev,2021-07-15_score_stddev,2021-08-15_score_stddev,2022-04-15_score_stddev,2022-05-15_score_stddev,2022-06-15_score_stddev,2022-07-15_score_stddev,2022-08-15_score_stddev,id,.geo
0,1218,1005,,1172,985,1540,1406,969,980,982,2006,988,978,954,1162,1051,787,310,,563,523,542,,425,467,701,644,650,500,573,939,,733,618,,445,,373,343,484,547,604,409,421,537,672,697,739,631,887,743,813,,735,857,830,1234,883,1259,958,904,862,,906,1015,1132,1023,1196,,,1400,1320,1479,1528,1502,,1647,,1843,1911,,1526,1432,,1548,1799,1728,1390,1322,,1,"{""type"":""Point"",""coordinates"":[-72.38961280747418,42.31862588301645]}"
1,1051,962,,994,888,1363,1298,1083,1049,982,1969,1154,1163,1080,1247,953,679,283,,573,424,528,,293,369,599,562,554,508,486,665,,572,401,,281,,234,270,528,414,433,244,229,380,487,459,394,283,563,545,506,,420,473,683,529,555,1067,628,745,382,,575,627,901,717,778,,,1207,1210,1386,1279,1309,,1428,,1559,1629,,1324,1257,,1344,1561,1561,1202,1072,,2,"{""type"":""Point"",""coordinates"":[-72.39003642207425,42.318465355378514]}"
2,845,454,,,233,830,878,692,1454,191,803,876,191,186,811,602,305,493,302,293,503,461,,427,429,631,581,719,476,545,573,498,683,460,,380,,593,671,776,501,753,,,684,584,568,740,594,598,906,612,,681,752,1270,1385,854,1293,987,711,443,,348,552,720,615,620,,,976,938,934,1162,1019,,1135,,1212,1249,,1073,1131,,,1056,1045,1061,1136,,3,"{""type"":""Point"",""coordinates"":[-72.37851856405321,42.32352197597313]}"
3,1033,437,,462,344,1036,1158,535,1259,458,1128,989,288,425,1938,657,354,550,243,175,418,471,,401,274,609,605,605,401,356,705,514,814,462,,313,,357,281,674,429,464,387,324,,465,473,718,508,,757,568,,512,611,943,1334,777,803,778,552,524,,611,554,924,731,872,,,1334,1119,1029,1407,1366,,1313,,1615,1656,,1327,1235,,,1550,1486,1230,1310,,4,"{""type"":""Point"",""coordinates"":[-72.37846505484056,42.32151983960013]}"
4,1194,586,598,564,508,1204,1082,879,774,711,1266,1045,688,550,663,736,577,,580,531,873,835,,1011,833,986,923,1021,828,893,991,,908,789,,,,574,647,744,645,889,684,810,873,753,859,1017,779,1004,768,,731,712,878,1547,2202,912,1173,1100,1085,1347,,1103,1223,1341,1108,1403,,,1714,1545,1760,1956,2000,,1978,,2325,2484,,1283,1255,,,1860,1549,1384,1167,,5,"{""type"":""Point"",""coordinates"":[-72.37580743061271,42.31827807313427]}"
5,1186,320,,231,136,985,,810,485,453,1276,357,384,374,544,824,417,795,292,481,455,495,,334,240,602,618,589,,429,726,,640,313,,304,,424,488,546,364,648,416,421,497,437,,1361,354,652,617,683,,713,758,1441,1065,1146,1441,1180,1087,890,,934,969,1154,998,1096,,,1249,1199,1271,2900,1321,,1478,,1673,1705,,1114,1065,,,1201,1380,1063,1032,1033,6,"{""type"":""Point"",""coordinates"":[-72.38739663425062,42.32410165911008]}"
6,1241,756,713,614,561,1011,1197,643,586,452,1122,1210,1299,438,761,564,387,,268,271,469,546,,387,341,663,650,634,395,525,788,,705,443,,,,329,443,662,,434,354,417,505,589,522,495,,740,863,,,608,669,1190,1499,695,1130,961,648,534,,320,579,694,470,547,,,876,715,632,1039,905,,774,,1009,1174,,940,859,,,901,1016,741,615,,7,"{""type"":""Point"",""coordinates"":[-72.37991426268293,42.31930812547762]}"
7,1039,243,,358,315,1094,1545,610,524,457,1339,1275,445,538,786,732,395,,300,335,508,845,,409,400,675,696,588,500,554,677,,949,405,,,,556,475,652,454,640,287,373,434,519,441,448,346,471,,,,483,506,1115,1285,710,759,755,729,546,,465,580,746,693,732,,,809,778,714,818,926,,905,,1024,1233,,994,864,,1032,1108,1059,829,821,,8,"{""type"":""Point"",""coordinates"":[-72.38580473517453,42.31988334951352]}"
8,795,315,,219,209,668,862,158,243,194,709,1166,136,155,770,592,305,322,156,277,379,602,,249,270,705,474,517,350,380,579,511,389,346,,355,,537,532,683,456,732,409,489,554,635,553,,497,674,802,616,,733,678,1243,1341,653,984,868,449,328,,262,194,662,235,219,,,468,309,266,649,421,,321,,415,442,,480,514,,,712,764,636,408,,9,"{""type"":""Point"",""coordinates"":[-72.38163547568956,42.32102933848425]}"
9,1076,489,,404,342,1060,1306,677,686,492,1169,1025,462,426,2027,681,401,501,292,280,561,652,,532,429,724,734,713,428,485,745,578,820,487,,281,,472,508,700,396,624,464,468,,483,470,763,581,,876,522,,489,531,1067,1041,698,858,744,659,462,,603,550,893,615,787,,,1097,925,849,1173,1133,,1144,,1371,1440,,1234,1136,,,1586,1504,1218,1319,,10,"{""type"":""Point"",""coordinates"":[-72.37851856405321,42.321287966345345]}"
0000000000000000000a,1058,1068,751,1518,632,579,600,692,805,788,468,482,1021,522,2227,461,760,1092,869,676,929,1118,1197,431,1229,963,773,1024,892,905,964,,872,697,919,1339,,867,528,,401,505,334,424,397,392,552,652,1282,609,354,,710,371,511,828,559,1016,453,920,762,759,498,1614,765,703,750,542,,672,539,,1727,2390,667,343,726,,811,1247,,507,388,,626,311,337,514,1109,1813,11,"{""type"":""Point"",""coordinates"":[-72.32327922020312,42.319406225700796]}"
0000000000000000000b,785,450,348,350,428,938,914,936,712,547,975,1243,436,537,1215,755,694,,576,532,782,1002,,1034,804,1115,1315,1024,990,1019,909,,1005,851,,460,,629,555,527,457,579,494,465,477,520,580,684,531,1062,572,616,487,520,582,1178,1902,758,909,750,823,1217,,821,751,998,808,1203,,,1365,1305,1608,1820,1696,,1718,,2094,1986,,1143,1210,,,1548,1523,1428,1291,,12,"{""type"":""Point"",""coordinates"":[-72.37718975193927,42.31735949831727]}"
0000000000000000000c,885,549,,465,455,932,1012,1023,627,534,939,1331,379,389,1339,785,741,,623,508,709,1064,,874,886,1071,1395,1952,1074,1064,889,,1104,920,,438,,645,530,653,549,657,735,593,535,596,614,760,640,2608,723,482,376,413,1203,593,1586,577,722,539,732,907,,619,581,727,547,870,,,799,852,1102,1237,1109,,1184,,1428,1217,,912,863,,,1337,1165,905,780,,13,"{""type"":""Point"",""coordinates"":[-72.37763120294356,42.317230184386716]}"
0000000000000000000d,1166,363,270,336,383,1124,740,792,559,556,1447,1122,327,476,813,629,521,,557,445,593,604,,625,564,575,667,657,531,518,484,,689,428,,316,,361,,754,373,536,366,370,422,482,578,788,627,536,714,638,621,546,1396,555,1970,698,675,428,799,978,,874,774,816,619,1048,,,947,1282,1245,1414,1298,,1185,,1520,1402,,680,745,,,924,822,636,581,,14,"{""type"":""Point"",""coordinates"":[-72.37682410565289,42.31629823226655]}"
0000000000000000000e,924,847,334,1453,1275,219,266,865,990,491,308,802,1300,447,622,410,473,1245,494,493,608,519,742,497,717,624,387,1580,1071,566,658,956,1024,597,483,615,,724,335,507,797,450,748,639,671,536,614,614,455,508,423,574,2911,235,513,772,484,817,478,237,479,627,644,505,714,1122,307,598,,366,572,598,607,719,582,413,623,,758,657,,383,353,,401,529,467,2207,679,686,15,"{""type"":""Point"",""coordinates"":[-72.30206281739082,42.316489973611844]}"
0000000000000000000f,884,465,,381,313,745,1128,267,553,200,904,1146,190,271,1220,556,287,,241,215,370,401,,279,236,750,502,414,314,411,454,,662,296,,,,458,467,651,404,532,239,350,445,494,419,205,289,429,610,,,532,514,877,1204,505,838,685,387,233,,219,271,517,371,318,,,646,610,455,1540,618,,688,,778,738,,650,572,,631,449,488,482,464,,16,"{""type"":""Point"",""coordinates"":[-72.38244703208129,42.319539998732395]}"
10,954,749,,775,645,1218,1244,867,869,828,1592,952,892,817,882,929,451,233,444,541,492,429,,380,444,675,662,609,457,550,805,,758,553,,437,,459,,566,534,666,441,431,513,619,636,755,654,787,726,805,,715,710,916,1546,879,1218,988,857,777,,846,903,929,848,1026,,,983,932,1227,1012,1049,,1152,,1266,1398,,1181,1083,,1206,1236,1398,960,934,,17,"{""type"":""Point"",""coordinates"":[-72.38870760996032,42.31781878572577]}"
11,976,973,,673,501,1275,1181,924,886,741,1715,982,1140,938,874,970,458,190,554,511,364,368,,249,267,528,582,489,470,354,615,,502,422,,275,,402,,504,345,829,300,243,320,356,357,2008,395,304,414,435,,394,384,621,1512,673,1221,593,761,563,,678,727,753,679,851,,,846,815,1331,932,955,,905,,1101,1200,,935,919,,953,1237,1346,944,1038,,18,"{""type"":""Point"",""coordinates"":[-72.38921148837936,42.31780540842261]}"
12,1151,479,442,527,462,859,1393,764,420,364,704,1013,621,743,506,496,552,963,708,561,544,551,,582,532,573,665,763,576,675,504,,484,443,,365,,442,634,745,415,651,273,481,,507,625,,519,588,797,680,474,470,557,1247,281,433,425,515,713,1043,,969,746,835,687,1242,,,890,944,1359,1471,1366,,1056,,1278,1210,,1180,1127,,936,1775,1588,1630,1603,,19,"{""type"":""Point"",""coordinates"":[-72.37071067810862,42.32046303265047]}"
13,1295,817,790,868,785,619,713,564,492,408,468,615,2498,1985,767,476,704,4389,907,2569,633,569,,658,649,550,749,574,568,676,412,,553,721,1222,1422,,574,613,1072,,517,237,466,507,455,450,367,,444,687,516,370,464,513,1230,594,634,1988,600,720,1259,,948,697,903,532,1109,,,1003,698,1152,1257,1152,,839,,1151,1132,,812,791,,,1129,1119,1076,1056,,20,"{""type"":""Point"",""coordinates"":[-72.37066608709809,42.31852332369221]}"
14,677,719,587,544,490,527,854,653,613,278,2198,1030,677,460,583,525,2378,3508,307,315,,2416,,726,253,1335,488,560,495,606,715,,610,310,893,2718,,551,,851,441,473,265,306,406,465,466,467,386,922,952,535,455,549,727,1337,629,565,1684,776,825,1435,,851,742,928,717,1186,,,,,1456,1486,1345,,1202,,1485,1453,,1468,1265,,,2037,1784,1584,1342,,21,"{""type"":""Point"",""coordinates"":[-72.37057690507702,42.314804433413634]}"
15,986,546,,,645,1242,1259,727,720,743,1495,701,676,687,845,754,456,390,303,367,688,639,,470,529,826,780,772,601,642,853,,697,585,647,471,,688,640,827,495,777,523,560,615,536,,600,509,506,668,694,,609,,1544,1992,892,1173,837,713,503,,663,641,858,711,893,,,1142,852,1016,1176,1079,,1025,,1309,,,932,931,,,1365,1405,1158,1243,,22,"{""type"":""Point"",""coordinates"":[-72.38824832255182,42.31599501339491]}"
16,1075,429,,345,417,1282,1295,628,568,634,1427,632,531,563,799,711,447,427,452,330,673,647,,565,546,859,813,863,642,651,846,,889,668,,465,,506,560,666,524,737,456,574,655,589,,841,715,848,697,846,,712,884,1900,1812,912,1159,925,838,732,,715,765,895,906,986,,,1007,937,1129,1175,1062,,1242,,1446,1322,,882,931,,913,1592,1244,1053,1003,,23,"{""type"":""Point"",""coordinates"":[-72.38511357451125,42.31532614823689]}"
17,852,492,,693,510,1104,983,693,719,500,1411,772,767,556,709,777,329,508,382,434,403,359,,427,255,507,610,500,,425,597,,472,369,423,254,,275,370,751,393,468,356,374,361,482,,1697,386,334,522,478,,530,,1005,1619,788,860,694,735,545,,648,681,737,716,805,,,,639,950,898,750,,820,,1038,,,718,790,,,899,1110,704,791,,24,"{""type"":""Point"",""coordinates"":[-72.38993386275003,42.315754221938015]}"
18,1023,688,,551,608,1408,1206,880,765,765,1451,875,835,839,985,768,519,640,,511,853,784,,787,751,963,898,889,793,807,799,,693,665,697,479,,650,713,946,481,737,598,629,695,548,,1936,626,659,624,813,704,673,,1282,1940,933,1070,1076,981,902,,862,968,1097,1106,1163,,,1256,997,1202,1360,1336,,1274,,1683,1730,,1159,1132,,,1415,1358,1191,1044,,25,"{""type"":""Point"",""coordinates"":[-72.39225705439887,42.315357361944265]}"
19,1133,648,,326,446,1386,1340,779,700,695,1442,765,732,553,881,646,443,631,450,357,674,732,,797,576,881,803,925,669,666,862,,892,658,617,621,,738,733,967,768,1031,790,860,1305,895,975,989,962,990,889,967,,873,,1449,2562,1070,1197,1177,1031,1244,,859,997,1089,1064,1132,,,,931,1030,1368,1210,,1112,,1469,1566,,1095,1041,,,1510,1233,1006,922,,26,"{""type"":""Point"",""coordinates"":[-72.38976887601105,42.31333738916705]}"
0000000000000000001a,1013,349,,304,383,1036,1144,522,1083,535,1179,545,511,485,1101,698,376,321,405,291,,536,,424,451,862,654,879,615,698,929,,739,657,,579,,657,483,707,723,926,638,628,690,883,937,,800,841,869,750,585,621,712,1276,957,853,1204,879,775,951,,838,754,991,687,1137,,,,1021,1453,1734,1625,,1305,,1734,1753,,953,774,,813,1620,1303,1009,1001,,27,"{""type"":""Point"",""coordinates"":[-72.37719867014138,42.311433353017236]}"
0000000000000000001b,1024,468,,342,376,889,640,492,474,395,1006,812,270,535,519,551,441,,240,349,,561,,519,418,712,686,714,430,572,784,,507,441,521,,,616,683,794,601,761,499,635,698,715,771,787,697,827,666,,531,604,655,778,790,713,2016,890,766,1336,431,575,699,920,683,855,,1019,1068,875,1022,1255,1241,,1116,,1434,1525,,1154,1081,,1080,1416,1202,1114,1063,,28,"{""type"":""Point"",""coordinates"":[-72.38018180874614,42.30995739056854]}"
0000000000000000001c,1009,537,,479,658,1304,1316,702,962,943,1092,1501,917,1087,1240,1009,802,734,,712,,1110,,921,1010,1397,1614,1360,1284,1339,1288,,1212,1024,,641,,754,653,,827,998,802,798,852,1055,1153,979,1046,1116,1060,989,4409,823,956,1545,803,598,1428,609,612,1544,776,530,1405,521,460,605,,783,,689,846,982,1027,,865,,1245,1306,,885,894,,934,1462,1171,882,803,,29,"{""type"":""Point"",""coordinates"":[-72.37793888091626,42.308508182726165]}"
0000000000000000001d,963,494,408,,315,817,850,742,368,298,729,991,458,405,848,616,695,,500,492,,729,,512,580,670,769,801,521,591,500,,641,503,,392,,690,679,921,346,411,226,,405,365,313,473,368,380,634,413,439,476,503,1172,2057,565,1754,625,936,817,,1013,791,885,620,1068,,,1000,,1266,1394,1268,,978,,1363,1311,,1137,954,,,1822,1535,1044,844,,30,"{""type"":""Point"",""coordinates"":[-72.37496020141255,42.314251504883]}"
0000000000000000001e,813,436,447,304,162,791,535,754,592,236,815,935,440,432,508,564,519,,364,343,,557,,509,446,653,814,795,,488,664,,745,498,,326,,506,562,944,437,549,412,481,524,520,,736,589,611,790,609,,558,617,1270,798,745,1673,626,906,586,,1247,970,916,751,1414,,,1066,,1672,1848,1541,,1212,,1653,1518,,1191,1045,,833,2062,1500,1295,1095,,31,"{""type"":""Point"",""coordinates"":[-72.3750984335452,42.313761003767134]}"
0000000000000000001f,765,301,311,252,132,801,834,656,423,229,878,1098,484,361,404,630,547,,351,380,,547,,552,442,629,671,811,412,578,611,,569,434,,324,,524,544,809,419,491,359,403,443,488,,600,487,509,744,536,,540,605,1199,904,769,1773,648,913,542,,1081,832,751,521,1024,,,813,,1220,1643,1133,,858,,1293,1125,,1016,889,,704,1696,1230,1242,1102,,32,"{""type"":""Point"",""coordinates"":[-72.37471940995566,42.31368965815029]}"
20,1031,442,,630,425,1049,458,773,712,306,1054,1331,795,1124,1174,486,639,1206,866,766,,496,,499,470,632,688,759,482,577,614,,563,404,,421,,479,433,803,528,805,640,608,649,653,,1064,842,715,566,653,635,526,619,880,2461,811,760,773,653,735,,836,880,899,902,1033,,,1141,947,1283,1270,1235,,1150,,1428,1439,,1265,1244,,1074,1946,1679,1638,1484,,33,"{""type"":""Point"",""coordinates"":[-72.37716745643401,42.31327942085337]}"
21,1171,498,,471,571,1545,1340,772,751,948,1711,713,681,589,1051,874,446,375,1617,416,,699,,570,579,933,767,879,654,753,905,,689,599,,568,,692,703,786,717,954,672,776,828,888,1008,,942,995,917,885,764,759,828,911,2520,941,984,974,883,1505,,673,742,958,966,1021,,,1103,1000,1164,1320,1324,,1269,,1556,1666,,1094,1011,,1154,1596,1226,1064,950,,34,"{""type"":""Point"",""coordinates"":[-72.38102903794629,42.31174103098992]}"
22,983,423,,628,543,1201,1068,812,816,820,1482,793,655,748,804,736,500,447,314,494,,731,,608,585,994,853,885,630,752,1137,,866,731,776,,,735,766,,862,1128,826,941,1042,1092,1195,1292,1137,1298,846,,923,919,1045,993,1214,1000,2243,1218,962,1111,746,727,854,1017,959,1089,,,,1160,1141,1299,1354,,1328,,1565,1708,,1340,1221,,1347,1225,1155,941,1005,,35,"{""type"":""Point"",""coordinates"":[-72.38133225681794,42.30987712674958]}"
23,1014,530,,435,423,1238,961,943,865,589,1276,1229,710,699,859,741,564,788,804,472,,610,,584,627,746,737,906,584,648,591,,575,496,,490,,596,658,863,543,741,527,663,,684,724,,737,,845,562,494,532,572,1133,551,668,1115,709,721,1029,,770,649,652,438,661,,,,591,962,1081,1031,,740,,1177,1125,,789,645,,679,1217,949,793,865,,36,"{""type"":""Point"",""coordinates"":[-72.37586093982534,42.31180791750573]}"
24,1074,413,,415,379,1149,883,450,753,651,1348,487,485,364,837,685,320,651,555,315,,374,,403,468,448,318,593,447,466,492,,283,345,,256,,465,406,819,398,648,377,434,1740,472,428,,403,389,1687,421,522,657,451,1137,875,846,1991,740,885,636,,900,566,546,440,662,,,,467,970,1356,847,,696,,1110,1010,,596,573,,599,727,719,548,734,,37,"{""type"":""Point"",""coordinates"":[-72.37592336724009,42.311121215943494]}"
25,596,614,156,213,190,431,502,567,524,197,317,924,320,491,528,451,679,429,337,333,,638,,320,323,505,475,540,732,388,492,,496,835,,,,674,592,,461,457,230,277,307,402,377,,456,407,1835,,,465,461,625,1136,697,1648,556,473,660,,700,596,288,207,222,,,,204,715,336,225,,384,,311,,,275,499,,373,390,689,1229,3337,,38,"{""type"":""Point"",""coordinates"":[-72.37490669219991,42.3088114015978]}"
26,1003,405,,356,476,1238,905,779,891,761,1328,470,577,560,564,607,246,453,211,210,393,314,,345,344,668,555,484,399,421,828,,679,578,351,556,,339,,479,651,674,556,427,490,710,733,1628,686,748,711,750,839,729,792,682,2485,995,1997,993,886,1151,,954,1053,963,1010,1187,,,,,1081,1082,1075,1257,1135,,1359,1434,,892,875,,834,1066,1003,797,811,,39,"{""type"":""Point"",""coordinates"":[-72.38407014486474,42.30820942295559]}"
27,760,552,940,854,572,597,778,1065,1186,712,551,1024,2470,1870,1376,490,1165,4481,918,1060,,592,,609,574,442,415,467,504,466,520,,543,303,,361,,366,393,478,,148,1043,123,378,209,197,,,110,585,301,,192,172,634,1037,424,1902,144,558,485,,359,376,403,224,326,,,,416,528,522,517,,464,,573,,,653,754,,637,806,938,1014,1857,,40,"{""type"":""Point"",""coordinates"":[-72.37284212841216,42.30972105821271]}"
28,709,260,,321,364,807,1055,596,479,443,975,834,593,633,673,614,520,,457,462,546,618,,597,492,730,935,756,821,641,521,,574,672,478,,,379,332,328,638,547,235,287,392,392,299,645,285,288,467,,217,400,,1030,1115,639,492,500,609,938,,239,1096,694,267,446,,630,756,345,742,1530,868,,551,,748,872,,851,733,,997,1118,1122,1033,892,793,41,"{""type"":""Point"",""coordinates"":[-72.38482819204383,42.39136719850131]}"
29,712,391,,412,553,968,1237,746,607,481,961,981,586,621,927,640,583,614,,461,577,736,,701,534,740,1031,866,700,707,446,,597,841,484,,,510,492,,572,415,618,385,416,622,458,686,446,426,776,,333,547,756,1395,1040,603,683,881,647,789,,142,270,763,191,376,,580,,353,827,707,788,,454,,719,831,,786,622,,838,1033,968,868,788,732,42,"{""type"":""Point"",""coordinates"":[-72.38562637113239,42.39123788457076]}"
0000000000000000002a,719,410,,413,415,958,1274,785,981,489,1030,939,658,714,831,714,607,605,,524,635,676,,721,599,831,967,846,760,794,540,,593,804,499,,,480,491,575,606,470,388,349,460,474,375,604,398,391,606,,267,411,480,1237,1168,534,581,756,736,949,,229,478,837,254,454,,753,,393,769,957,948,,610,,867,1022,,933,776,,1063,1175,1084,946,892,825,43,"{""type"":""Point"",""coordinates"":[-72.38519829743126,42.39117099805495]}"
0000000000000000002b,394,213,,,303,608,1178,426,386,350,879,1109,409,1070,633,680,548,,,476,398,1003,,403,452,448,1094,490,,519,521,,405,485,465,102,,383,,705,388,184,262,222,301,490,370,633,247,399,763,314,215,382,560,683,890,422,534,603,590,213,,288,626,614,352,357,,487,651,600,562,,712,,846,,1028,1062,,833,799,,,1256,1065,1039,913,,44,"{""type"":""Point"",""coordinates"":[-72.39141874340082,42.38981989043576]}"
0000000000000000002c,1011,175,,,171,1079,1024,325,534,317,1151,955,248,817,490,794,500,,,385,778,820,,415,386,609,903,524,,516,373,,343,747,503,178,,453,,757,366,748,919,168,205,418,324,459,236,306,536,275,200,288,319,782,800,336,702,374,669,391,,684,326,393,177,293,,261,283,309,282,,341,,373,,478,573,,470,475,,,556,543,1042,708,,45,"{""type"":""Point"",""coordinates"":[-72.39266283259475,42.38949883515991]}"
0000000000000000002d,767,684,,550,703,638,1266,401,309,361,878,896,378,440,566,491,592,1330,,455,392,1352,,437,482,405,1323,686,,770,528,,451,517,620,177,,581,922,817,493,593,621,584,603,302,298,586,433,353,514,298,276,479,684,666,1056,521,652,819,459,268,,237,1897,709,502,535,,599,,835,831,892,943,,996,,1064,1102,,1028,944,,,1375,1180,922,1010,,46,"{""type"":""Point"",""coordinates"":[-72.39053138229119,42.39020783222741]}"
0000000000000000002e,767,684,,550,703,638,1266,401,309,361,878,896,378,440,566,491,592,1330,,455,392,1352,,437,482,405,1323,686,,770,528,,451,517,620,177,,581,922,817,493,593,621,584,603,302,298,586,433,353,514,298,276,479,684,666,1056,521,652,819,459,268,,237,1897,709,502,535,,599,,835,831,892,943,,996,,1064,1102,,1028,944,,,1375,1180,922,1010,,47,"{""type"":""Point"",""coordinates"":[-72.39053138229119,42.39020783222741]}"
0000000000000000002f,951,359,,494,568,751,634,504,498,480,871,1005,699,411,447,461,603,1353,,367,269,757,,136,256,357,957,658,,505,295,,423,946,573,400,,689,922,880,599,726,1249,,827,677,552,507,532,615,990,693,427,804,944,1228,1085,659,1803,1018,503,192,,322,407,524,345,334,,455,,508,393,714,679,,515,,742,810,,564,486,,,1201,879,717,756,,48,"{""type"":""Point"",""coordinates"":[-72.38929175219833,42.38832163248181]}"
30,946,336,,184,449,1183,727,543,448,497,1713,1009,552,594,727,851,514,742,,438,484,887,,231,818,161,872,869,378,568,214,,928,631,317,106,,441,567,1017,448,439,378,,474,350,203,938,340,378,368,171,119,361,414,800,182,299,294,453,489,396,,512,244,611,312,338,,358,,458,651,538,472,,502,,536,492,,650,706,,637,1288,940,1007,1078,937,49,"{""type"":""Point"",""coordinates"":[-72.38271011904344,42.387652767323786]}"
31,640,445,,187,336,702,560,496,395,368,1240,911,522,734,777,776,630,833,,591,551,1024,,443,914,495,1101,472,760,762,437,,859,929,508,117,,446,601,1040,474,544,363,,567,351,228,1046,324,297,423,249,132,353,417,934,294,327,811,441,510,703,,461,283,514,322,287,,328,,449,522,532,513,,529,,606,581,,659,690,,621,1190,954,947,913,839,50,"{""type"":""Point"",""coordinates"":[-72.38272795544765,42.387438730473214]}"
32,707,220,,274,493,495,320,387,,174,635,622,369,419,558,688,486,827,,598,580,1021,,453,1004,427,1019,1070,,863,484,,737,868,760,127,,462,720,999,636,536,458,,636,531,440,552,600,594,674,633,724,786,664,1079,692,739,674,728,857,1117,,589,609,379,243,243,,282,,265,287,441,383,,239,,571,497,,413,339,,485,918,721,404,412,451,51,"{""type"":""Point"",""coordinates"":[-72.3829821242077,42.38687242463944]}"
33,915,532,,283,381,870,659,372,,464,1284,1001,400,411,618,571,545,1249,,477,295,1327,,486,1000,616,1274,815,,776,582,,670,886,667,177,,501,697,912,683,517,340,475,560,523,,571,370,671,638,532,577,511,453,1165,1613,657,572,696,968,642,,643,616,579,321,457,,371,,386,504,448,459,,281,,493,534,,493,403,,565,1255,1009,757,566,606,52,"{""type"":""Point"",""coordinates"":[-72.38449375946482,42.386876883740484]}"
34,1074,469,377,394,459,1259,854,488,581,564,1532,662,509,671,785,947,376,661,,349,446,,,334,282,501,493,409,,471,438,981,381,885,544,374,,509,1059,768,567,641,790,848,780,520,372,2597,834,607,793,434,381,976,897,1128,571,624,827,807,599,337,,480,418,738,319,307,,477,,302,297,474,575,,323,,650,732,,593,468,,,1189,920,670,417,,53,"{""type"":""Point"",""coordinates"":[-72.38725840211795,42.385454430504446]}"
35,739,180,210,180,434,637,412,338,,304,823,746,235,551,355,353,472,844,,356,226,966,,477,784,367,995,387,,658,440,,552,768,553,160,,565,679,1276,604,630,548,619,618,575,,971,505,598,748,582,487,732,,1174,1523,728,746,830,681,440,,451,478,664,242,160,,353,328,123,443,264,265,,473,,293,325,,864,865,,769,1304,1092,1015,1083,886,54,"{""type"":""Point"",""coordinates"":[-72.37861666427638,42.38574873117396]}"
36,1292,212,333,139,615,1191,982,294,214,370,1360,551,245,774,131,875,345,613,,275,484,475,,580,423,540,632,540,,501,495,,337,755,398,166,,551,884,1536,627,626,590,674,660,549,,901,510,538,928,493,498,822,759,1307,1252,875,835,840,840,430,,418,659,707,245,235,,487,522,316,272,977,513,,411,,359,395,,866,707,,741,1259,1108,906,852,,55,"{""type"":""Point"",""coordinates"":[-72.37747959350774,42.38529836196756]}"
37,689,358,,385,513,787,949,566,668,804,959,891,782,884,1038,759,1549,1563,1192,1445,1993,1660,,1636,2168,2253,1804,1666,3150,3154,1414,1698,1676,2640,3933,2975,,362,329,518,854,624,1245,484,622,741,704,843,724,791,908,427,518,532,563,614,546,555,500,537,486,616,,719,1829,507,514,484,,564,763,,525,627,638,,579,,723,773,,839,701,,797,966,1207,944,2430,826,56,"{""type"":""Point"",""coordinates"":[-72.3423597136108,42.377419130406125]}"
38,1023,694,326,469,2310,1161,857,589,843,2068,1114,332,322,476,637,483,1890,782,677,782,2264,1496,,438,998,1680,882,1035,1121,1481,2026,,1488,1490,1758,2111,,732,623,611,648,672,980,604,691,561,581,670,451,447,687,502,384,418,535,1024,610,653,642,683,543,224,3480,880,714,567,249,389,,451,348,156,274,453,436,3073,154,,450,523,,420,408,,340,608,593,643,854,331,57,"{""type"":""Point"",""coordinates"":[-72.33245159107005,42.375568603468956]}"
39,1112,750,,1606,1029,1013,640,415,585,440,814,449,397,332,436,348,767,2774,405,640,442,396,,494,316,1144,556,1264,990,870,1452,,1127,922,1591,238,,632,686,559,512,628,718,,602,462,,661,809,500,746,537,,591,1470,1151,629,672,904,649,512,256,4576,744,786,727,451,899,,819,650,661,1046,1111,960,3326,824,,1094,998,,1280,1075,,1090,1842,1438,1512,1407,1193,58,"{""type"":""Point"",""coordinates"":[-72.32989206706537,42.36980744490789]}"
0000000000000000003a,766,862,,713,835,575,652,668,1548,713,971,1507,1470,901,1336,1427,2068,2202,,1067,1820,3128,,1529,1009,2099,2994,3095,1310,1503,1174,1254,982,1135,1131,805,,1222,1057,1692,828,943,1486,1571,2022,587,593,979,953,865,329,441,529,763,1199,308,157,762,576,743,407,369,453,445,783,938,373,1405,517,630,405,453,617,616,533,520,546,671,507,594,,604,650,619,271,361,574,283,266,264,59,"{""type"":""Point"",""coordinates"":[-72.13294695083783,42.36970934468472]}"
0000000000000000003b,768,902,458,715,2090,729,950,661,732,568,990,491,387,438,794,408,1209,1080,601,621,1816,1337,,782,639,1468,923,808,735,1078,1604,,1346,815,967,1324,,474,609,685,442,744,1700,663,807,609,713,767,666,1007,662,567,,358,372,950,581,389,438,387,467,653,998,1321,929,776,652,1067,,853,653,968,1348,1263,1173,1385,1125,,1243,1147,,1153,889,,965,2122,1685,1257,1325,961,60,"{""type"":""Point"",""coordinates"":[-72.33077050997291,42.37496216572568]}"
0000000000000000003c,748,809,552,743,1723,820,1188,690,862,967,790,591,432,518,919,375,686,1055,650,462,1061,779,,471,919,1292,999,1019,1463,1497,1042,,2260,1260,1556,1225,,479,383,383,443,493,663,432,505,664,576,781,556,756,655,,722,443,406,839,316,540,347,266,469,508,2230,423,270,465,451,425,,488,395,560,689,728,692,954,457,,602,657,,1065,941,,1108,1724,1448,1129,952,1040,61,"{""type"":""Point"",""coordinates"":[-72.3309622513182,42.37444936910454]}"
0000000000000000003d,852,911,470,521,1201,767,1207,654,719,914,711,472,310,494,778,509,811,631,737,537,402,685,,556,879,882,1007,1108,1128,1443,667,472,1350,1221,1662,508,,724,577,,550,429,433,299,332,523,331,556,316,282,635,,,383,385,824,416,661,539,527,534,482,,479,531,526,368,425,,480,346,538,559,589,553,3966,436,,493,533,,784,531,,506,1522,1153,920,829,720,62,"{""type"":""Point"",""coordinates"":[-72.32964235740639,42.373949949786535]}"
0000000000000000003e,564,396,,503,745,647,659,501,734,1506,494,538,452,448,659,460,1146,1319,494,578,507,1069,,815,909,1479,804,1185,1831,1492,968,,1364,1385,1302,1911,,508,398,,1231,385,323,368,416,473,437,803,619,468,456,,,447,467,810,491,588,643,575,462,786,,850,914,405,243,467,,413,311,364,488,485,420,,469,,569,474,,582,559,,460,1049,935,914,1014,706,63,"{""type"":""Point"",""coordinates"":[-72.33328098386599,42.374311136971876]}"
0000000000000000003f,873,596,,714,985,710,652,654,744,1297,439,428,603,469,537,682,1242,1343,858,1026,777,767,,1145,1622,1272,903,1556,1520,1702,1151,,1752,1631,2065,2255,,727,536,,598,420,517,325,386,438,435,592,445,463,428,,,305,360,773,324,568,409,452,336,745,3594,652,643,459,230,301,,389,350,347,439,471,486,,447,,570,591,,648,652,,630,1089,825,795,792,634,64,"{""type"":""Point"",""coordinates"":[-72.3347078962031,42.37437802348768]}"
40,640,400,,448,2743,582,662,531,743,2803,451,517,461,367,463,526,1506,1136,596,811,1072,940,,1140,397,1280,823,1229,1182,1765,1289,,1321,1283,1788,2422,,577,454,,650,407,286,290,460,527,495,687,430,490,578,491,,409,485,850,568,538,542,591,405,660,1909,658,413,367,240,230,,261,264,320,308,319,328,,438,,422,434,,426,382,,309,959,657,665,745,422,65,"{""type"":""Point"",""coordinates"":[-72.33415050857141,42.373949949786535]}"
41,1351,678,,,989,1188,914,839,838,947,1560,465,1592,426,457,487,635,2966,1284,2007,1184,1169,,2439,1226,934,1285,942,1102,1325,542,857,1079,1708,701,607,,625,,773,899,851,1027,778,839,1023,972,1045,877,864,1772,684,587,561,637,887,1119,862,949,977,1144,1404,,1133,1327,1268,1092,1221,,1479,1315,1230,1407,1471,1527,,1536,,1754,1873,,1731,1648,,1896,1800,1640,1613,1531,,66,"{""type"":""Point"",""coordinates"":[-72.3464130364684,42.37343269406434]}"
42,1614,1002,,1077,1216,1123,2125,844,842,956,1480,486,1400,1593,940,870,2684,2527,1189,1958,2509,846,,1278,1006,901,1038,1141,1006,1020,733,667,829,1995,755,,,700,734,705,591,652,564,650,754,595,646,826,727,705,739,710,715,689,687,925,1186,925,1012,858,882,1139,,1019,1041,1149,921,1086,,1223,1399,1241,1344,1433,1480,,1523,,1738,1808,,1670,1523,,1778,1797,1896,1650,1583,,67,"{""type"":""Point"",""coordinates"":[-72.34700163780747,42.375711294702654]}"
43,1412,931,,690,973,709,696,263,275,611,759,799,438,732,806,544,1006,953,512,787,929,2533,,622,518,2673,779,765,834,1237,665,561,2135,1282,1820,3951,,519,540,,1028,334,311,282,304,495,423,655,354,370,1196,453,438,424,486,838,757,470,553,596,408,465,,575,895,707,393,363,,586,886,707,615,814,894,,764,,999,1082,,938,891,,990,894,1400,955,1016,,68,"{""type"":""Point"",""coordinates"":[-72.34158383002752,42.374997838534114]}"
44,1135,811,,977,977,656,659,450,473,693,756,977,593,661,1225,771,1152,738,815,1093,1384,2950,,1195,1509,2773,2561,1297,1478,2026,1700,1889,1856,2012,2489,2937,,475,521,524,736,672,1031,597,720,859,975,845,660,679,904,441,429,424,547,590,567,455,520,430,416,742,,588,891,698,372,541,,739,994,666,738,990,1011,,847,,1243,1245,,1146,992,,1236,1181,1092,983,924,,69,"{""type"":""Point"",""coordinates"":[-72.34239092731818,42.37428884146661]}"
45,1797,1394,,1126,1211,1597,1604,1490,1337,1419,1263,962,758,815,1137,709,1223,847,557,1497,668,1870,,809,1126,1358,1409,1018,1044,2521,1634,1492,2014,2436,4018,663,,529,541,822,976,870,1505,798,995,1190,1100,1172,1030,1127,1540,805,783,728,1095,961,874,775,835,797,1095,1040,,1104,1205,1214,1021,1160,,1268,1445,1282,1366,1570,1485,,1642,,1985,1845,,1622,1656,,1700,1245,1341,1305,1257,,70,"{""type"":""Point"",""coordinates"":[-72.34422361785116,42.37436910528557]}"
46,1238,1016,,342,631,1128,,681,570,826,828,1018,514,521,889,724,1307,514,404,853,622,1104,,744,594,1766,1247,904,,1510,1503,1005,1739,896,1807,236,,561,632,606,349,643,915,,667,345,,373,362,416,1630,512,,497,598,838,719,642,753,897,489,380,,536,822,721,533,637,,704,685,795,891,783,838,,1032,,1052,1089,,941,977,,984,1271,1082,1099,1007,,71,"{""type"":""Point"",""coordinates"":[-72.34091942397055,42.37168026735034]}"
47,1254,447,,426,563,926,856,387,568,539,833,404,256,748,509,384,1111,743,356,511,1262,1363,,457,610,1131,1014,387,417,864,1245,521,990,595,1496,1423,,756,832,887,577,814,615,870,972,785,749,886,719,760,968,856,591,755,862,1446,1186,948,1091,1174,647,371,,773,742,578,361,547,,755,766,,545,,934,,814,,1227,1314,,997,877,,1194,967,1527,874,1046,634,72,"{""type"":""Point"",""coordinates"":[-72.34047797296626,42.376397996264885]}"
48,1017,574,396,403,2191,1092,742,524,685,1328,927,408,361,377,553,423,696,917,595,464,722,511,,536,522,734,656,808,924,517,573,,927,813,978,469,,493,538,673,578,558,1170,432,529,545,,682,454,413,699,585,,514,539,945,656,841,642,678,725,568,1155,645,639,457,369,481,,476,428,558,579,634,524,1434,521,,597,571,,736,623,,546,1137,986,886,868,778,73,"{""type"":""Point"",""coordinates"":[-72.33033797717073,42.37294219294846]}"
49,1292,708,,535,783,968,,650,479,660,1195,553,781,219,694,501,629,2947,996,595,1484,1116,,1114,914,777,1208,2521,,837,562,1002,1721,1303,587,379,,505,521,604,690,573,625,,576,459,483,662,471,381,646,458,359,319,361,617,768,561,528,2361,597,893,,464,666,731,558,594,,683,,546,648,764,805,,599,,824,940,,773,796,,,1318,1017,1049,1112,942,74,"{""type"":""Point"",""coordinates"":[-72.34819667688977,42.37265681048104]}"
0000000000000000004a,1157,882,,495,734,823,,652,426,627,784,1192,484,,911,774,1312,596,603,932,684,1563,,1058,920,1027,1776,934,,1242,987,,1258,949,930,362,,592,741,1294,508,689,995,713,831,626,,709,572,551,1553,563,,470,472,1133,847,785,811,939,755,639,,673,817,838,737,821,,868,876,993,1105,,1065,,1312,,1350,1360,,1167,1200,,,1495,1296,1125,1007,,75,"{""type"":""Point"",""coordinates"":[-72.34230174529712,42.371270030053424]}"
0000000000000000004b,1267,802,,613,938,871,609,527,557,703,731,505,315,,567,378,1109,904,999,915,1087,1172,,1118,959,1625,1294,673,774,787,875,,1282,920,801,553,,614,682,1650,722,1115,2366,800,939,959,934,945,796,757,3516,1048,,788,886,1634,1359,1245,1298,1275,1344,1548,,1214,1311,1245,1109,1223,,1306,1446,1488,1623,1628,1626,,1872,,2008,1998,,1596,1614,,,1932,1799,1554,1534,1506,76,"{""type"":""Point"",""coordinates"":[-72.34510206075868,42.370801824442815]}"
0000000000000000004c,1527,845,,2555,2507,762,550,502,614,629,264,320,891,,600,394,2071,1287,573,1424,350,736,,1217,1076,1166,761,470,365,725,761,,1395,844,1159,154,,412,574,728,511,720,2942,533,670,227,,385,306,236,1013,302,,312,391,554,375,532,572,720,439,413,,598,808,579,449,563,,697,671,500,520,650,611,,511,,705,690,,680,637,,644,815,821,840,967,661,77,"{""type"":""Point"",""coordinates"":[-72.34001868555777,42.370110663779535]}"
0000000000000000004d,1077,3180,,522,660,964,651,570,454,854,1121,771,721,1116,568,597,1588,2093,376,1361,1689,1411,,485,471,938,1011,846,1284,984,737,710,872,1242,1714,1580,,259,251,242,764,351,3014,294,303,265,259,377,297,314,871,,,240,1126,697,504,317,339,395,424,247,1831,482,2930,568,465,463,,392,703,687,759,725,694,,878,,787,786,,761,,,,1109,1628,968,1083,,78,"{""type"":""Point"",""coordinates"":[-72.34368852572473,42.36711414787161]}"
0000000000000000004e,944,2816,,565,699,726,723,867,740,627,1360,695,1408,2003,560,741,2854,2636,860,2220,3127,2895,,744,392,1679,880,953,1640,1157,517,389,1200,1867,2206,2682,,631,539,,647,392,438,393,386,600,548,763,649,538,863,581,,620,1388,934,569,611,619,534,728,680,,804,762,492,378,525,,593,317,,302,356,336,,166,,166,218,,406,,,349,708,830,638,601,,79,"{""type"":""Point"",""coordinates"":[-72.34458034593543,42.366752960686284]}"
0000000000000000004f,1002,1923,256,480,984,844,438,705,440,641,930,451,660,742,964,610,1106,2431,593,2067,2513,1632,,641,584,2014,902,712,698,662,595,564,836,717,602,,,752,689,,511,350,428,341,346,546,447,510,487,366,860,,530,482,554,1065,705,546,588,699,534,573,,650,642,553,395,459,,547,,788,828,863,921,,819,,876,978,,1005,1058,,1039,1594,1451,1539,1665,,80,"{""type"":""Point"",""coordinates"":[-72.34845530475087,42.367519926067466]}"
50,1253,669,797,791,1001,931,745,692,749,818,716,491,398,,727,393,934,1010,1044,747,818,1375,,1106,1166,1109,1374,807,953,845,883,,943,1131,1001,299,,449,699,1430,457,767,1629,610,772,465,525,611,475,547,695,679,488,546,598,949,851,837,854,2035,671,1057,,543,838,707,606,585,,694,,980,1049,1096,1059,,1197,,1289,1288,,1135,1127,,,1687,1354,1305,1282,1136,81,"{""type"":""Point"",""coordinates"":[-72.34657356410632,42.37096235208074]}"
51,1296,960,,652,875,889,524,445,511,654,722,361,891,1402,1086,479,2255,2239,554,1727,2218,2556,,664,1741,2240,990,798,1326,806,1344,581,845,1309,1035,456,,549,573,1847,713,786,2555,710,795,571,600,669,764,,1719,691,,479,558,1313,745,730,870,1542,800,1352,,721,661,815,723,783,,828,,1112,1172,1078,1090,,1339,,1311,1343,,1235,1242,,,1707,1459,1337,1371,1247,82,"{""type"":""Point"",""coordinates"":[-72.34562823468299,42.37023997771007]}"
52,745,2103,,555,2068,727,716,724,543,1796,872,781,692,1071,894,546,1964,1433,1459,1582,2386,1545,,773,1872,1905,891,1197,1626,2070,2282,,1984,2236,2770,2980,,490,484,861,1291,601,2361,787,550,577,554,745,500,507,866,655,522,627,650,1274,907,789,757,730,783,417,1838,835,795,689,490,536,,566,703,766,764,1042,1001,2678,963,,1104,1184,,945,963,,1049,1348,1466,1191,1259,1146,83,"{""type"":""Point"",""coordinates"":[-72.33558633911062,42.367181034387414]}"
53,704,442,,395,1766,557,471,506,406,1869,872,775,710,1033,990,318,2286,1832,1445,1674,2554,2371,,363,1997,2291,1199,1415,1923,2508,2716,723,2181,2789,3401,170,,363,458,774,1682,335,2110,1078,432,474,421,351,335,333,727,392,268,406,537,1024,537,476,528,388,593,330,2662,874,830,776,379,482,,565,720,686,824,1021,943,3300,902,,1110,1092,,818,784,,943,1224,1281,1018,1249,924,84,"{""type"":""Point"",""coordinates"":[-72.33609913573177,42.36713198427584]}"
54,643,588,,480,2158,627,614,672,487,1587,755,596,372,611,688,449,1790,797,376,925,1763,1418,,411,1118,1496,868,836,1039,1269,1619,659,973,1182,1567,2744,,588,484,469,1463,342,1928,1012,284,530,497,359,594,368,922,,339,471,450,933,720,499,538,,536,401,3892,816,723,621,394,261,,320,418,375,361,570,485,2138,515,,607,619,,590,591,,658,535,462,509,789,310,85,"{""type"":""Point"",""coordinates"":[-72.33628641797601,42.36652108743151]}"
55,923,410,,401,494,760,471,523,478,1178,879,671,501,585,841,787,986,944,1160,913,1607,1191,,788,1114,1260,1260,1140,1229,1137,1262,768,2004,1536,1485,1807,,1100,955,899,747,590,2605,692,627,497,529,618,434,439,693,,460,534,588,878,804,580,736,,404,262,3680,899,1029,518,241,464,,416,416,350,320,510,534,,399,,572,653,,521,478,,537,641,831,526,895,302,86,"{""type"":""Point"",""coordinates"":[-72.33764644379731,42.36673958338312]}"
56,949,438,,481,2549,603,417,448,403,1747,926,684,259,446,605,587,2354,635,385,605,1588,1591,,250,707,1069,791,670,618,674,1572,553,1227,597,881,1733,,486,366,369,885,918,1204,427,440,485,499,583,489,449,1032,,486,497,520,883,569,603,727,,575,468,3902,898,947,882,836,864,,841,1099,1241,1293,1362,1270,2809,1460,,1460,1417,,1152,963,,1017,1923,1713,1378,1154,928,87,"{""type"":""Point"",""coordinates"":[-72.33554620720115,42.36582992676822]}"
57,1202,1018,155,223,964,1145,1075,457,571,1150,1047,217,257,391,619,671,1180,595,625,588,1644,464,394,384,719,1441,368,1197,744,816,1224,471,818,791,1344,1216,,561,736,774,492,688,2358,441,578,507,510,522,559,,655,552,,560,602,1109,616,712,756,718,776,715,1398,881,504,528,377,712,,610,429,486,810,827,693,3458,618,,785,667,,1006,666,,542,1536,1185,998,866,876,88,"{""type"":""Point"",""coordinates"":[-72.32724336103963,42.36654338293677]}"
58,1160,895,,1522,1156,1171,937,583,609,557,1151,303,274,,436,460,787,2224,531,494,1265,661,,432,445,1730,1104,803,917,794,1364,260,1247,1028,1143,288,,474,660,539,411,631,1030,585,637,507,,1091,622,469,817,475,,449,1213,1149,,740,759,675,787,478,,793,657,848,643,987,,924,677,845,1213,1249,1122,,1047,,1290,1150,,1130,940,,866,1795,1404,1300,1310,1121,89,"{""type"":""Point"",""coordinates"":[-72.3314126205246,42.36870604694769]}"
59,1200,920,404,412,1041,1144,984,567,714,825,895,394,324,302,363,531,576,819,309,402,1147,427,,424,683,1284,477,654,432,426,860,304,479,558,1288,554,,541,330,654,716,698,2088,507,575,638,,726,700,,781,522,440,478,520,1147,504,683,692,642,678,751,1277,853,588,681,472,665,,722,504,625,764,781,772,,693,,745,749,,1037,721,,568,1658,1536,1155,749,565,90,"{""type"":""Point"",""coordinates"":[-72.3292856293221,42.367198870791626]}"
0000000000000000005a,702,241,,1251,823,343,721,324,164,247,875,1050,728,,934,720,1180,2548,1220,1414,614,1113,,1216,1317,989,1250,748,670,1190,1637,,1848,854,878,287,,558,483,445,302,650,502,533,602,352,,620,371,305,2072,336,,328,342,877,440,454,473,464,604,356,,462,513,768,659,589,,711,,,924,1014,1116,,1132,,1131,1314,,1162,,,,1394,1239,1042,1481,,91,"{""type"":""Point"",""coordinates"":[-72.34062958240207,42.361642830879035]}"
0000000000000000005b,792,404,,,2410,673,341,465,525,503,844,909,539,684,856,730,600,658,674,739,650,1058,,939,878,1260,1363,793,1038,983,1157,1382,1369,859,842,1393,,460,,891,838,543,2657,657,610,481,428,634,604,367,698,421,,430,430,473,464,499,454,339,528,254,281,799,584,464,289,289,,374,350,465,401,613,490,,318,,459,513,,430,390,,479,531,631,1792,803,373,92,"{""type"":""Point"",""coordinates"":[-72.33531879304742,42.36389913601208]}"
0000000000000000005c,814,279,227,,1696,531,263,356,361,251,808,287,407,485,275,587,1518,1429,239,938,488,1053,,1206,761,1733,992,1028,1234,1233,2612,454,1547,1202,2684,228,,412,244,255,499,303,1768,,140,529,273,566,562,214,548,331,,305,774,982,464,398,420,523,461,439,172,631,542,669,346,387,,479,268,500,547,521,494,,582,,536,562,,637,549,,460,907,868,776,1490,727,93,"{""type"":""Point"",""coordinates"":[-72.33191649894366,42.36224926862231]}"
0000000000000000005d,889,408,425,385,485,1028,970,503,1127,485,1280,653,753,394,582,794,428,1028,276,487,652,242,,424,268,739,864,682,1336,492,619,,1857,2827,,322,,412,447,486,671,406,362,,425,606,528,1018,537,481,891,584,766,626,,873,824,963,857,734,813,874,821,629,501,908,616,906,,,901,,1275,,1226,807,934,,1086,1080,,718,763,,,907,773,530,926,690,94,"{""type"":""Point"",""coordinates"":[-72.32145544787225,42.42225985059957]}"
0000000000000000005e,981,407,369,1985,1342,1115,877,478,1587,485,1312,654,697,,610,760,837,995,326,836,554,583,,770,398,1148,1052,656,602,540,576,829,609,650,610,230,,473,255,588,584,485,316,474,608,413,,838,416,517,709,544,582,318,,623,732,761,588,541,847,412,763,551,793,883,727,937,,,857,,1297,1135,1112,,910,,863,942,,847,722,,,1532,1122,801,1969,988,95,"{""type"":""Point"",""coordinates"":[-72.3205324139542,42.42180948139318]}"
0000000000000000005f,633,331,,176,367,513,1500,681,440,240,699,700,544,373,982,666,592,620,305,553,486,,,545,462,607,1200,708,502,610,630,,782,770,,305,,369,,503,535,651,499,463,519,607,456,1348,435,,835,469,410,527,947,779,666,638,677,687,628,379,309,287,376,496,241,277,,,273,256,326,340,354,451,359,,457,510,,485,,,,328,663,354,243,201,96,"{""type"":""Point"",""coordinates"":[-72.33249618208059,42.42211270026481]}"
60,574,258,,323,584,438,1900,340,254,287,647,847,532,1315,1290,601,824,1733,451,1631,419,1330,,1250,1913,655,1654,1064,688,2549,508,,828,501,4729,277,,455,,603,509,659,566,511,542,556,421,417,359,,2054,435,346,423,944,725,898,802,725,687,734,355,210,452,267,610,383,461,,,531,573,980,634,622,899,801,,759,837,,839,,,,853,1043,917,783,703,97,"{""type"":""Point"",""coordinates"":[-72.33271913713325,42.4215686899363]}"
61,448,39,,186,228,516,885,308,654,208,592,790,1201,1729,1256,571,2709,1922,353,1297,575,935,,760,458,731,1167,837,710,2067,606,,715,2594,3478,3416,,377,280,227,449,306,240,330,401,621,378,247,416,436,1019,,343,461,462,736,1113,582,563,582,791,680,736,528,569,671,489,435,,377,463,456,508,479,465,567,488,,489,464,,554,,,582,259,396,131,216,184,98,"{""type"":""Point"",""coordinates"":[-72.33477924181994,42.419950036253894]}"
62,254,217,,226,315,351,880,465,288,191,550,827,2878,3094,1050,467,489,,278,2228,471,674,,841,410,462,714,610,743,414,543,,648,2882,3966,3191,,342,189,136,609,505,236,363,384,534,423,255,374,407,1777,,368,476,453,707,962,607,563,577,785,565,503,398,541,621,408,363,,244,448,443,487,400,399,707,544,,555,545,,714,,,698,578,547,312,359,269,99,"{""type"":""Point"",""coordinates"":[-72.33538122046217,42.419767213110696]}"
63,833,409,,200,2197,728,1746,393,327,322,903,829,1046,,894,572,795,2058,715,1741,449,1571,,2032,2011,867,1813,1788,880,1378,1968,,993,815,1916,532,,667,,728,736,840,747,813,894,884,,1011,721,709,1046,687,590,646,,1123,,1077,1170,1011,1090,710,1070,1105,928,903,629,841,,,1057,,1263,1030,1069,1464,1368,,1342,1524,,1390,1262,,1180,1182,1117,880,939,924,100,"{""type"":""Point"",""coordinates"":[-72.32718093362487,42.42217066857851]}"
64,932,381,,209,378,585,1705,183,138,184,808,720,775,,845,616,1692,1971,617,1215,2068,,,555,1933,3011,1582,2466,682,1421,1335,,838,2158,2032,480,,606,,727,680,787,647,679,808,766,620,438,515,527,1815,517,506,711,,1033,,883,1090,922,947,925,938,967,842,832,543,666,,,928,,977,929,1003,1372,1160,,1226,1420,,1376,1189,,,1078,1087,848,729,755,101,"{""type"":""Point"",""coordinates"":[-72.32776507586289,42.42172475847316]}"
65,895,258,,290,566,811,1098,366,327,342,1154,347,246,2091,1464,657,2342,2753,339,1632,3053,1485,,441,2375,3056,650,1202,2882,1514,1739,,584,2199,2123,886,,588,,722,790,805,782,780,817,796,743,777,717,,975,552,452,613,,1022,844,828,1080,914,985,759,1092,956,,826,447,729,,,852,,891,780,822,1331,1170,,1106,1280,,1372,1233,,,723,888,504,581,571,102,"{""type"":""Point"",""coordinates"":[-72.32729241115122,42.42085523376775]}"
66,941,598,576,279,1303,1035,874,391,1711,1722,1064,398,361,437,414,525,1071,1016,732,3060,1821,596,,401,695,1347,658,884,1037,870,1050,828,505,880,1474,269,,635,,811,552,713,599,570,617,518,525,880,525,,1040,600,601,482,478,864,627,760,682,573,640,536,886,340,1388,665,406,569,,,666,749,876,949,893,4702,790,,924,910,,935,795,,,1459,1583,1063,1247,1164,103,"{""type"":""Point"",""coordinates"":[-72.32008204474779,42.420137318498135]}"
67,1080,421,402,401,1650,1129,925,606,624,1690,1585,247,441,308,512,765,677,1073,1636,3463,862,931,,448,484,1277,779,1762,1655,1016,787,,1384,2040,1545,450,,600,,664,709,741,751,656,636,728,725,800,747,,1015,285,460,242,238,518,288,556,412,326,729,1086,323,410,,763,358,335,,,482,,527,548,668,,623,,615,838,,809,699,,,919,850,534,663,564,104,"{""type"":""Point"",""coordinates"":[-72.32283776919883,42.420560933098216]}"
68,898,562,578,452,1885,838,692,316,1860,2405,827,458,732,968,772,493,1826,1435,1281,2433,1928,1247,,392,1718,1327,948,910,1398,1324,1308,1403,877,1010,2401,1858,,694,,762,500,756,712,673,702,664,686,653,606,,944,660,795,735,706,1015,840,888,915,856,949,588,368,592,2865,831,357,651,,,740,569,756,1034,1086,1065,532,,868,1099,,574,416,,,745,659,603,530,496,105,"{""type"":""Point"",""coordinates"":[-72.3191233380213,42.419339139409566]}"
69,1413,335,348,473,2569,1532,1033,785,732,3003,1847,2040,1153,1441,1109,770,2515,2489,1648,342,2476,2405,,513,1487,669,697,1531,1525,1310,2046,,660,1143,1845,1240,,980,,810,561,1007,1061,913,973,934,916,1065,799,761,771,431,2050,567,649,907,648,600,612,625,891,716,441,599,520,809,452,485,,,682,,567,729,838,,538,,436,608,,578,515,,,771,626,746,1085,329,106,"{""type"":""Point"",""coordinates"":[-72.3231276107673,42.419299007500086]}"
0000000000000000006a,964,445,,327,673,793,1687,507,367,391,1699,830,1325,1605,898,560,1745,1537,392,1346,1728,2482,,544,498,2986,1126,1553,987,897,733,,745,1114,882,1415,,521,420,462,533,488,643,508,512,591,710,641,557,513,913,,1180,340,1097,460,1223,440,622,511,650,740,,442,540,602,474,421,,,539,569,551,483,547,739,653,,641,730,,724,643,,,551,726,424,762,298,107,"{""type"":""Point"",""coordinates"":[-72.32846515472828,42.41854541942206]}"
0000000000000000006b,1125,466,317,193,2830,653,1062,583,1782,2077,791,422,571,528,638,429,865,1278,1046,960,1352,1497,,472,984,1753,846,1656,1142,1122,993,,946,1050,1415,1363,,593,,589,626,591,867,603,711,762,743,996,653,688,736,632,670,578,667,880,802,853,815,765,698,1035,83,268,1807,775,432,505,,,619,563,652,783,836,4316,576,,681,860,,760,612,,,1189,984,852,887,800,108,"{""type"":""Point"",""coordinates"":[-72.32083117372477,42.41846069650205]}"
0000000000000000006c,863,260,,273,269,726,720,303,479,292,2202,710,1106,280,565,413,2457,1298,395,3446,450,446,,3036,286,521,539,2446,877,542,343,,391,457,,95,,486,541,567,483,462,246,,505,379,,321,350,336,2465,419,374,447,386,555,1024,585,528,642,671,582,,523,2040,515,394,372,,414,539,466,412,439,533,507,304,,544,625,,502,,,525,610,589,551,1083,544,109,"{""type"":""Point"",""coordinates"":[-72.33180948051836,42.41464816510135]}"
0000000000000000006d,1208,326,199,,2627,1019,831,309,342,2528,1012,217,1155,275,378,673,623,250,249,413,531,623,2891,380,422,690,718,768,471,516,463,,470,463,671,452,,686,,850,612,658,668,736,771,685,,1117,550,504,682,534,565,575,593,822,707,713,761,761,529,625,,206,2823,669,458,320,,,439,437,464,529,545,,397,,525,685,,746,622,,572,1383,1283,1206,1601,981,110,"{""type"":""Point"",""coordinates"":[-72.32102291507007,42.41608845474162]}"
0000000000000000006e,826,427,323,,1352,722,1094,651,364,1569,784,846,1436,435,741,636,653,400,368,436,465,551,2758,511,447,742,1027,1252,874,796,505,,746,538,531,350,,532,589,637,538,296,444,405,536,535,384,1297,639,350,647,279,1633,390,1250,617,508,817,704,547,750,1048,2878,1583,777,871,687,851,,,536,748,892,850,729,4300,580,,654,610,,1092,963,,,1591,1565,1621,2832,1475,111,"{""type"":""Point"",""coordinates"":[-72.31919914273921,42.41570051294996]}"
0000000000000000006f,1080,145,434,,448,948,1236,348,550,436,1380,467,1261,2463,571,483,1767,1314,234,2337,413,3218,,349,275,482,570,563,516,442,462,,456,305,,2991,,580,,644,652,656,559,566,689,658,712,589,509,510,1102,534,684,616,603,958,1127,615,876,804,727,656,,505,446,593,316,477,,,554,465,511,571,570,668,580,,732,740,,767,698,,,1221,981,767,2583,389,112,"{""type"":""Point"",""coordinates"":[-72.32796573541029,42.416806370011216]}"
70,1125,988,649,1405,1048,530,662,393,632,220,365,1270,545,496,956,431,573,1037,731,867,883,,,1386,952,840,417,2746,556,704,628,1240,1017,619,979,332,,639,375,191,403,480,423,435,360,458,,1121,367,338,364,239,225,214,297,1005,,942,425,401,390,278,,1382,794,537,395,540,,265,656,,628,548,307,1029,630,,528,1096,,455,584,,418,539,563,2713,1058,,113,"{""type"":""Point"",""coordinates"":[-72.32389011704744,42.314501214542005]}"
71,1253,226,414,,721,1059,1189,401,563,457,1811,609,1265,1159,353,527,2360,995,299,1360,388,1636,,986,261,3529,2861,409,441,1881,399,,376,1803,4057,247,,469,,738,322,575,393,544,581,465,,546,230,224,952,369,2841,445,733,563,1029,452,487,411,793,417,,338,258,614,381,375,,,538,456,493,491,480,553,525,,488,527,,564,551,,,455,281,534,1686,195,114,"{""type"":""Point"",""coordinates"":[-72.32783642147973,42.416008190922646]}"
72,1095,240,228,286,1876,1185,933,522,319,662,2096,228,1682,1642,559,638,3785,2197,257,2157,388,367,,1844,264,621,624,588,2196,471,630,,532,2262,,331,,426,,476,516,549,649,654,637,440,,1881,719,633,533,225,569,353,336,320,735,516,600,452,714,633,,508,460,728,397,497,,583,506,626,673,792,682,636,704,,756,767,,827,695,,688,1266,1037,742,2863,891,115,"{""type"":""Point"",""coordinates"":[-72.32492462849184,42.415143125318274]}"
73,1207,357,158,388,858,1269,1034,659,489,907,1348,332,3172,605,778,741,424,357,343,2410,494,486,,387,340,839,722,678,579,554,790,,668,573,,520,,487,567,391,796,531,659,,486,614,,1577,682,573,667,310,461,263,1500,280,1065,366,415,358,751,528,,346,309,709,370,357,,394,435,425,430,439,456,520,499,,516,544,,649,,,610,986,869,965,1936,706,116,"{""type"":""Point"",""coordinates"":[-72.32634708172789,42.41482207004243]}"
74,1072,534,440,259,1778,1050,855,864,2295,559,942,671,531,557,650,635,824,1279,447,948,649,902,,659,923,1503,1420,1548,1656,1276,1036,,1244,1568,2182,443,,598,612,666,710,652,699,,674,684,,759,758,673,925,451,1798,470,441,677,547,669,715,624,570,1136,,649,1155,736,658,956,,,643,916,1256,1196,1064,,833,,988,933,,636,665,,758,1074,869,675,1520,774,117,"{""type"":""Point"",""coordinates"":[-72.31960492093508,42.41361811275801]}"
75,932,356,242,143,2408,732,670,517,2110,399,966,834,720,457,776,735,1269,1623,470,923,622,932,,578,1008,1615,2022,1649,1569,1123,767,,1347,1743,1817,620,,794,880,907,855,869,988,,956,901,,1060,991,966,943,692,1977,674,644,1177,1000,991,1030,961,716,965,804,766,1060,608,362,560,,,466,466,499,555,535,1307,389,,577,556,,451,414,,449,535,583,458,575,487,118,"{""type"":""Point"",""coordinates"":[-72.32037188631627,42.41345758512008]}"
76,815,440,,228,317,525,893,245,474,457,735,1200,705,,912,279,2630,1517,376,1089,338,645,,1262,431,2958,831,918,1591,2167,1766,,714,1395,2801,421,,699,781,714,767,679,734,680,642,563,,353,426,409,2246,439,489,571,1046,686,938,701,682,628,806,710,,794,2301,420,200,277,,327,445,344,346,437,496,576,405,,534,633,,664,,,,931,1869,618,1275,418,119,"{""type"":""Point"",""coordinates"":[-72.33075713266975,42.41429143701707]}"
77,914,285,238,285,386,706,1123,346,480,341,1083,806,874,2304,1431,559,2804,1936,2995,2229,2638,2280,,241,3385,424,588,935,1092,2544,1514,,2092,649,,1121,,501,862,574,300,429,451,439,412,236,,309,217,,1220,177,2504,343,1683,401,965,286,415,429,597,410,,432,399,760,482,575,,665,772,609,622,767,867,1001,804,,985,1101,,1077,,,,890,1519,674,1289,591,120,"{""type"":""Point"",""coordinates"":[-72.32927671112,42.412449828282]}"
78,399,134,,300,267,359,880,451,323,246,470,889,415,,703,374,478,303,231,336,409,659,,735,343,571,626,523,,793,652,,747,715,,500,,553,583,582,818,682,544,565,549,705,,2773,538,474,908,638,673,621,513,869,1151,958,857,706,1090,954,,874,811,805,614,678,,619,724,715,698,694,719,292,,,357,348,,405,,,,305,570,337,931,497,121,"{""type"":""Point"",""coordinates"":[-72.33807451749844,42.41540175317938]}"
79,929,470,,363,430,362,921,645,385,481,690,746,642,2962,2256,475,571,,451,2520,267,435,,322,709,479,426,507,380,690,464,,532,701,,426,,622,516,488,631,335,314,512,437,857,769,435,578,526,743,468,437,639,1199,685,945,659,576,673,756,574,,395,539,626,405,313,,277,333,371,370,554,321,387,,,484,449,,448,,,,369,494,762,1161,297,122,"{""type"":""Point"",""coordinates"":[-72.33570673483906,42.41269061973888]}"
0000000000000000007a,822,929,,934,784,309,1269,1479,1278,701,480,1897,1726,1578,1428,826,1551,1691,1040,1957,2972,506,,375,1909,342,388,308,2242,2132,285,,323,513,3727,165,,445,562,549,583,411,247,383,390,445,,293,363,,459,419,563,379,405,515,979,550,568,425,731,1171,,437,456,445,266,236,,231,457,324,320,568,332,485,,,427,415,,509,438,,,386,553,801,1228,381,123,"{""type"":""Point"",""coordinates"":[-72.33281723735644,42.412409696372514]}"
0000000000000000007b,886,393,,399,433,828,1024,426,667,456,1074,1187,943,,979,379,3079,1992,281,1963,426,420,,368,2402,1837,590,465,1167,2340,1839,,2069,468,,222,,516,782,547,359,614,756,515,532,367,561,533,533,299,3468,230,723,523,1378,542,463,507,569,489,471,507,,394,1970,550,325,445,,387,430,387,404,515,542,512,411,,667,682,,640,,,,851,1042,432,841,218,124,"{""type"":""Point"",""coordinates"":[-72.33099346502557,42.41345758512008]}"
0000000000000000007c,933,420,281,156,857,727,1044,330,315,1641,874,728,2093,1511,1365,675,2865,3635,432,1334,733,734,,605,1318,1057,1293,1722,1319,1460,857,,2284,2665,2837,459,,521,,366,393,476,614,430,443,529,,667,516,492,497,,765,304,321,517,1073,662,484,544,636,719,,335,2298,808,488,385,,605,830,733,519,629,824,1122,690,,827,1104,,977,,,883,803,1483,771,1464,558,125,"{""type"":""Point"",""coordinates"":[-72.32528135657611,42.40935075304985]}"
0000000000000000007d,833,342,,259,1036,414,933,548,245,205,1923,818,2130,2051,882,462,1455,2621,,456,1656,1612,,372,423,1758,848,468,744,790,604,,669,780,,2819,,393,425,,672,519,452,629,597,524,,292,438,484,,,507,455,495,645,844,675,623,634,828,906,,1235,2448,641,490,492,,517,651,626,623,834,657,,,,624,779,,869,487,,,419,650,485,1311,356,126,"{""type"":""Point"",""coordinates"":[-72.33460087777782,42.41033175528161]}"
0000000000000000007e,1002,334,,227,326,496,968,202,172,211,1711,592,1443,1264,582,542,1455,2387,,284,1023,1380,,271,211,1404,565,341,622,609,604,,507,598,,3240,,450,441,,798,601,384,523,533,826,871,453,553,539,,657,494,596,569,866,1088,730,639,733,786,1207,,520,2573,605,539,459,,485,582,613,580,757,577,,,,562,535,,662,485,,,457,533,440,387,379,127,"{""type"":""Point"",""coordinates"":[-72.3356933575359,42.40997056809628]}"
0000000000000000007f,702,665,264,545,1910,926,755,623,600,659,1716,924,600,527,571,977,778,772,593,530,679,863,,1011,295,510,474,704,465,360,659,,468,578,617,354,,398,,390,546,237,489,444,432,417,392,656,541,461,853,618,2511,931,771,877,1597,1048,1408,1293,975,784,643,833,997,764,648,653,,708,885,942,1022,1197,1071,922,1096,,,1202,,814,1092,541,808,1065,1122,1003,1262,642,128,"{""type"":""Point"",""coordinates"":[-72.27398385805726,42.35467771503355]}"
80,752,711,246,816,1487,643,831,1059,713,547,1155,827,687,846,767,771,423,575,1937,709,689,676,,613,657,339,441,493,617,442,378,721,365,346,325,264,,395,245,444,453,890,494,712,413,470,427,611,334,325,547,212,253,336,279,808,709,255,416,621,686,393,422,421,278,680,448,595,,385,654,716,738,610,546,774,1265,,710,702,,709,897,342,686,907,1082,1012,1392,3796,129,"{""type"":""Point"",""coordinates"":[-72.2741622220994,42.353362280222775]}"
81,726,1134,331,573,759,755,838,308,312,154,981,659,626,226,331,630,673,650,377,377,475,951,,1829,385,329,692,1005,709,323,411,,477,389,502,399,,560,,525,592,342,471,430,395,609,499,690,433,383,807,306,427,333,273,884,388,622,454,762,757,655,1180,1067,795,791,383,967,993,647,747,959,1095,1018,881,1357,1542,,,,,943,914,1187,1011,867,893,741,1164,1802,130,"{""type"":""Point"",""coordinates"":[-72.27140649764839,42.354129245603986]}"
82,614,760,225,273,875,453,754,334,463,297,734,561,394,600,386,364,1066,1073,696,445,267,1161,,1830,436,587,1009,781,607,651,415,,502,471,504,150,,490,,605,451,760,361,429,439,522,419,357,293,326,690,279,352,268,255,881,696,356,612,628,750,572,785,850,695,840,388,838,904,587,626,748,970,889,679,1106,1390,,,,,670,583,727,598,973,882,751,658,1425,131,"{""type"":""Point"",""coordinates"":[-72.27152243427577,42.353647662690214]}"
83,1066,1021,664,345,1408,778,779,504,405,288,1284,406,394,338,335,690,889,706,370,367,414,416,,346,366,393,408,572,511,442,376,,619,725,477,285,,816,751,632,555,1054,1092,796,665,535,511,687,457,416,861,485,595,580,459,887,876,863,821,893,1046,371,713,823,472,582,354,762,897,508,490,522,906,795,577,754,945,,648,,,412,532,247,355,529,612,502,368,750,132,"{""type"":""Point"",""coordinates"":[-72.2717676848337,42.353117029664844]}"
84,650,668,183,556,1189,561,700,396,546,442,681,880,494,340,413,278,1016,744,628,385,188,947,,2492,563,518,676,848,724,697,442,,791,660,559,181,,786,,710,464,939,520,433,630,593,538,551,474,513,746,463,427,487,413,888,641,478,620,609,507,314,395,614,587,695,313,591,752,446,603,484,729,782,543,1102,1108,,,,,516,515,419,374,688,725,623,669,771,133,"{""type"":""Point"",""coordinates"":[-72.27127718371783,42.35325080269646]}"
85,459,873,374,520,903,399,710,558,419,337,439,705,682,511,528,485,979,705,733,592,431,417,,1479,305,308,650,604,243,439,495,286,736,496,412,287,,497,225,804,355,572,343,360,227,273,265,1238,372,318,289,391,334,460,403,581,,457,440,865,660,477,223,666,715,807,660,677,,691,548,550,670,700,606,561,1584,,756,756,,579,787,153,587,520,767,531,1041,536,134,"{""type"":""Point"",""coordinates"":[-72.27572736656917,42.35139135755716]}"
86,968,2013,127,812,1407,685,466,364,481,313,809,1613,435,495,451,601,631,1250,716,591,546,892,599,1254,489,948,909,937,731,667,672,863,733,725,641,324,,611,434,644,647,566,783,1005,641,610,632,1297,982,936,699,695,863,608,1006,1046,,881,938,1335,940,1397,283,1038,900,886,692,877,,937,922,818,954,976,853,1380,1564,1526,1168,1148,,1087,1016,981,1032,1015,953,753,880,891,135,"{""type"":""Point"",""coordinates"":[-72.27924559730033,42.35189077687515]}"
87,684,244,327,156,774,363,791,275,229,264,606,546,501,462,432,440,563,606,490,412,502,673,495,1315,342,469,280,525,387,318,361,240,406,390,328,310,,479,429,747,948,328,468,536,362,628,764,1280,910,707,795,506,456,787,621,1004,601,616,673,742,499,404,617,459,486,473,316,503,514,441,381,431,377,407,416,585,1225,,552,584,,414,514,364,407,602,806,477,1165,335,136,"{""type"":""Point"",""coordinates"":[-72.27516997893748,42.34897898388725]}"
88,726,276,344,203,845,444,830,324,367,292,674,1244,458,437,348,649,725,618,549,478,515,791,,1095,479,740,744,605,704,503,647,,674,577,642,584,,571,323,690,616,995,343,342,370,432,364,549,347,332,550,492,356,505,341,1136,778,527,606,528,681,658,1386,1135,802,695,376,864,931,712,740,515,515,632,838,1339,1603,,790,1228,,761,791,972,813,1115,1179,1259,1152,779,137,"{""type"":""Point"",""coordinates"":[-72.27493364658166,42.347329116497484]}"
89,651,741,152,236,286,689,679,340,315,389,950,935,554,338,388,584,645,556,323,491,607,692,,543,365,618,582,421,407,326,534,,483,455,632,321,,481,418,779,478,260,223,209,288,364,351,402,299,319,612,330,397,370,285,943,609,402,519,874,604,261,515,638,444,506,206,625,551,408,381,299,266,297,331,976,1406,,374,539,,338,398,328,267,457,633,391,593,459,138,"{""type"":""Point"",""coordinates"":[-72.27493364658166,42.346370409770984]}"
0000000000000000008a,864,772,748,724,1210,530,632,851,682,578,697,740,450,448,437,610,425,833,258,409,394,646,,1253,475,660,745,608,720,1232,650,257,670,473,626,691,,566,281,543,628,221,327,313,400,298,376,556,349,424,389,489,2192,279,375,721,499,297,602,280,225,574,676,376,490,619,408,163,,299,639,,310,295,815,1202,1772,1630,,948,,828,593,1001,823,913,1092,1035,1153,458,139,"{""type"":""Point"",""coordinates"":[-72.2815866253534,42.34785529042178]}"
0000000000000000008b,1006,720,400,840,1130,746,420,380,580,499,819,516,270,196,566,310,268,1068,378,314,361,1193,336,1072,228,685,490,685,369,265,406,202,256,342,286,208,,388,153,957,635,247,315,460,160,288,237,646,334,257,526,256,2150,298,340,486,230,430,314,397,546,664,319,444,359,609,272,245,,347,248,,252,254,273,538,804,528,306,330,,434,477,365,487,794,716,486,784,553,140,"{""type"":""Point"",""coordinates"":[-72.28251857747357,42.352051304513076]}"
0000000000000000008c,631,848,1088,627,984,745,946,972,596,485,1044,1303,839,832,766,810,830,542,879,697,758,1091,,1959,686,1165,1291,993,941,945,974,,927,828,698,295,,357,233,543,711,1215,418,459,490,385,366,248,279,303,546,816,340,469,729,903,698,506,568,455,569,973,1934,1291,805,626,421,945,1014,639,730,826,689,998,877,1288,1553,1634,1326,1332,,999,825,1256,987,1345,1193,954,847,1027,141,"{""type"":""Point"",""coordinates"":[-72.263282015529,42.3460627317983]}"
0000000000000000008d,960,888,420,752,685,897,798,504,575,625,1132,513,480,496,470,509,547,416,371,1405,453,487,,507,467,765,799,581,1231,1139,492,,433,448,494,303,,450,,944,425,828,346,301,432,461,424,534,474,451,547,635,431,564,487,878,632,610,744,863,789,805,1777,1058,791,663,681,904,,604,900,899,951,932,799,1296,1603,,,1081,,859,1009,710,820,1244,977,929,1005,1003,142,"{""type"":""Point"",""coordinates"":[-72.27723454272524,42.345068352263375]}"
0000000000000000008e,969,959,393,796,626,877,642,448,563,477,1071,481,318,244,534,572,529,291,358,274,516,356,,308,282,809,592,613,384,347,508,645,437,426,360,245,,288,503,893,412,583,370,230,436,369,362,681,536,486,553,322,479,592,440,940,448,695,796,756,984,958,,1144,814,874,717,932,744,823,782,783,822,869,754,1100,1407,,,990,,824,916,765,830,1013,820,779,890,714,143,"{""type"":""Point"",""coordinates"":[-72.27661918677985,42.34463136036014]}"
0000000000000000008f,1062,1119,290,570,643,926,737,741,535,693,1496,758,578,,677,747,657,500,462,453,536,1113,,688,447,888,776,660,472,465,571,1006,569,442,487,236,,285,439,908,371,814,230,323,487,311,304,538,276,217,655,411,160,427,367,1065,,779,849,530,698,733,1642,1043,793,778,576,950,911,730,921,982,1043,1046,985,1534,1587,,,1223,,925,805,877,857,1324,1217,1076,1112,1011,144,"{""type"":""Point"",""coordinates"":[-72.27632934521138,42.34324012083146]}"
90,966,1104,376,374,594,920,1098,1260,570,747,1561,1167,622,379,713,815,653,786,513,428,603,775,,739,478,892,859,775,562,550,617,826,682,558,562,319,,484,605,1057,399,992,374,404,616,408,293,475,393,226,745,575,342,612,504,1142,,950,955,732,831,1211,2514,1232,921,989,827,1054,969,825,1006,1027,1186,1246,1093,1503,1969,,,1420,,1287,1132,1219,1187,1469,1246,1033,1476,1070,145,"{""type"":""Point"",""coordinates"":[-72.2765389229609,42.34269611050295]}"
91,805,974,376,327,661,830,411,461,495,586,1310,1149,659,238,373,619,591,730,328,339,506,386,342,966,254,936,604,796,369,283,586,770,529,392,447,415,,465,170,994,715,885,591,798,505,441,462,868,771,788,974,701,1060,532,759,1129,652,1007,932,1297,901,1202,576,1015,957,1015,1058,1094,,1071,934,981,1031,1094,959,1260,1592,,1340,1160,,1346,1037,952,1060,1405,1033,928,1669,1040,146,"{""type"":""Point"",""coordinates"":[-72.27982528043728,42.34303054308195]}"
92,965,980,651,734,909,1140,1138,1133,1088,1345,1452,1751,1030,1117,1289,1194,984,944,887,1023,1519,1348,,1718,1163,1932,1956,1597,1291,1681,1280,1526,1237,1341,1204,473,,532,588,857,466,918,520,498,604,387,234,617,389,460,454,501,283,472,349,828,371,522,616,433,604,463,1093,879,725,758,490,800,689,677,816,793,1071,1061,903,1115,1696,,1205,1096,,1023,1122,1085,1084,1002,1018,931,941,812,147,"{""type"":""Point"",""coordinates"":[-72.26989932149232,42.34242856443974]}"
93,740,928,443,558,752,920,866,878,773,1060,1360,1869,783,852,1026,945,768,843,661,896,1026,921,,1356,816,1386,1483,1119,732,1225,779,1250,755,776,703,368,,494,575,654,401,884,483,434,577,382,322,520,338,320,475,471,305,428,361,706,400,451,540,407,409,253,656,607,507,543,432,648,534,511,649,632,748,743,656,931,1597,,900,763,,817,892,866,841,881,874,806,1480,744,148,"{""type"":""Point"",""coordinates"":[-72.2694311158817,42.34232154601445]}"
94,824,1181,359,552,472,526,415,438,581,431,598,589,629,705,649,498,717,900,673,785,573,327,677,1116,537,590,572,582,479,365,367,550,501,450,438,295,,532,309,1237,581,778,714,645,374,438,347,565,490,446,743,449,1902,613,678,873,564,772,723,718,670,518,532,643,644,414,321,242,,355,665,,478,486,448,979,1357,1344,,671,,1080,739,698,843,997,1177,893,1039,929,149,"{""type"":""Point"",""coordinates"":[-72.28506918327614,42.34317769341671]}"
95,907,1211,871,604,807,882,479,781,571,405,1187,671,347,403,378,693,327,756,326,320,433,386,,759,394,809,819,458,339,412,466,758,482,474,451,225,,449,474,952,428,933,416,405,477,241,369,553,289,2321,589,262,237,434,311,878,364,647,496,473,801,493,722,451,465,542,589,430,,530,682,,473,517,714,1113,1187,,586,756,,1410,640,859,836,1229,1107,1055,1164,1142,150,"{""type"":""Point"",""coordinates"":[-72.28221089950088,42.34373954014946]}"
96,986,1136,345,513,819,1062,924,754,567,618,1438,952,559,705,723,975,815,937,857,667,842,807,,1931,541,1084,1068,707,428,711,884,666,826,931,531,209,,301,328,799,518,212,581,445,461,328,365,402,271,344,593,541,235,573,482,1020,902,1533,765,684,686,962,2194,1224,735,843,618,931,812,781,894,873,1004,1031,910,1446,1718,1464,1317,1040,,922,1000,934,928,1098,1010,916,677,782,151,"{""type"":""Point"",""coordinates"":[-72.26410694922389,42.341447562207975]}"
97,1100,738,204,360,1221,1081,921,571,536,537,1629,400,499,362,395,899,755,727,416,353,841,584,574,1751,539,1148,728,897,512,390,756,1059,591,553,466,347,,525,239,860,594,684,667,839,557,725,985,842,882,1167,729,850,970,994,1053,1319,877,917,981,1081,977,1109,911,1325,1236,931,689,1455,1656,1403,938,996,850,870,958,1616,1836,1809,1338,1388,,1088,1036,1313,1125,1378,1180,981,1031,1089,152,"{""type"":""Point"",""coordinates"":[-72.2653599566199,42.34005186357825]}"
98,865,831,676,637,1485,983,881,534,438,559,1578,517,403,395,414,903,751,1114,659,564,730,651,605,1484,517,824,756,869,692,601,688,943,725,804,838,596,,798,684,1194,890,545,593,556,543,801,843,591,628,635,1302,745,1011,824,834,1434,1066,965,1073,1033,826,873,804,1029,1037,648,436,1292,1409,1021,906,863,691,715,909,1595,1788,2134,1307,1437,,1099,936,1442,1147,1210,1183,966,1022,1011,153,"{""type"":""Point"",""coordinates"":[-72.26809784466673,42.33957919886658]}"
99,1143,1097,501,1145,1424,791,736,896,593,588,978,1033,731,484,873,750,714,728,656,561,600,935,518,1517,572,1127,1048,925,816,1486,557,524,609,784,449,205,,398,399,972,585,209,368,665,424,483,614,482,866,1618,654,368,737,1005,574,844,418,463,447,885,509,351,451,581,669,434,237,438,,353,404,557,283,336,407,872,1209,761,421,492,,1025,489,545,559,714,749,687,550,709,154,"{""type"":""Point"",""coordinates"":[-72.28212617658086,42.34089909277841]}"
0000000000000000009a,995,1006,558,518,721,1190,1033,857,1506,813,1233,1723,1107,936,1047,1063,870,810,725,687,946,1168,775,1497,754,1367,1373,1172,1013,1847,872,925,815,756,697,315,,449,367,463,600,256,534,821,560,577,737,664,793,1936,793,694,546,1014,788,891,501,501,383,964,494,578,633,657,786,423,220,612,,,619,730,266,337,439,1243,1384,1308,355,777,,1162,398,872,690,806,955,751,681,912,155,"{""type"":""Point"",""coordinates"":[-72.28224211320826,42.34043534626885]}"
0000000000000000009b,1582,2059,2322,1838,1900,1337,717,1086,834,782,1467,1758,982,800,1223,1169,813,616,662,785,897,821,,1367,611,962,873,741,524,2001,575,,739,649,607,377,,655,166,583,409,236,396,264,280,150,376,472,357,402,608,422,373,445,377,808,364,504,517,2579,754,999,1586,890,681,567,307,840,,844,941,772,567,580,504,1731,1425,,,1256,,1308,652,1253,984,1222,1193,1064,922,1154,156,"{""type"":""Point"",""coordinates"":[-72.28098018761013,42.33879885618223]}"
0000000000000000009c,427,873,740,553,1281,606,463,416,444,441,934,1819,609,605,1005,855,775,668,681,850,808,1060,,1558,712,1083,1088,784,880,1850,1009,,755,722,561,323,,356,291,1021,496,450,476,302,427,507,418,525,422,383,643,446,621,462,404,1131,785,770,1006,1004,921,1311,2647,1737,1303,837,706,1335,1400,1237,1466,1255,1125,1237,1464,2354,2203,2493,,1927,,1539,1322,1532,1433,1432,1398,1352,1024,1171,157,"{""type"":""Point"",""coordinates"":[-72.27816649484541,42.33801405439682]}"
0000000000000000009d,1132,1278,1346,1002,1167,1330,777,874,877,852,1612,1515,814,873,1011,994,634,1001,624,631,638,530,,1112,320,921,616,510,380,1739,1013,,434,379,505,346,,320,57,980,401,200,343,393,406,361,371,365,273,362,618,557,663,540,498,1065,773,823,836,903,786,1243,2555,1536,1030,761,569,1226,1241,906,1249,1030,877,939,1162,2194,1900,2422,,1592,,1324,928,1314,1072,1163,1075,964,726,919,158,"{""type"":""Point"",""coordinates"":[-72.27674850071041,42.33775096743467]}"
0000000000000000009e,979,849,627,525,702,1214,976,795,1689,719,1242,1554,1405,893,850,1038,852,718,596,615,814,1124,523,1427,614,1230,1214,1089,798,1797,718,,719,514,488,253,,331,352,401,558,190,436,599,486,417,441,481,612,1797,592,584,569,732,622,741,427,489,340,819,370,504,411,429,488,483,273,178,,,607,724,205,280,402,1061,1126,1149,455,757,,1057,423,753,644,757,828,685,652,839,159,"{""type"":""Point"",""coordinates"":[-72.2826880233136,42.34061371031098]}"
0000000000000000009f,954,956,708,629,1284,877,903,587,468,519,1249,585,446,477,681,1038,945,686,802,761,707,532,643,668,524,695,643,773,697,712,903,892,799,814,876,789,,886,646,924,1354,739,892,701,833,1203,1187,652,955,839,1268,1031,1106,901,1066,1365,1014,799,759,994,900,594,609,806,1022,454,413,1219,1126,875,628,808,702,552,688,1270,1714,1640,1118,1007,,791,635,1091,739,893,981,823,910,703,160,"{""type"":""Point"",""coordinates"":[-72.26698306940337,42.338410914390586]}"
000000000000000000a0,1070,1025,,1155,1136,731,1015,676,680,483,830,1000,704,796,830,488,739,642,820,596,898,1193,952,416,665,1650,1248,1189,899,886,855,1076,738,947,887,323,,522,407,660,738,418,469,1385,730,606,735,592,599,992,621,506,442,475,754,1157,963,791,577,658,659,830,639,678,655,627,285,772,830,865,533,621,731,541,620,969,1206,1143,541,540,,682,528,877,861,1204,1108,1146,917,1409,161,"{""type"":""Point"",""coordinates"":[-72.23645160449041,42.43383121783327]}"
000000000000000000a1,875,516,130,608,531,962,991,892,623,449,707,682,447,357,490,570,823,1130,635,958,663,1108,,471,528,1236,1070,865,632,544,615,906,629,634,677,384,,534,337,496,667,393,507,436,561,579,468,519,415,399,488,766,350,639,676,632,678,783,739,584,470,299,448,585,447,531,350,665,558,553,566,571,765,703,678,787,929,680,940,750,,639,647,478,338,628,450,407,530,395,162,"{""type"":""Point"",""coordinates"":[-72.24239558619466,42.43634169172636]}"
000000000000000000a2,793,514,182,589,548,941,1038,800,604,505,717,545,405,361,592,641,833,1226,460,910,686,937,,502,548,1144,1116,832,648,595,658,862,669,652,686,364,,745,363,483,634,314,436,440,554,427,440,455,389,374,410,582,304,470,466,870,887,656,661,504,561,322,237,339,480,632,416,547,364,503,528,632,566,613,572,669,1124,268,704,496,,470,458,267,169,468,406,369,539,378,163,"{""type"":""Point"",""coordinates"":[-72.24167767092506,42.43610981847157]}"
000000000000000000a3,1025,624,71,833,622,1237,1211,997,931,741,1114,761,579,623,816,860,890,1097,966,759,973,1076,,683,828,1483,1254,1103,1227,965,973,1270,988,973,1113,736,,962,531,842,1134,714,1067,921,1082,598,376,825,528,296,519,788,368,684,586,727,977,954,879,595,667,509,908,788,541,892,748,861,708,738,795,1128,1156,1190,927,1002,1020,804,1338,1008,,899,795,644,554,1080,809,741,895,760,164,"{""type"":""Point"",""coordinates"":[-72.24363521628752,42.43621237779581]}"
000000000000000000a4,1221,881,458,836,666,1133,1264,1023,983,808,1187,1031,728,769,875,895,971,952,717,800,1320,1427,1201,826,956,1982,1649,1556,1256,1156,1254,1400,1083,1717,1101,313,,416,414,552,734,266,479,1220,619,1658,609,557,572,788,968,667,540,914,445,1291,1137,839,799,820,765,1317,952,758,758,832,714,817,701,717,712,1041,1061,870,930,1056,1226,890,,948,,749,709,819,766,981,984,1168,854,938,165,"{""type"":""Point"",""coordinates"":[-72.23177400748536,42.433942695359605]}"
000000000000000000a5,1244,1389,729,1561,1153,506,945,815,448,275,718,837,445,658,674,621,543,601,294,346,264,703,,333,337,731,675,501,707,389,497,,546,579,453,221,,343,203,250,543,406,564,208,372,435,393,290,286,352,397,375,310,257,368,719,435,1155,1178,679,700,870,910,929,683,815,535,1084,1200,865,784,900,1242,1260,1146,1197,1380,1505,,1261,,851,593,815,712,1442,1035,930,934,800,166,"{""type"":""Point"",""coordinates"":[-72.24899505575375,42.43191826348135]}"
000000000000000000a6,882,828,,989,1143,758,947,690,646,565,927,718,462,636,838,499,847,905,603,600,923,1164,883,670,778,1544,1095,1251,1268,761,638,662,715,724,839,824,,735,417,868,755,247,473,1058,558,497,639,334,512,1046,719,567,421,659,433,1484,832,599,374,690,642,775,613,1312,703,756,616,821,948,831,637,734,950,726,731,924,991,1215,785,744,,568,428,445,403,867,543,568,1597,369,167,"{""type"":""Point"",""coordinates"":[-72.23271933690869,42.43145005787073]}"
000000000000000000a7,1114,1048,,1011,895,847,701,546,803,214,956,1004,494,618,693,893,686,626,565,509,932,774,,443,550,1194,844,835,1225,559,595,680,776,631,728,630,,701,664,864,526,275,360,378,317,345,338,290,282,371,410,537,344,273,267,1327,599,682,494,669,624,527,699,1164,667,580,464,841,961,716,749,844,848,548,704,1105,1277,1307,536,531,,509,493,615,455,761,727,627,668,686,168,"{""type"":""Point"",""coordinates"":[-72.23361115711937,42.43075889720745]}"
000000000000000000a8,1333,1391,,1599,1530,843,760,689,1068,697,815,626,765,755,560,503,487,680,392,606,581,1339,,1609,574,682,556,494,406,417,590,314,634,486,565,292,,557,,555,273,222,342,325,305,334,362,257,367,390,351,408,412,594,467,645,569,666,1021,565,781,625,762,850,873,543,547,731,546,943,514,458,539,494,472,743,792,803,292,344,,359,277,621,715,830,855,969,806,1228,169,"{""type"":""Point"",""coordinates"":[-72.23193453512327,42.42853826488283]}"
000000000000000000a9,986,632,,638,620,1011,1265,775,912,730,1090,701,753,876,1042,683,936,996,777,726,1204,1418,1224,1072,1175,1970,1661,1772,1510,1364,1040,1133,1016,977,1093,447,,688,566,824,859,453,845,1381,967,751,838,704,976,1396,532,409,392,680,452,1481,828,643,514,451,638,900,673,656,602,957,929,1013,928,811,745,1069,1318,1155,1004,923,1080,1145,1100,976,,1128,874,1160,1221,2185,1690,1560,1309,1861,170,"{""type"":""Point"",""coordinates"":[-72.23631337235776,42.43238646909195]}"
000000000000000000aa,937,707,660,689,612,843,1120,744,757,587,803,466,524,563,800,446,704,730,1091,523,942,1139,940,582,822,1600,1326,1051,1054,985,805,1026,735,910,908,486,,551,386,784,900,519,758,882,867,716,770,1280,955,1994,787,651,485,1036,732,1093,841,711,1141,1081,655,1216,1409,1091,747,625,298,880,894,631,595,689,931,788,848,1007,1287,1642,,1074,,895,786,1155,913,1114,814,676,976,774,171,"{""type"":""Point"",""coordinates"":[-72.2423153223757,42.43322032098895]}"
000000000000000000ab,1148,1421,305,888,952,663,1236,758,623,424,833,538,587,720,846,576,870,870,734,670,1004,1296,,865,1000,1592,1433,1120,1417,1037,1056,1080,924,997,1046,933,,710,367,1036,926,551,850,711,980,519,463,723,472,385,463,331,335,288,291,853,830,549,942,377,605,1026,1686,1179,802,683,554,1037,1117,797,1013,990,1204,942,1068,1406,1804,1751,,1307,,1115,1063,1242,1179,1443,1445,1294,1132,1376,172,"{""type"":""Point"",""coordinates"":[-72.24375115291491,42.432359714485635]}"
000000000000000000ac,1267,1324,,1530,1075,577,1019,466,828,325,909,399,542,645,874,524,693,535,392,485,312,1120,,489,748,1413,1239,776,701,719,768,1077,686,589,778,829,,734,443,1012,476,294,500,446,427,323,323,473,353,362,320,685,350,332,336,1538,853,984,1062,735,694,865,989,1213,826,875,955,1090,1143,969,846,1205,1444,1202,1165,1140,1490,1393,1284,1264,,1220,886,919,958,1979,1476,1273,1247,1227,173,"{""type"":""Point"",""coordinates"":[-72.23529223821652,42.43077227451061]}"
000000000000000000ad,808,968,,600,529,770,574,751,695,446,779,656,474,833,564,523,567,466,487,975,483,712,,580,851,1168,1022,1170,1173,645,661,888,750,659,580,298,,427,,512,409,274,391,365,435,420,389,1510,438,422,336,659,362,316,321,638,798,1210,736,630,602,741,870,1052,680,715,630,1103,1286,944,822,910,1296,1002,959,1213,1314,1555,1158,1322,,950,723,615,554,1333,894,720,786,656,174,"{""type"":""Point"",""coordinates"":[-72.23856521838975,42.42984032239043]}"
000000000000000000ae,974,786,525,798,786,858,963,754,716,681,756,750,489,737,715,433,735,705,535,449,859,1146,839,691,750,1472,1194,1456,1090,795,730,786,802,738,785,532,,705,387,815,622,237,464,956,501,398,626,386,445,963,641,309,390,543,371,1357,792,526,516,588,541,720,500,525,516,592,507,853,704,753,485,686,748,541,543,774,888,920,629,676,,451,342,543,677,1004,808,605,695,880,175,"{""type"":""Point"",""coordinates"":[-72.2342978586816,42.431989609098196]}"
000000000000000000af,1021,860,638,946,960,456,1015,576,466,241,745,494,445,570,614,575,939,791,1230,513,838,1114,,510,790,1102,892,847,961,851,589,630,637,685,726,556,,450,322,669,739,401,502,505,531,463,667,245,765,615,695,493,548,371,440,884,702,662,422,1144,727,726,757,674,540,739,659,958,988,646,619,643,960,742,781,997,1489,1225,,902,,783,635,817,810,1274,1431,1106,962,967,176,"{""type"":""Point"",""coordinates"":[-72.24709993780604,42.433590426376384]}"
000000000000000000b0,1230,1450,706,1497,1046,604,462,838,537,256,931,436,486,547,442,724,657,590,945,622,427,716,,385,617,1903,775,803,662,712,766,1408,946,837,604,681,,1036,690,584,974,985,2677,1199,588,569,479,792,446,536,263,345,433,263,639,598,543,802,845,719,662,793,617,601,609,602,704,1015,,599,654,974,902,903,966,860,1411,1065,1043,965,,953,762,495,594,1106,1072,2404,1071,938,177,"{""type"":""Point"",""coordinates"":[-72.25018117663397,42.43025947788946]}"
000000000000000000b1,640,548,,824,539,562,558,571,1045,282,678,695,320,672,300,323,417,543,381,455,380,483,,588,607,411,492,1133,1110,820,640,623,1098,1117,1005,609,,998,,902,359,244,637,353,378,410,421,431,499,460,399,386,484,569,525,1022,471,540,730,456,598,474,632,589,619,674,759,668,703,555,704,947,675,787,627,754,1013,641,897,833,,844,924,831,743,1128,1103,1151,1180,1212,178,"{""type"":""Point"",""coordinates"":[-72.23410165823525,42.42813694578802]}"
000000000000000000b2,1289,1475,,1748,1407,527,723,411,573,377,993,807,667,950,1317,739,570,347,384,642,614,568,,432,624,558,502,539,712,506,685,525,637,608,664,346,,329,,618,540,445,373,562,399,487,503,267,345,479,287,415,792,518,442,498,313,476,559,398,386,311,538,554,632,418,435,580,704,559,543,514,505,588,550,699,934,517,651,737,,696,459,828,541,950,877,629,827,819,179,"{""type"":""Point"",""coordinates"":[-72.23342833397618,42.42723174827417]}"
000000000000000000b3,887,540,259,490,526,1009,692,628,661,579,374,897,742,636,804,313,835,1049,1478,630,565,1082,952,883,623,776,763,1221,1323,728,754,651,822,1144,935,853,,1011,967,1070,516,340,290,558,351,425,610,334,374,902,543,484,913,501,527,736,685,610,1035,563,319,620,474,449,489,416,326,632,264,168,275,460,373,377,263,462,1186,338,412,343,282,311,272,268,338,283,324,583,436,385,180,"{""type"":""Point"",""coordinates"":[-72.23543492945024,42.424739110785296]}"
000000000000000000b4,1706,1660,942,2026,1818,574,511,979,615,814,665,643,482,453,760,594,656,537,844,664,649,475,,574,608,838,458,989,990,546,354,1162,562,402,479,344,,557,308,678,544,367,546,669,675,1035,348,746,579,732,564,364,1070,524,428,752,482,863,697,708,288,1068,627,536,334,391,290,705,,797,446,397,567,638,482,652,946,475,660,520,,536,587,639,790,744,946,864,829,796,181,"{""type"":""Point"",""coordinates"":[-72.25134500200893,42.4279853363522]}"
000000000000000000b5,785,475,438,529,411,564,980,602,595,453,341,443,402,437,678,720,726,644,838,739,741,789,,477,648,1109,1052,688,1249,707,854,607,695,1234,906,729,,947,689,971,535,341,277,351,470,315,391,883,311,337,291,454,320,284,393,882,411,668,658,446,627,340,552,707,1367,840,709,690,581,1605,701,1070,945,1104,1086,950,1347,559,1346,1102,,1022,1020,571,593,904,824,720,817,535,182,"{""type"":""Point"",""coordinates"":[-72.23809701277914,42.42660747412669]}"
000000000000000000b6,720,445,680,654,504,696,853,937,821,458,485,745,735,1049,676,532,854,1155,824,870,665,893,806,689,741,1079,728,971,1068,595,511,681,647,1121,789,600,,892,823,1051,359,334,1064,603,637,1381,483,670,533,687,631,574,587,525,510,840,673,759,719,669,468,539,460,462,2128,523,506,360,493,491,500,683,444,590,486,517,735,299,635,499,,378,343,448,244,459,370,363,552,256,183,"{""type"":""Point"",""coordinates"":[-72.23993862151421,42.42605008649501]}"
000000000000000000b7,887,601,1204,798,830,940,792,1099,978,646,1269,910,625,566,546,994,676,860,849,627,818,838,724,511,577,1229,795,879,1083,622,651,596,620,1372,643,493,,752,654,791,605,312,548,864,832,633,749,798,698,1146,551,607,667,456,730,913,877,813,795,933,454,337,443,651,1376,366,480,626,776,634,667,667,602,531,481,901,1303,821,594,724,,427,368,351,412,468,557,502,739,466,184,"{""type"":""Point"",""coordinates"":[-72.23925637905303,42.425729031219156]}"
000000000000000000b8,838,1071,369,909,744,516,278,607,461,188,756,858,419,865,397,693,613,603,781,501,420,792,,378,329,636,542,471,463,372,541,,600,543,456,214,,401,,306,392,311,419,478,474,457,398,524,308,335,379,662,455,357,329,745,775,1094,956,567,614,557,756,824,612,629,526,1039,1230,643,565,716,661,698,731,913,1290,1282,785,993,,491,310,615,724,1155,1032,947,875,776,185,"{""type"":""Point"",""coordinates"":[-72.24829051778731,42.43053148305372]}"
000000000000000000b9,1042,1120,363,1218,994,585,703,440,598,477,736,415,329,893,569,548,453,426,1182,306,331,480,,719,521,1318,664,747,645,597,476,729,648,804,713,425,,619,650,606,602,480,469,374,524,718,581,644,432,442,683,510,525,559,430,727,769,862,894,579,541,372,472,454,397,814,680,659,614,492,669,934,1044,827,768,737,1182,590,836,607,,788,702,394,424,1053,1089,860,936,763,186,"{""type"":""Point"",""coordinates"":[-72.24836632250522,42.42877013813761]}"
000000000000000000ba,1095,805,263,1212,1017,890,1111,791,881,726,796,841,651,904,1172,682,613,647,476,638,659,723,,570,725,844,982,866,1149,624,745,766,794,840,735,670,,894,774,884,438,235,558,377,408,362,438,274,330,396,333,373,521,497,387,951,565,660,561,435,508,362,409,511,490,570,573,457,433,593,529,635,557,672,659,581,905,613,,710,,715,583,522,687,1034,759,2140,891,708,187,"{""type"":""Point"",""coordinates"":[-72.24318484708112,42.42766874017741]}"
000000000000000000bb,697,442,308,538,557,640,835,455,517,442,547,908,428,407,737,513,597,605,1268,539,466,418,,704,422,964,658,715,746,458,460,420,600,1005,624,379,,581,338,600,543,336,394,393,528,806,471,709,460,381,830,492,459,742,336,864,866,1025,940,568,475,395,460,500,421,723,654,670,614,549,591,861,960,891,767,846,1151,654,951,746,,540,286,362,588,964,952,580,932,482,188,"{""type"":""Point"",""coordinates"":[-72.24907531957273,42.42813248668697]}"
000000000000000000bc,716,428,221,731,730,465,862,450,407,352,419,636,344,646,601,538,749,417,397,490,620,641,427,381,545,1628,802,833,630,574,706,640,644,575,616,412,,598,588,646,535,371,552,611,592,471,402,1355,604,787,498,517,523,898,615,883,655,805,720,730,590,480,464,619,685,635,506,778,712,670,721,825,880,1182,964,705,1194,547,1270,892,,771,674,291,490,911,693,650,809,484,189,"{""type"":""Point"",""coordinates"":[-72.24542331580994,42.42744132602368]}"
000000000000000000bd,614,321,251,463,497,549,700,709,504,375,499,665,431,688,637,553,722,428,402,470,696,695,457,520,568,1823,899,927,777,610,713,721,697,1294,636,418,,559,569,603,555,250,346,455,501,425,349,507,430,591,514,490,477,781,508,1005,623,743,665,718,605,632,536,543,759,644,525,564,564,533,597,770,735,762,723,688,1121,524,871,658,,644,533,382,369,803,582,504,669,436,190,"{""type"":""Point"",""coordinates"":[-72.24487484638037,42.42699095681728]}"
000000000000000000be,932,902,491,1275,1079,648,1342,1171,579,480,856,905,453,543,910,673,540,664,617,622,742,499,662,525,499,1086,597,722,807,592,378,595,601,672,747,502,,706,496,899,697,533,620,803,828,668,560,657,657,915,603,503,526,455,585,989,821,734,643,699,593,760,648,668,576,703,548,711,788,693,688,799,978,1041,995,972,1174,858,1134,983,,783,671,604,665,1189,1066,1103,1139,934,191,"{""type"":""Point"",""coordinates"":[-72.2478891986925,42.42710243434362]}"
000000000000000000bf,710,598,723,676,548,641,934,699,919,673,467,732,983,889,1130,497,615,452,461,592,549,1060,435,904,1100,1417,720,889,1517,694,548,,533,716,789,532,,566,461,611,430,233,273,445,344,461,479,485,547,561,604,627,684,641,641,901,700,761,1002,790,710,544,563,779,714,648,617,736,781,745,727,905,677,838,802,704,993,630,915,788,,807,795,412,611,1002,808,773,874,687,192,"{""type"":""Point"",""coordinates"":[-72.2413476974471,42.425180561789595]}"
000000000000000000c0,1147,739,394,650,807,679,598,840,659,543,777,575,513,614,931,506,703,656,1729,646,882,1071,795,614,827,1389,1219,1034,1125,1147,1081,1157,945,1786,1115,641,,706,387,707,1155,516,2312,1084,999,1075,1285,883,1067,1370,876,739,684,655,786,864,893,550,744,688,706,943,735,784,701,893,852,1018,1103,905,941,1247,1352,1356,1270,1063,1266,1398,1274,1387,,995,751,868,936,1814,1141,1335,1168,1242,193,"{""type"":""Point"",""coordinates"":[-72.24537872479941,42.425189479991694]}"
000000000000000000c1,1060,740,289,684,723,1080,913,703,817,911,1044,874,945,908,954,515,1301,1619,1264,858,803,1397,1756,967,1113,930,933,1328,1233,1098,708,663,971,1863,860,663,,808,682,892,537,516,514,986,467,601,742,657,600,628,727,938,739,652,608,807,769,673,947,783,417,764,843,698,649,256,379,470,358,268,432,479,433,373,411,605,970,434,498,498,,398,360,534,517,331,371,474,622,564,194,"{""type"":""Point"",""coordinates"":[-72.23857859569291,42.42369122203773]}"
000000000000000000c2,933,633,539,562,755,618,1032,1090,617,685,458,708,406,475,721,556,563,539,2187,279,436,636,544,587,587,694,677,678,820,473,549,,744,1027,568,609,,741,626,661,618,582,519,528,487,246,790,439,410,351,428,346,417,374,423,823,798,1008,921,623,494,716,581,612,511,594,456,571,421,548,545,674,841,1008,799,557,1064,420,859,574,,765,718,235,527,953,678,1199,705,532,195,"{""type"":""Point"",""coordinates"":[-72.24344793404327,42.424574124046316]}"
000000000000000000c3,779,825,211,455,485,476,821,818,523,319,610,513,481,487,810,507,709,550,378,528,553,1514,,809,688,1465,1101,774,942,757,685,,569,621,821,358,,552,399,395,451,249,404,235,272,378,273,444,233,232,514,486,406,207,211,729,487,1389,875,774,453,852,834,893,585,577,586,1116,1273,709,691,785,1187,1025,877,1094,1189,1150,1109,985,,1218,938,1035,1047,1748,1516,1386,1330,1285,196,"{""type"":""Point"",""coordinates"":[-72.24429516324342,42.42218404588168]}"
000000000000000000c4,1380,1093,591,1579,1322,457,208,921,409,289,750,454,467,426,500,458,571,614,1020,503,631,434,,402,419,821,589,768,762,572,488,1091,779,637,634,334,,658,401,841,701,382,1206,883,925,621,463,451,663,995,658,395,433,413,466,958,660,808,660,733,612,855,581,599,604,459,348,694,,979,545,529,864,790,779,860,1475,1085,908,890,,735,490,548,631,1164,1111,787,936,893,197,"{""type"":""Point"",""coordinates"":[-72.25334713838193,42.42782034961323]}"
000000000000000000c5,3926,3615,898,2991,1216,1450,1117,1642,1084,1622,1099,988,969,1125,1351,1012,967,933,924,1114,594,615,,592,734,1120,950,736,926,1064,863,,876,985,1025,547,,830,925,871,471,325,410,284,457,506,462,1023,525,244,481,320,385,671,414,839,617,660,1383,638,688,536,603,534,612,483,398,694,681,568,714,739,808,771,722,996,1408,1183,,966,,674,589,333,410,663,865,2159,1184,620,198,"{""type"":""Point"",""coordinates"":[-72.25036399977716,42.42426644607363]}"
000000000000000000c6,630,660,279,595,484,535,383,955,661,439,237,635,431,380,320,490,567,884,400,453,409,1436,,445,354,511,613,956,1034,422,520,,700,567,462,395,,618,,452,329,237,393,213,251,306,349,520,290,404,409,396,246,329,207,647,641,611,810,374,596,358,359,687,579,547,314,674,711,643,600,421,574,574,552,631,1119,493,386,454,,383,401,493,106,230,333,246,525,369,199,"{""type"":""Point"",""coordinates"":[-72.2420477763125,42.420989006799346]}"
000000000000000000c7,788,422,,302,433,792,1085,530,439,429,980,816,532,476,1188,500,367,,,1544,360,597,,338,499,504,684,626,374,492,592,,570,565,,482,,498,497,,772,1591,531,546,475,524,535,2061,389,668,,918,916,524,519,1107,1073,989,661,913,940,1064,,789,1029,710,500,538,,512,805,692,815,731,657,534,486,,379,294,,386,410,,211,617,1172,765,426,,200,"{""type"":""Point"",""coordinates"":[-72.40544707531497,42.42015515490235]}"
000000000000000000c8,759,652,422,487,423,538,349,588,470,308,487,574,314,239,282,584,852,789,288,470,528,1877,,471,486,658,746,798,721,538,530,,826,739,709,161,,695,,782,348,350,461,454,401,340,281,629,329,234,518,703,289,447,216,808,788,733,846,427,527,852,1539,1527,948,512,490,1155,1418,961,964,1081,1285,896,817,1432,1873,1812,1094,1417,,858,910,1086,1049,1139,974,924,889,891,201,"{""type"":""Point"",""coordinates"":[-72.24142796126606,42.42046283287504]}"
000000000000000000c9,2458,2527,905,3342,2227,782,817,1525,855,1161,536,564,666,3332,702,628,672,695,1251,617,677,666,,510,489,833,1024,851,609,631,766,,1050,779,598,410,,635,,547,388,295,701,503,589,435,328,614,466,254,604,543,534,557,492,1078,768,973,1006,992,618,1136,1909,1512,953,593,607,1420,1503,958,1223,1020,1534,1036,976,1735,2276,2076,1291,1556,,925,906,1159,1018,1196,1526,2242,1205,1132,202,"{""type"":""Point"",""coordinates"":[-72.25057803662773,42.42258090587543]}"
000000000000000000ca,954,852,326,593,435,648,404,1152,581,427,529,754,438,548,486,725,636,681,541,610,752,904,,457,968,724,1115,752,639,717,711,,1112,875,771,265,,449,267,290,425,348,338,227,251,374,314,531,323,314,477,613,299,252,319,731,599,1625,1423,909,584,1206,1221,1274,1004,654,640,1345,1596,1140,955,807,1442,1089,901,1402,1414,1627,,1316,,1006,737,1052,1200,1853,1525,1374,1250,1302,203,"{""type"":""Point"",""coordinates"":[-72.24627500411115,42.42089090657616]}"
000000000000000000cb,923,1254,294,1009,363,547,427,1456,626,322,572,1170,469,319,750,1074,566,397,269,562,879,894,,818,853,768,915,978,821,913,865,1360,1125,994,998,1208,,1308,1224,1330,1729,1860,1850,2057,1958,1858,1635,2142,1843,863,1366,1196,1418,1830,1343,810,970,1072,1122,1067,1156,1298,,1119,886,1366,1271,1379,1286,1264,1151,1172,1578,1440,1305,1047,1277,1154,,1217,,746,789,563,468,920,845,825,702,498,204,"{""type"":""Point"",""coordinates"":[-72.2500919946129,42.42087307017196]}"