system:index,2005-04-15_tcg_stddev,2005-05-15_tcg_stddev,2005-06-15_tcg_stddev,2005-07-15_tcg_stddev,2005-08-15_tcg_stddev,2006-04-15_tcg_stddev,2006-05-15_tcg_stddev,2006-06-15_tcg_stddev,2006-07-15_tcg_stddev,2006-08-15_tcg_stddev,2007-04-15_tcg_stddev,2007-05-15_tcg_stddev,2007-06-15_tcg_stddev,2007-07-15_tcg_stddev,2007-08-15_tcg_stddev,2008-04-15_tcg_stddev,2008-05-15_tcg_stddev,2008-06-15_tcg_stddev,2008-07-15_tcg_stddev,2008-08-15_tcg_stddev,2009-04-15_tcg_stddev,2009-05-15_tcg_stddev,2009-06-15_tcg_stddev,2009-07-15_tcg_stddev,2009-08-15_tcg_stddev,2010-04-15_tcg_stddev,2010-05-15_tcg_stddev,2010-06-15_tcg_stddev,2010-07-15_tcg_stddev,2010-08-15_tcg_stddev,2011-04-15_tcg_stddev,2011-05-15_tcg_stddev,2011-06-15_tcg_stddev,2011-07-15_tcg_stddev,2011-08-15_tcg_stddev,2012-04-15_tcg_stddev,2012-05-15_tcg_stddev,2012-06-15_tcg_stddev,2012-07-15_tcg_stddev,2012-08-15_tcg_stddev,2013-04-15_tcg_stddev,2013-05-15_tcg_stddev,2013-06-15_tcg_stddev,2013-07-15_tcg_stddev,2013-08-15_tcg_stddev,2014-04-15_tcg_stddev,2014-05-15_tcg_stddev,2014-06-15_tcg_stddev,2014-07-15_tcg_stddev,2014-08-15_tcg_stddev,2015-04-15_tcg_stddev,2015-05-15_tcg_stddev,2015-06-15_tcg_stddev,2015-07-15_tcg_stddev,2015-08-15_tcg_stddev,2016-04-15_tcg_stddev,2016-05-15_tcg_stddev,2016-06-15_tcg_stddev,2016-07-15_tcg_stddev,2016-08-15_tcg_stddev,2017-04-15_tcg_stddev,2017-05-15_tcg_stddev,2017-06-15_tcg_stddev,2017-07-15_tcg_stddev,2017-08-15_tcg_stddev,2018-04-15_tcg_stddev,2018-05-15_tcg_stddev,2018-06-15_tcg_stddev,2018-07-15_tcg_stddev,2018-08-15_tcg_stddev,2019-04-15_tcg_stddev,2019-05-15_tcg_stddev,2019-06-15_tcg_stddev,2019-07-15_tcg_stddev,2019-08-15_tcg_stddev,2020-04-15_tcg_stddev,2020-05-15_tcg_stddev,2020-06-15_tcg_stddev,2020-07-15_tcg_stddev,2020-08-15_tcg_stddev,2021-04-15_tcg_stddev,2021-05-15_tcg_stddev,2021-06-15_tcg_stddev,2021-07-15_tcg_stddev,2021-08-15_tcg_stddev,2022-04-15_tcg_stddev,2022-05-15_tcg_stddev,2022-06-15_tcg_stddev,2022-07-15_tcg_stddev,2022-08-15_tcg_stddev,id,.geo
0,13,0,,0,0,8,32,0,2,0,4,0,0,4,27,14,5,0,,2,0,30,,0,8,13,3,9,0,12,19,,0,2,,0,,2,0,0,0,0,0,0,0,0,0,0,0,9,0,0,,0,0,0,40,4,14,0,2,14,,1,10,3,0,0,,,0,0,17,5,0,,0,,0,0,,0,0,,0,0,35,4,1,,1,"{""type"":""Point"",""coordinates"":[-72.38961280747418,42.31862588301645]}"
1,10,0,,0,0,8,25,0,2,0,1,0,0,3,27,9,3,0,,2,0,32,,0,8,4,4,13,0,14,20,,0,0,,0,,2,0,0,0,0,0,0,0,0,0,0,0,6,0,0,,0,0,0,5,3,13,0,1,13,,2,10,3,0,0,,,0,0,18,1,0,,0,,0,0,,0,0,,0,0,25,1,0,,2,"{""type"":""Point"",""coordinates"":[-72.39003642207425,42.318465355378514]}"
2,17,0,,,0,4,32,17,46,0,0,38,1,7,30,19,13,0,0,0,0,0,,0,1,9,4,18,0,14,21,0,19,0,,0,,3,0,0,0,22,,,0,0,0,0,0,0,4,0,,0,0,5,40,4,18,4,1,0,,1,10,5,0,0,,,0,0,0,12,0,,0,,0,0,,0,0,,,0,18,6,12,,3,"{""type"":""Point"",""coordinates"":[-72.37851856405321,42.32352197597313]}"
3,14,0,,0,0,9,45,4,40,0,0,48,2,14,80,18,21,0,0,1,0,0,,12,5,19,7,9,4,10,21,0,30,5,,0,,0,0,26,0,23,0,0,,0,0,3,0,,9,0,,0,5,3,60,9,6,5,1,15,,6,9,1,0,0,,,0,0,0,13,0,,0,,0,0,,0,0,,,0,27,0,17,,4,"{""type"":""Point"",""coordinates"":[-72.37846505484056,42.32151983960013]}"
4,19,0,0,0,0,0,42,19,6,0,0,51,4,13,15,33,25,,0,3,0,28,,23,0,32,6,23,0,15,29,,22,2,,,,3,0,0,0,27,0,0,0,0,0,0,0,13,0,,0,0,7,0,90,13,11,0,2,6,,0,15,4,0,0,,,0,0,0,0,0,,0,,0,0,,0,0,,,0,31,3,13,,5,"{""type"":""Point"",""coordinates"":[-72.37580743061271,42.31827807313427]}"
5,14,0,,0,0,9,,20,0,0,5,0,3,0,21,22,0,31,0,9,0,0,,11,6,15,2,11,,15,19,,25,3,,0,,4,0,0,0,39,0,0,0,0,,39,0,12,0,0,,0,0,2,33,8,14,13,1,0,,8,11,0,0,0,,,0,0,0,87,0,,0,,0,0,,0,0,,,0,43,0,0,0,6,"{""type"":""Point"",""coordinates"":[-72.38739663425062,42.32410165911008]}"
6,14,0,0,0,0,0,49,16,12,0,0,59,2,13,30,20,23,,0,2,0,33,,9,0,16,7,7,0,15,20,,21,3,,,,2,0,0,,0,0,0,0,0,0,0,,14,5,,,0,0,2,62,9,20,0,0,8,,0,13,5,0,0,,,0,0,0,21,0,,0,,0,0,,0,0,,,0,39,9,0,,7,"{""type"":""Point"",""coordinates"":[-72.37991426268293,42.31930812547762]}"
7,12,0,,0,0,0,54,9,4,0,5,57,6,8,25,18,0,,0,2,0,18,,5,0,10,4,7,0,12,20,,36,3,,,,1,0,0,0,34,0,0,0,0,0,0,0,7,,,,0,0,2,50,4,4,0,0,17,,0,9,4,0,0,,,0,0,0,0,0,,0,,0,0,,0,0,,0,0,33,0,8,,8,"{""type"":""Point"",""coordinates"":[-72.38580473517453,42.31988334951352]}"
8,13,0,,0,0,5,37,2,5,0,0,54,0,2,33,15,18,0,0,2,0,8,,6,4,25,0,11,0,11,19,0,0,2,,0,,5,0,11,0,33,0,0,0,0,0,,0,10,0,0,,0,0,2,46,2,15,10,4,26,,7,6,0,0,0,,,0,0,0,16,0,,0,,0,0,,0,0,,,0,23,4,0,,9,"{""type"":""Point"",""coordinates"":[-72.38163547568956,42.32102933848425]}"
9,13,0,,0,0,7,48,7,13,0,0,48,0,4,83,18,21,0,0,2,0,38,,15,9,14,9,14,0,16,19,0,30,6,,0,,0,0,20,0,33,0,0,,0,0,0,0,,13,0,,0,8,0,44,9,13,7,0,16,,8,1,3,0,0,,,0,0,0,14,0,,0,,0,0,,0,0,,,0,31,7,24,,10,"{""type"":""Point"",""coordinates"":[-72.37851856405321,42.321287966345345]}"
0000000000000000000a,3,6,0,6,0,1,3,2,3,0,4,3,4,2,16,1,0,0,4,2,0,0,0,1,4,2,2,7,2,4,2,,0,0,0,0,,4,0,,2,0,0,0,1,0,0,3,0,0,1,,7,0,4,3,0,5,0,4,3,2,1,8,2,1,0,0,,0,0,,7,9,0,0,0,,0,0,,0,0,,0,0,0,2,3,0,11,"{""type"":""Point"",""coordinates"":[-72.32327922020312,42.319406225700796]}"
0000000000000000000b,25,0,0,0,0,6,32,24,10,0,0,45,0,15,33,30,15,,0,2,0,25,,12,7,34,7,10,0,14,36,,21,0,,0,,1,0,0,0,0,0,0,0,0,0,0,0,32,0,0,0,0,7,3,79,13,12,2,1,8,,0,7,4,0,0,,,0,0,0,6,0,,0,,0,0,,0,0,,,0,27,7,0,,12,"{""type"":""Point"",""coordinates"":[-72.37718975193927,42.31735949831727]}"
0000000000000000000c,26,0,,0,0,12,33,26,7,0,0,47,0,12,37,35,14,,0,0,0,24,,0,12,32,6,58,0,15,41,,22,4,,0,,1,0,17,0,0,0,0,0,0,0,0,0,92,3,0,0,0,40,0,76,14,14,7,2,4,,7,9,6,0,0,,,0,0,0,10,0,,0,,0,0,,0,0,,,0,30,6,0,,13,"{""type"":""Point"",""coordinates"":[-72.37763120294356,42.317230184386716]}"
0000000000000000000d,25,0,0,0,0,8,29,23,9,0,0,48,0,14,26,35,20,,0,3,0,23,,0,10,34,6,8,5,11,42,,24,2,,0,,3,,17,0,0,0,0,0,0,0,0,0,0,0,0,0,0,38,0,80,16,18,0,4,1,,2,9,7,0,0,,,0,0,0,3,0,,0,,0,0,,0,0,,,0,28,3,0,,14,"{""type"":""Point"",""coordinates"":[-72.37682410565289,42.31629823226655]}"
0000000000000000000e,2,5,0,7,6,0,0,4,5,0,4,5,6,0,2,2,2,5,0,3,0,1,0,3,7,2,0,10,5,4,2,5,8,3,0,0,,4,0,0,2,0,2,0,1,0,0,0,0,0,0,0,21,0,0,2,0,4,1,0,2,0,2,0,3,6,0,0,,0,0,0,0,0,0,0,0,,0,0,,0,0,,0,0,0,15,1,0,15,"{""type"":""Point"",""coordinates"":[-72.30206281739082,42.316489973611844]}"
0000000000000000000f,17,0,,0,0,0,48,8,17,0,6,57,0,6,55,14,13,,0,4,0,9,,8,0,31,4,7,0,17,20,,25,2,,,,3,0,0,0,33,0,0,0,0,0,0,0,3,0,,,0,0,5,53,2,16,0,1,29,,0,11,0,0,0,,,0,0,0,46,0,,0,,0,0,,0,0,,0,0,17,1,5,,16,"{""type"":""Point"",""coordinates"":[-72.38244703208129,42.319539998732395]}"
10,12,0,,0,0,9,35,3,9,0,5,0,0,0,2,15,0,0,0,1,0,13,,0,11,14,8,4,0,15,17,,11,1,,0,,4,,0,0,0,0,0,0,0,0,0,0,10,0,0,,0,0,0,47,3,12,0,3,15,,1,8,4,0,0,,,0,0,25,6,0,,0,,0,0,,0,0,,0,0,40,3,5,,17,"{""type"":""Point"",""coordinates"":[-72.38870760996032,42.31781878572577]}"
11,8,0,,0,0,5,21,1,2,0,3,0,0,1,4,7,0,0,0,1,0,20,,5,7,8,7,1,0,8,19,,0,4,,0,,10,,0,0,29,0,0,0,0,0,36,0,0,0,0,,0,0,11,37,5,17,0,0,16,,0,8,4,0,0,,,0,0,24,1,0,,0,,0,0,,0,0,,0,0,25,5,5,,18,"{""type"":""Point"",""coordinates"":[-72.38921148837936,42.31780540842261]}"
12,23,30,0,0,0,7,56,21,0,0,0,36,6,3,4,33,19,0,0,5,0,0,,0,9,25,5,20,8,22,40,,9,4,,0,,0,0,12,0,35,0,0,,0,0,,0,0,2,0,0,0,0,4,0,6,0,10,6,1,,6,2,6,0,0,,,0,0,0,11,0,,0,,0,0,,0,0,,0,0,17,2,0,,19,"{""type"":""Point"",""coordinates"":[-72.37071067810862,42.32046303265047]}"
13,20,32,0,0,0,0,33,13,2,0,0,0,9,10,3,35,15,0,0,3,0,26,,0,8,27,11,11,2,18,42,,15,1,7,0,,4,0,22,,0,0,0,0,0,0,0,,6,2,0,0,0,0,8,19,14,50,0,13,6,,7,9,9,0,0,,,0,0,0,0,0,,0,,0,0,,0,0,,,0,25,6,0,,20,"{""type"":""Point"",""coordinates"":[-72.37066608709809,42.31852332369221]}"
14,0,36,0,0,0,2,40,18,17,0,0,41,0,10,9,16,23,0,0,5,,20,,36,2,15,6,20,17,16,20,,22,8,0,0,,11,,20,0,20,0,0,0,0,0,0,0,23,11,0,0,0,12,1,17,6,44,0,0,18,,3,4,6,0,0,,,,,4,0,0,,0,,0,0,,0,0,,,0,24,11,13,,21,"{""type"":""Point"",""coordinates"":[-72.37057690507702,42.314804433413634]}"
15,18,0,,,0,7,46,0,9,0,10,0,2,4,26,23,0,0,1,0,0,0,,0,10,19,1,18,0,14,20,,15,3,0,0,,4,0,17,0,39,0,0,0,0,,0,0,0,0,0,,0,,10,81,7,33,12,1,0,,5,8,5,0,0,,,0,0,16,10,0,,0,,0,,,0,0,,,0,44,4,6,,22,"{""type"":""Point"",""coordinates"":[-72.38824832255182,42.31599501339491]}"
16,21,0,,0,0,4,50,2,8,0,13,0,1,2,24,26,27,0,12,5,0,0,,0,3,24,3,20,0,14,26,,28,2,,0,,4,0,0,0,38,0,0,0,0,,0,0,7,0,0,,0,0,27,81,7,32,15,0,0,,4,6,5,0,0,,,0,0,15,1,0,,0,,0,0,,0,0,,0,0,37,10,7,,23,"{""type"":""Point"",""coordinates"":[-72.38511357451125,42.31532614823689]}"
17,16,0,,0,0,8,0,0,16,0,6,0,2,0,23,22,0,18,0,0,0,0,,20,4,17,8,13,,10,26,,4,1,0,0,,4,0,19,0,31,0,0,0,0,,46,0,0,0,0,,0,,9,62,6,2,10,2,0,,2,12,5,0,0,,,,0,19,1,0,,0,,0,,,0,0,,,0,39,7,6,,24,"{""type"":""Point"",""coordinates"":[-72.38993386275003,42.315754221938015]}"
18,20,0,,0,0,5,0,1,12,0,13,0,2,6,35,35,24,17,,0,0,0,,6,0,23,3,12,0,11,35,,0,3,0,0,,1,0,23,0,30,0,0,0,0,,62,0,0,0,0,0,0,,5,90,6,3,15,4,0,,10,14,9,0,0,,,0,0,12,0,0,,0,,0,0,,0,0,,,0,46,7,1,,25,"{""type"":""Point"",""coordinates"":[-72.39225705439887,42.315357361944265]}"
19,19,0,,0,0,6,44,4,11,0,14,0,3,0,29,37,29,19,9,2,0,9,,23,0,25,0,18,6,12,33,,16,3,0,0,,3,0,19,0,22,0,0,38,0,0,0,0,0,0,0,,0,,6,102,8,17,5,3,5,,3,15,5,0,0,,,,0,10,24,0,,0,,0,0,,0,0,,,0,42,2,3,,26,"{""type"":""Point"",""coordinates"":[-72.38976887601105,42.31333738916705]}"
0000000000000000001a,18,0,,0,0,7,50,7,38,0,0,0,8,3,43,26,21,0,14,2,,35,,0,8,24,0,22,6,18,30,,0,4,,0,,4,0,13,0,39,0,0,0,0,0,,0,0,2,0,0,0,0,2,34,11,34,4,1,0,,9,0,5,0,0,,,,0,10,2,0,,0,,0,0,,0,0,,0,0,24,2,8,,27,"{""type"":""Point"",""coordinates"":[-72.37719867014138,42.311433353017236]}"
0000000000000000001b,27,0,,0,0,0,37,9,12,0,0,53,4,17,20,42,13,,0,2,,29,,25,0,36,8,23,1,18,39,,0,8,0,,,1,0,0,0,34,0,0,0,0,0,0,0,6,0,,0,0,0,0,30,11,70,0,1,18,0,5,5,6,0,0,,0,0,0,10,13,0,,0,,0,0,,0,0,,0,0,24,3,6,,28,"{""type"":""Point"",""coordinates"":[-72.38018180874614,42.30995739056854]}"
0000000000000000001c,15,0,,0,0,7,38,1,13,0,0,42,6,7,16,24,25,0,,2,,31,,0,9,23,9,16,5,16,29,,19,6,,0,,0,0,,0,0,0,0,0,0,0,0,0,1,4,0,137,0,0,15,28,14,52,10,3,29,0,1,48,8,0,0,,0,,0,15,0,0,,0,,0,0,,0,0,,0,0,32,5,12,,29,"{""type"":""Point"",""coordinates"":[-72.37793888091626,42.308508182726165]}"
0000000000000000001d,22,0,0,,0,7,44,22,5,0,0,52,4,16,39,30,27,,0,6,,0,,0,13,21,8,27,0,17,0,,18,4,,0,,3,0,23,0,34,0,,0,0,0,0,0,0,1,0,0,0,9,3,91,7,56,6,1,8,,17,3,4,0,0,,,0,,18,2,0,,0,,0,0,,0,0,,,0,33,15,9,,30,"{""type"":""Point"",""coordinates"":[-72.37496020141255,42.314251504883]}"
0000000000000000001e,21,0,0,0,0,5,0,21,17,0,0,48,4,16,16,32,30,,0,1,,0,,10,10,27,12,24,,12,41,,23,5,,0,,1,0,23,0,33,0,0,0,0,,0,0,0,2,0,,0,0,5,30,11,43,5,3,0,,13,2,5,0,0,,,0,,16,18,0,,0,,0,0,,0,0,,0,0,27,2,3,,31,"{""type"":""Point"",""coordinates"":[-72.3750984335452,42.313761003767134]}"
0000000000000000001f,20,0,0,0,0,3,42,18,9,0,0,55,11,13,12,26,31,,0,8,,0,,14,8,21,5,26,0,19,35,,15,4,,0,,6,0,15,0,30,0,0,0,0,,0,0,0,1,0,,0,13,6,35,12,48,4,2,0,,16,7,7,0,0,,,0,,11,38,0,,0,,0,0,,0,0,,0,0,22,6,15,,32,"{""type"":""Point"",""coordinates"":[-72.37471940995566,42.31368965815029]}"
20,21,0,,0,0,10,0,22,12,0,0,45,4,21,37,27,12,0,0,12,,0,,0,12,21,19,21,0,23,34,,0,7,,0,,0,0,28,0,34,0,0,0,0,,0,0,0,0,0,0,0,0,7,100,14,7,7,8,0,,10,12,7,0,0,,,0,0,27,3,0,,0,,0,0,,0,0,,0,0,24,6,13,,33,"{""type"":""Point"",""coordinates"":[-72.37716745643401,42.31327942085337]}"
21,21,0,,0,0,5,50,4,14,0,0,0,8,1,36,37,14,0,87,2,,0,,0,7,35,0,22,0,18,31,,0,5,,0,,1,0,7,0,38,0,0,0,0,0,,0,0,3,0,0,0,0,0,109,11,11,10,0,20,,4,0,7,0,0,,,0,0,16,15,0,,0,,0,0,,0,0,,0,0,36,6,4,,34,"{""type"":""Point"",""coordinates"":[-72.38102903794629,42.31174103098992]}"
22,20,0,,0,0,0,43,13,15,0,0,42,6,19,20,28,20,0,0,7,,30,,15,0,26,3,16,0,17,29,,0,4,0,,,0,0,,0,35,0,0,0,0,0,0,0,8,0,,0,0,0,0,35,7,74,0,4,0,0,8,3,2,0,0,,,,0,13,5,0,,0,,0,0,,0,0,,0,0,39,7,5,,35,"{""type"":""Point"",""coordinates"":[-72.38133225681794,42.30987712674958]}"
23,20,0,,0,0,10,26,19,16,0,0,45,2,12,21,26,27,0,18,6,,0,,0,13,20,5,22,3,16,37,,0,4,,0,,0,0,10,0,24,0,0,,0,0,,0,,4,0,0,0,0,9,0,7,21,1,3,4,,12,0,6,0,0,,,,0,16,1,0,,0,,0,0,,0,0,,0,0,17,0,8,,36,"{""type"":""Point"",""coordinates"":[-72.37586093982534,42.31180791750573]}"
24,10,0,,0,0,7,22,5,13,0,0,0,8,2,21,14,8,0,13,3,,20,,0,12,7,0,19,7,13,29,,0,4,,0,,3,0,15,0,17,0,0,45,0,0,,0,0,4,0,0,0,0,1,19,6,42,5,8,2,,16,0,3,0,0,,,,0,18,19,0,,0,,0,0,,0,0,,0,0,15,4,6,,37,"{""type"":""Point"",""coordinates"":[-72.37592336724009,42.311121215943494]}"
25,15,28,0,0,0,7,22,6,14,0,0,44,1,26,24,22,41,0,0,1,,42,,0,0,13,12,12,8,10,36,,13,23,,,,1,0,,0,32,0,0,0,0,0,,0,3,0,,,0,0,10,41,8,61,10,7,26,,9,12,8,0,0,,,,0,16,0,0,,0,,0,,,0,0,,0,0,25,30,123,,38,"{""type"":""Point"",""coordinates"":[-72.37490669219991,42.3088114015978]}"
26,13,0,,0,0,7,22,5,15,0,0,0,0,15,5,19,18,19,0,0,0,22,,0,8,19,11,2,3,9,25,,8,7,0,0,,4,,0,0,26,0,0,0,0,0,35,0,2,10,0,8,0,0,0,76,9,52,0,0,0,,0,11,9,0,0,,,,,14,0,0,0,0,,0,0,,0,0,,0,0,24,3,5,,39,"{""type"":""Point"",""coordinates"":[-72.38407014486474,42.30820942295559]}"
27,6,11,0,0,0,0,15,0,9,0,0,0,52,17,15,9,0,0,14,11,,25,,9,1,11,5,14,10,13,25,,17,3,,0,,2,0,0,,0,28,0,2,0,0,,,0,8,0,,0,0,0,30,6,54,0,2,1,,2,11,1,0,0,,,,0,10,0,0,,0,,0,,,0,0,,0,0,16,1,53,,40,"{""type"":""Point"",""coordinates"":[-72.37284212841216,42.30972105821271]}"
28,22,0,,0,8,2,50,15,8,0,15,28,6,0,0,40,25,,0,4,0,0,,5,0,26,7,8,9,9,49,,0,9,0,,,0,0,0,8,12,0,0,11,0,0,19,4,0,12,,0,0,,13,52,17,2,9,9,6,,0,40,14,0,0,,0,0,0,25,62,0,,0,,0,0,,0,0,,0,0,18,0,9,0,41,"{""type"":""Point"",""coordinates"":[-72.38482819204383,42.39136719850131]}"
29,18,0,,0,12,6,43,11,0,0,15,30,3,0,21,28,22,0,,1,0,0,,2,0,19,5,6,0,11,38,,0,14,0,,,1,0,,13,29,13,0,4,0,0,18,1,0,0,,0,0,18,4,37,8,2,14,6,7,,0,9,11,0,0,,0,,0,26,3,0,,0,,0,0,,0,0,,0,0,16,0,4,0,42,"{""type"":""Point"",""coordinates"":[-72.38562637113239,42.39123788457076]}"
0000000000000000002a,22,0,,0,9,3,54,15,17,0,16,29,3,0,18,32,21,0,,0,0,0,,4,0,42,4,4,0,15,39,,0,15,0,,,2,0,0,12,20,6,0,6,0,0,18,0,0,0,,0,0,0,16,49,11,2,13,4,7,,0,16,12,0,0,,0,,0,23,28,0,,0,,0,0,,0,0,,0,0,18,0,1,0,43,"{""type"":""Point"",""coordinates"":[-72.38519829743126,42.39117099805495]}"
0000000000000000002b,0,0,,,11,10,47,5,9,0,12,40,0,35,13,27,12,,,1,0,32,,3,0,23,10,2,,5,32,,0,9,0,0,,4,,15,0,0,10,0,6,0,0,20,3,7,4,0,0,0,14,0,37,6,9,16,5,30,,4,23,7,0,0,,0,0,0,0,,0,,0,,0,0,,0,0,,,0,0,17,7,,44,"{""type"":""Point"",""coordinates"":[-72.39141874340082,42.38981989043576]}"
0000000000000000002c,20,0,,,7,7,51,3,20,0,8,43,0,37,24,19,21,,,0,0,30,,4,0,15,6,3,,11,0,,0,15,0,0,,0,,23,0,52,34,0,0,0,0,14,1,5,1,0,0,0,3,7,38,6,19,11,0,34,,26,7,9,0,0,,0,0,0,0,,0,,0,,0,0,,0,0,,,0,0,33,11,,45,"{""type"":""Point"",""coordinates"":[-72.39266283259475,42.38949883515991]}"
0000000000000000002d,0,0,,0,3,7,46,3,2,0,7,33,2,0,14,21,17,0,,1,0,23,,4,0,17,6,2,,15,28,,0,3,0,0,,1,0,25,11,0,11,0,8,0,0,16,1,5,1,0,0,0,13,3,44,10,10,19,8,19,,1,64,10,0,0,,0,,0,0,13,0,,0,,0,0,,0,0,,,0,0,0,5,,46,"{""type"":""Point"",""coordinates"":[-72.39053138229119,42.39020783222741]}"
0000000000000000002e,0,0,,0,3,7,46,3,2,0,7,33,2,0,14,21,17,0,,1,0,23,,4,0,17,6,2,,15,28,,0,3,0,0,,1,0,25,11,0,11,0,8,0,0,16,1,5,1,0,0,0,13,3,44,10,10,19,8,19,,1,64,10,0,0,,0,,0,0,13,0,,0,,0,0,,0,0,,,0,0,0,5,,47,"{""type"":""Point"",""coordinates"":[-72.39053138229119,42.39020783222741]}"
0000000000000000002f,15,0,,0,14,4,0,7,0,0,9,38,15,15,9,25,22,0,,4,0,16,,0,0,14,7,12,,6,0,,0,43,0,0,,0,0,2,13,26,38,,0,0,0,10,1,5,0,0,0,0,0,11,35,4,46,12,4,19,,3,12,9,0,0,,0,,0,0,0,0,,0,,0,0,,0,0,,,0,0,0,3,,48,"{""type"":""Point"",""coordinates"":[-72.38929175219833,42.38832163248181]}"
30,18,0,,0,19,7,25,9,0,0,8,34,9,18,18,24,21,0,,1,0,22,,0,24,18,2,34,0,14,0,,36,10,0,0,,0,0,32,16,14,0,,0,0,0,31,2,0,11,0,0,0,0,22,0,8,6,19,12,7,,8,6,11,0,0,,0,,0,16,0,0,,0,,0,0,,0,0,,0,0,0,0,4,0,49,"{""type"":""Point"",""coordinates"":[-72.38271011904344,42.387652767323786]}"
31,20,0,,0,13,7,0,8,0,0,1,30,4,24,18,26,23,0,,0,0,23,,0,19,21,5,13,0,9,0,,26,11,0,0,,0,0,28,14,21,0,,0,0,0,32,3,0,10,0,2,0,3,25,0,7,17,13,10,1,,8,12,14,0,0,,0,,0,8,0,0,,0,,0,0,,0,0,,0,0,0,0,1,0,50,"{""type"":""Point"",""coordinates"":[-72.38272795544765,42.387438730473214]}"
32,21,0,,0,23,7,0,13,,0,0,28,9,22,14,36,16,0,,9,0,0,,0,21,19,11,53,,19,41,,22,6,0,0,,2,0,27,12,31,0,,11,0,0,11,10,0,14,0,18,0,2,20,0,11,8,18,6,3,,4,15,12,0,0,,0,,0,0,0,0,,0,,0,0,,0,0,,0,0,0,0,2,0,51,"{""type"":""Point"",""coordinates"":[-72.3829821242077,42.38687242463944]}"
33,25,0,,0,13,4,0,2,,0,4,37,1,15,16,34,29,0,,0,0,0,,7,27,21,4,20,,7,38,,15,6,0,0,,0,0,20,8,30,0,0,10,0,,12,0,17,13,0,0,0,0,17,63,10,3,21,3,0,,2,11,12,0,0,,0,,0,0,0,0,,0,,0,0,,0,0,,0,0,0,0,3,0,52,"{""type"":""Point"",""coordinates"":[-72.38449375946482,42.386876883740484]}"
34,22,0,0,0,11,4,30,2,0,0,0,36,5,1,11,27,18,0,,9,0,,,11,0,15,5,4,,5,29,0,0,9,0,0,,0,0,0,10,20,8,0,0,0,0,75,2,0,3,0,0,0,0,15,0,8,9,18,7,21,,7,5,7,0,0,,0,,0,0,0,0,,0,,0,0,,0,0,,,0,0,0,0,,53,"{""type"":""Point"",""coordinates"":[-72.38725840211795,42.385454430504446]}"
35,21,0,0,0,16,6,0,8,,0,8,35,4,26,0,24,23,0,,0,0,0,,23,22,18,5,1,,12,33,,15,9,0,0,,0,0,33,10,27,0,0,3,0,,28,0,0,5,0,0,0,,20,53,10,4,17,5,0,,4,16,7,0,0,,0,0,0,13,2,0,,0,,0,0,,0,0,,0,0,0,0,0,0,54,"{""type"":""Point"",""coordinates"":[-72.37861666427638,42.38574873117396]}"
36,19,0,0,0,19,5,43,5,0,0,14,28,3,0,0,22,18,0,,0,0,0,,45,23,16,8,2,,10,31,,5,8,0,0,,2,0,36,10,30,0,0,4,0,,23,0,0,4,0,0,0,0,25,44,14,0,17,4,0,,3,20,11,0,0,,0,0,0,0,17,0,,0,,0,0,,0,0,,0,0,0,0,0,,55,"{""type"":""Point"",""coordinates"":[-72.37747959350774,42.38529836196756]}"
37,6,0,,0,6,0,26,3,13,0,4,0,13,5,16,15,35,13,10,10,0,20,,13,0,32,0,13,0,33,25,0,19,6,20,0,,4,0,0,23,0,0,0,7,0,0,10,0,0,10,0,0,0,14,9,15,7,1,15,3,3,,14,19,7,0,0,,0,0,,0,0,0,,0,,0,0,,0,0,,0,0,38,0,81,0,56,"{""type"":""Point"",""coordinates"":[-72.3423597136108,42.377419130406125]}"
38,21,42,0,0,1,0,41,11,29,0,16,0,3,0,16,27,25,11,0,8,0,46,,14,0,39,0,6,8,13,30,,37,0,17,0,,4,0,0,0,0,0,0,11,0,0,4,0,0,11,0,0,0,14,12,0,10,1,11,7,24,0,14,0,8,0,0,,0,0,0,2,11,0,0,0,,0,0,,0,0,,0,0,0,0,22,0,57,"{""type"":""Point"",""coordinates"":[-72.33245159107005,42.375568603468956]}"
39,18,43,,0,16,6,0,11,0,0,8,9,9,0,16,34,36,81,0,14,0,0,,0,0,54,18,17,0,11,31,,30,14,0,0,,0,0,0,14,25,0,,4,0,,13,0,0,13,0,,0,53,4,0,14,16,7,11,0,0,6,0,5,0,0,,0,0,0,12,5,0,0,0,,0,0,,0,0,,0,0,5,22,19,0,58,"{""type"":""Point"",""coordinates"":[-72.32989206706537,42.36980744490789]}"
0000000000000000003a,8,17,,0,14,4,11,30,32,0,22,0,0,22,25,26,19,14,,10,0,40,,40,0,18,2,60,22,47,28,0,17,9,7,0,,13,0,0,0,0,39,0,57,0,0,18,1,0,0,0,8,0,46,27,0,15,5,29,26,8,0,10,35,47,0,61,0,0,0,0,13,17,0,9,14,0,0,0,,0,0,27,0,0,12,0,1,1,59,"{""type"":""Point"",""coordinates"":[-72.13294695083783,42.36970934468472]}"
0000000000000000003b,17,50,0,0,14,6,38,11,15,0,5,0,1,2,14,18,15,19,0,3,0,36,,13,0,39,13,12,0,28,22,,46,0,14,0,,4,0,0,0,0,0,0,7,0,0,6,0,0,13,0,,0,0,11,0,5,0,0,9,9,2,1,0,0,0,0,,0,0,0,5,0,0,0,0,,0,0,,0,0,,0,0,0,0,20,0,60,"{""type"":""Point"",""coordinates"":[-72.33077050997291,42.37496216572568]}"
0000000000000000003c,18,45,0,0,11,7,46,8,20,0,7,15,5,5,15,24,43,10,0,4,0,43,,12,0,46,13,6,0,35,24,,64,0,0,0,,0,0,0,0,27,0,0,9,0,0,12,0,0,11,,0,0,0,8,0,15,1,0,4,9,3,0,0,5,0,0,,0,0,0,11,4,0,0,0,,0,0,,0,0,,0,0,20,17,14,0,61,"{""type"":""Point"",""coordinates"":[-72.3309622513182,42.37444936910454]}"
0000000000000000003d,14,47,0,0,16,8,47,9,18,0,5,13,9,9,21,16,63,9,0,3,0,43,,9,9,39,15,12,0,39,21,0,33,2,21,0,,2,0,,10,30,0,0,9,0,0,15,0,0,6,,,0,0,6,0,13,0,0,6,16,,0,7,3,0,0,,0,0,0,0,2,0,0,0,,0,0,,0,0,,0,0,0,19,6,0,62,"{""type"":""Point"",""coordinates"":[-72.32964235740639,42.373949949786535]}"
0000000000000000003e,27,27,,0,24,6,33,12,28,0,19,23,8,0,14,39,68,20,0,1,0,46,,34,4,53,12,6,0,50,42,,33,2,0,0,,2,0,,13,28,0,0,9,0,0,24,4,0,20,,,0,8,18,0,11,1,0,21,2,,18,0,13,0,0,,0,0,0,1,6,0,,0,,0,0,,0,0,,0,0,0,0,27,0,63,"{""type"":""Point"",""coordinates"":[-72.33328098386599,42.374311136971876]}"
0000000000000000003f,26,0,,0,23,7,24,11,21,0,17,19,7,0,8,48,75,12,0,4,0,41,,39,4,58,11,35,8,43,46,,41,0,0,0,,2,0,,15,18,0,0,7,0,0,12,0,0,19,,,0,5,9,0,19,0,8,15,3,8,20,0,7,0,0,,0,0,0,7,0,0,,0,,0,0,,0,0,,0,0,0,0,16,0,64,"{""type"":""Point"",""coordinates"":[-72.3347078962031,42.37437802348768]}"
40,28,26,,0,22,8,31,13,28,0,18,24,6,0,3,43,72,14,0,0,0,41,,45,0,50,12,23,2,51,41,,23,4,0,0,,5,0,,14,24,0,0,15,0,0,21,6,0,24,0,,0,1,17,0,12,1,10,21,3,5,3,0,12,0,0,,0,0,0,0,4,0,,0,,0,0,,0,0,,0,0,0,0,22,0,65,"{""type"":""Point"",""coordinates"":[-72.33415050857141,42.373949949786535]}"
41,17,0,,,11,8,22,11,7,0,9,20,8,0,1,25,18,0,18,14,48,23,,1,15,21,6,1,0,28,0,0,33,4,0,0,,0,,12,0,23,0,0,0,0,0,13,0,0,0,0,0,0,0,0,36,7,5,0,7,2,,2,16,7,0,0,,0,0,0,14,0,0,,0,,0,0,,0,0,,0,0,19,0,0,,66,"{""type"":""Point"",""coordinates"":[-72.3464130364684,42.37343269406434]}"
42,10,0,,0,13,2,62,9,4,0,3,14,5,0,20,16,61,4,0,8,0,20,,12,3,11,4,14,0,14,24,0,13,5,0,,,3,0,0,12,15,0,0,10,0,0,9,2,0,0,0,0,0,0,0,37,9,1,0,7,2,,7,16,3,0,0,,0,0,0,12,0,0,,0,,0,0,,0,0,,0,0,34,0,0,,67,"{""type"":""Point"",""coordinates"":[-72.34700163780747,42.375711294702654]}"
43,8,0,,0,18,8,25,1,7,0,5,33,1,14,21,21,36,11,0,0,0,36,,6,2,33,7,7,0,28,27,0,62,5,6,0,,3,0,,16,18,0,0,5,0,0,15,8,0,9,0,0,0,0,13,22,6,1,0,9,9,,13,28,2,0,0,,0,0,0,0,0,0,,0,,0,0,,0,0,,0,0,46,0,10,,68,"{""type"":""Point"",""coordinates"":[-72.34158383002752,42.374997838534114]}"
44,10,0,,0,10,6,21,5,5,0,8,27,2,7,26,20,30,7,0,11,0,80,,9,12,48,3,13,0,38,30,0,48,4,11,0,,1,0,0,20,0,0,0,6,0,0,12,6,0,10,0,0,0,14,0,23,7,0,0,5,1,,9,28,7,0,0,,0,0,0,0,0,0,,0,,0,0,,0,0,,0,0,12,0,6,,69,"{""type"":""Point"",""coordinates"":[-72.34239092731818,42.37428884146661]}"
45,4,0,,0,12,3,26,2,3,0,8,21,5,0,22,18,40,2,0,5,0,16,,7,16,17,5,11,0,32,24,0,62,4,10,0,,0,0,5,29,0,0,0,8,0,0,15,0,0,10,0,0,0,28,0,23,7,0,0,2,3,,6,20,2,0,0,,0,0,0,0,0,0,,0,,0,0,,0,0,,0,0,18,0,0,,70,"{""type"":""Point"",""coordinates"":[-72.34422361785116,42.37436910528557]}"
46,14,43,,0,13,6,,5,0,0,11,32,10,0,21,27,72,11,0,19,0,0,,0,14,37,8,11,,15,32,0,60,4,14,0,,0,0,4,15,32,0,,9,0,,4,0,0,13,0,,0,11,12,27,9,4,19,9,0,,6,28,2,0,0,,0,0,0,16,0,0,,0,,0,0,,0,0,,0,0,23,0,11,,71,"{""type"":""Point"",""coordinates"":[-72.34091942397055,42.37168026735034]}"
47,16,0,,0,7,4,38,2,19,0,11,0,5,54,15,25,17,5,0,5,0,38,,6,0,39,18,13,0,26,17,0,38,3,54,0,,3,0,0,0,0,0,0,7,0,0,17,0,0,10,0,0,0,4,8,26,9,0,12,4,17,,15,0,8,0,0,,0,0,,0,,0,,0,,0,0,,0,0,,0,0,54,0,30,0,72,"{""type"":""Point"",""coordinates"":[-72.34047797296626,42.376397996264885]}"
48,21,36,0,0,19,8,39,12,22,0,13,7,3,7,18,35,51,12,0,4,0,43,,9,9,41,13,11,0,8,35,,37,32,0,0,,1,0,0,9,0,0,0,7,0,,17,6,0,12,0,,0,0,16,0,12,4,12,12,14,5,6,0,10,0,0,,0,0,0,0,2,0,0,0,,0,0,,0,0,,0,0,0,2,7,0,73,"{""type"":""Point"",""coordinates"":[-72.33033797717073,42.37294219294846]}"
49,15,0,,0,13,5,,9,0,0,11,14,2,0,19,32,28,0,16,6,65,0,,6,7,21,7,9,,8,43,0,62,12,0,0,,1,0,10,8,25,0,,6,0,0,12,1,0,3,0,0,0,0,0,33,10,0,79,9,2,,2,22,4,0,0,,0,,0,13,0,0,,0,,0,0,,0,0,,,0,17,0,0,0,74,"{""type"":""Point"",""coordinates"":[-72.34819667688977,42.37265681048104]}"
0000000000000000004a,14,41,,0,16,5,,10,0,0,7,40,9,,20,20,70,13,0,19,0,0,,5,11,32,8,7,,39,20,,40,2,13,0,,3,0,44,13,32,0,0,7,0,,12,0,0,7,0,,0,0,4,24,7,0,19,3,0,,3,18,5,0,0,,0,0,0,1,,0,,0,,0,0,,0,0,,,0,25,0,7,,75,"{""type"":""Point"",""coordinates"":[-72.34230174529712,42.371270030053424]}"
0000000000000000004b,16,35,,0,17,8,0,4,5,0,11,27,1,,16,28,13,3,13,17,13,0,,12,11,46,8,4,0,7,27,,45,22,0,0,,0,0,58,16,16,81,0,7,0,0,13,1,0,8,0,,0,0,4,0,7,5,3,4,1,,3,16,3,0,0,,0,0,0,9,0,0,,0,,0,0,,0,0,,,0,32,0,0,0,76,"{""type"":""Point"",""coordinates"":[-72.34510206075868,42.370801824442815]}"
0000000000000000004c,22,9,,0,19,6,0,3,12,0,9,20,14,,22,20,47,14,0,17,0,0,,11,1,31,2,12,0,2,28,,54,1,15,0,,0,0,0,25,12,91,0,12,0,,3,7,0,10,0,,0,12,7,0,10,4,19,4,0,,11,24,5,0,0,,0,0,0,8,13,0,,0,,0,0,,0,0,,0,0,7,0,28,0,77,"{""type"":""Point"",""coordinates"":[-72.34001868555777,42.370110663779535]}"
0000000000000000004d,13,99,,0,14,5,0,7,0,0,9,25,11,4,2,20,53,37,3,7,0,41,,3,0,30,11,17,0,6,24,0,21,6,11,22,,6,0,0,13,24,96,0,6,0,0,3,3,0,3,,,0,38,5,20,4,2,0,1,21,6,13,12,1,0,0,,0,0,0,9,2,0,,0,,0,0,,0,,,,0,52,0,23,,78,"{""type"":""Point"",""coordinates"":[-72.34368852572473,42.36711414787161]}"
0000000000000000004e,21,101,,0,14,8,0,9,12,0,13,21,3,6,12,27,64,6,0,2,0,35,,13,0,44,3,18,0,12,43,0,41,8,14,43,,0,0,,14,22,0,0,12,0,0,12,6,0,19,0,,0,50,6,17,9,2,0,9,10,,18,21,7,0,0,,0,0,,4,4,0,,0,,0,0,,0,,,0,0,44,0,14,,79,"{""type"":""Point"",""coordinates"":[-72.34458034593543,42.366752960686284]}"
0000000000000000004f,13,61,0,0,23,10,0,13,3,0,10,16,11,0,23,19,14,0,0,3,0,33,,2,0,15,7,5,0,6,39,0,16,2,0,,,3,0,,18,18,0,0,4,0,0,8,1,0,0,,0,0,0,9,15,5,0,0,9,4,,14,17,10,0,0,,0,,0,7,1,0,,0,,0,0,,0,0,,0,0,27,0,31,,80,"{""type"":""Point"",""coordinates"":[-72.34845530475087,42.367519926067466]}"
50,21,0,0,0,17,5,0,0,0,0,19,21,3,,20,40,16,2,12,15,47,0,,10,46,50,8,6,0,3,40,,22,12,0,0,,0,0,66,14,25,72,0,5,0,0,17,2,0,8,0,0,0,0,0,0,11,2,72,10,1,,2,26,12,0,0,,0,,0,7,0,0,,0,,0,0,,0,0,,,0,19,0,0,0,81,"{""type"":""Point"",""coordinates"":[-72.34657356410632,42.37096235208074]}"
51,17,45,,0,13,4,0,0,1,0,13,24,2,0,16,33,15,2,0,14,40,0,,6,10,49,8,8,0,8,32,0,14,4,15,0,,0,0,53,10,13,79,0,0,0,0,9,3,,1,0,,0,0,3,0,7,4,45,5,8,,7,0,9,0,0,,0,,0,12,0,0,,0,,0,0,,0,0,,,0,26,0,0,0,82,"{""type"":""Point"",""coordinates"":[-72.34562823468299,42.37023997771007]}"
52,15,101,,0,15,0,0,9,7,0,2,0,4,2,16,15,15,18,0,10,0,25,,10,10,35,0,14,4,2,19,,0,2,10,0,,2,0,24,0,0,83,0,9,0,0,14,0,0,5,0,0,0,11,3,22,9,2,0,3,19,0,9,0,1,0,0,,0,0,0,5,9,0,0,0,,0,0,,0,0,,0,0,33,0,18,0,83,"{""type"":""Point"",""coordinates"":[-72.33558633911062,42.367181034387414]}"
53,10,0,,0,12,0,0,5,8,0,2,0,6,5,19,14,17,7,0,5,0,45,,4,12,29,13,10,5,0,18,0,26,1,11,0,,1,0,18,0,0,73,0,9,0,0,5,0,0,7,0,0,0,16,2,14,6,3,0,0,24,0,11,0,5,0,0,,0,0,0,6,4,0,0,0,,0,0,,0,0,,0,0,28,0,24,0,84,"{""type"":""Point"",""coordinates"":[-72.33609913573177,42.36713198427584]}"
54,12,0,,0,19,6,0,10,9,0,4,25,6,3,15,19,14,2,0,7,0,44,,8,0,33,7,15,0,3,23,0,5,3,9,0,,1,0,0,0,0,73,0,7,0,0,5,0,0,4,,0,0,5,6,26,7,0,,2,30,0,14,0,1,0,0,,0,0,0,3,8,0,0,0,,0,0,,0,0,,0,0,0,0,26,0,85,"{""type"":""Point"",""coordinates"":[-72.33628641797601,42.36652108743151]}"
55,11,0,,0,10,7,0,4,6,0,6,25,8,5,18,14,14,5,0,7,0,38,,4,0,37,15,15,0,13,23,0,54,3,13,0,,1,0,0,0,0,102,0,8,0,0,10,0,0,10,,0,0,5,11,28,3,5,,4,18,0,4,0,0,0,0,,0,0,0,2,5,0,,0,,0,0,,0,0,,0,0,33,0,30,0,86,"{""type"":""Point"",""coordinates"":[-72.33764644379731,42.36673958338312]}"
56,10,0,,0,14,6,0,7,11,0,3,32,8,5,14,12,66,12,16,5,0,55,,7,5,23,7,14,3,8,19,0,37,2,12,0,,0,0,0,18,47,40,0,7,0,0,4,2,0,4,,0,0,9,4,16,10,10,,1,26,0,3,13,2,0,0,,0,0,0,5,12,0,0,0,,0,0,,0,0,,0,0,27,0,11,0,87,"{""type"":""Point"",""coordinates"":[-72.33554620720115,42.36582992676822]}"
57,13,55,0,0,17,0,54,14,23,0,0,0,10,6,27,21,43,19,0,7,0,34,0,7,27,48,0,20,8,5,23,0,0,20,18,21,,3,0,0,21,47,99,0,10,0,0,0,0,,10,0,,0,0,2,0,9,1,5,3,26,0,19,0,8,0,0,,0,0,0,0,6,0,0,0,,0,0,,0,0,,0,0,20,4,5,0,88,"{""type"":""Point"",""coordinates"":[-72.32724336103963,42.36654338293677]}"
58,17,48,,0,14,9,42,0,15,0,2,1,8,,13,27,33,49,0,7,0,0,,5,15,63,11,17,0,13,28,0,38,17,0,0,,0,0,0,18,27,24,0,10,0,,26,2,0,9,0,,0,40,5,,15,4,8,4,0,,7,0,2,0,0,,0,0,0,0,6,0,,0,,0,0,,0,0,,0,0,17,12,22,0,89,"{""type"":""Point"",""coordinates"":[-72.3314126205246,42.36870604694769]}"
59,17,54,0,0,17,0,46,0,20,0,0,15,6,3,8,29,30,32,0,10,0,26,,7,71,57,0,14,1,6,36,0,0,17,26,30,,3,0,0,11,43,81,0,0,0,,0,1,,12,0,0,0,0,7,0,14,7,9,10,10,0,18,0,8,0,0,,0,0,0,2,0,0,,0,,0,0,,0,0,,0,0,57,20,13,0,90,"{""type"":""Point"",""coordinates"":[-72.3292856293221,42.367198870791626]}"
0000000000000000005a,13,0,,0,5,6,30,4,0,0,2,33,5,,21,11,15,64,26,15,0,0,,6,7,25,8,13,0,23,17,,55,6,9,0,,0,0,0,17,33,0,0,14,0,,12,0,0,6,0,,0,3,5,0,7,0,0,3,0,,7,10,3,0,0,,0,,,9,5,0,,0,,0,0,,0,,,,0,0,10,14,,91,"{""type"":""Point"",""coordinates"":[-72.34062958240207,42.361642830879035]}"
0000000000000000005b,16,0,,,18,5,0,6,7,0,9,29,4,2,13,20,33,1,0,12,0,22,,3,7,43,0,15,3,10,27,0,40,3,9,0,,4,,28,0,0,91,0,20,0,0,15,3,0,6,0,,0,6,0,19,10,4,0,5,17,0,8,15,6,0,0,,0,0,0,5,6,0,,0,,0,0,,0,0,,0,0,22,48,23,0,92,"{""type"":""Point"",""coordinates"":[-72.33531879304742,42.36389913601208]}"
0000000000000000005c,17,0,0,,16,5,0,7,11,0,10,18,8,11,1,30,42,11,0,3,0,23,,0,23,46,10,15,6,6,0,0,0,12,10,0,,0,0,0,0,22,61,,0,0,0,11,1,0,11,0,,0,27,8,24,9,0,18,11,11,0,21,16,3,0,0,,0,0,0,7,3,0,,0,,0,0,,0,0,,0,0,7,0,47,0,93,"{""type"":""Point"",""coordinates"":[-72.33191649894366,42.36224926862231]}"
0000000000000000005d,19,0,0,0,14,6,47,8,44,0,7,0,13,0,16,35,29,24,0,17,0,0,,0,0,19,15,9,0,11,41,,12,9,,0,,2,0,0,10,35,0,,6,0,0,30,2,0,14,0,19,0,,0,30,22,6,11,4,9,0,2,6,8,0,0,,,0,,0,,0,0,0,,0,0,,0,0,,,0,23,0,22,0,94,"{""type"":""Point"",""coordinates"":[-72.32145544787225,42.42225985059957]}"
0000000000000000005e,18,0,0,0,18,7,39,3,63,0,2,2,16,,14,40,42,35,0,14,0,0,,0,0,55,16,7,0,8,34,0,15,12,0,0,,2,0,0,9,29,0,0,8,0,,24,0,0,15,0,14,0,,0,29,20,3,12,3,0,0,1,10,11,0,0,,,0,,0,0,0,,0,,0,0,,0,0,,,0,17,0,68,0,95,"{""type"":""Point"",""coordinates"":[-72.3205324139542,42.42180948139318]}"
0000000000000000005f,10,0,,0,19,0,68,13,18,0,12,29,9,0,37,17,32,0,0,12,0,,,8,0,19,2,8,15,8,27,,18,17,,0,,0,,0,8,46,8,0,0,5,0,52,11,,7,0,0,0,40,0,0,11,4,23,0,25,0,2,16,7,0,0,,,0,0,0,0,0,0,0,,0,0,,0,,,,0,37,0,3,0,96,"{""type"":""Point"",""coordinates"":[-72.33249618208059,42.42211270026481]}"
60,12,0,,0,22,0,82,6,10,0,12,36,13,0,29,17,34,0,0,10,0,2,,61,5,16,8,8,16,10,26,,8,15,19,0,,1,,0,10,57,14,0,0,7,0,12,10,,7,0,0,0,41,0,45,24,7,23,2,28,0,8,0,7,0,0,,,0,0,33,0,0,0,0,,0,0,,0,,,,0,40,0,5,0,97,"{""type"":""Point"",""coordinates"":[-72.33271913713325,42.4215686899363]}"
61,15,0,,0,12,3,43,4,31,0,13,30,4,1,34,32,13,10,0,9,0,0,,37,0,16,5,11,1,0,35,,13,21,17,0,,2,0,0,0,0,2,0,13,2,0,0,0,0,17,,0,0,0,0,46,8,2,9,6,24,0,6,17,7,0,0,,0,0,0,0,0,0,0,0,,0,0,,0,,,0,0,25,0,3,0,98,"{""type"":""Point"",""coordinates"":[-72.33477924181994,42.419950036253894]}"
62,20,0,,0,15,3,47,9,6,0,8,39,13,4,40,19,18,,0,10,0,0,,43,0,14,2,15,12,7,30,,19,13,20,0,,1,0,0,12,41,2,0,10,0,0,0,10,0,0,,0,0,0,0,37,9,1,9,2,27,0,0,20,8,0,0,,0,0,0,0,0,0,0,0,,0,0,,0,,,0,0,21,0,14,0,99,"{""type"":""Point"",""coordinates"":[-72.33538122046217,42.419767213110696]}"
63,13,0,,0,18,5,74,2,0,0,9,25,9,,27,23,25,15,0,8,0,0,,0,0,15,19,68,0,13,19,,14,8,0,0,,0,,0,10,26,0,0,10,10,,27,0,0,9,0,0,0,,0,,10,10,15,1,0,0,2,0,7,0,0,,,0,,19,15,0,0,0,,0,0,,0,0,,0,0,37,0,1,0,100,"{""type"":""Point"",""coordinates"":[-72.32718093362487,42.42217066857851]}"
64,15,0,,0,12,0,72,0,4,0,12,24,8,,26,26,27,13,0,9,0,,,0,0,49,14,59,0,10,24,,18,20,0,0,,0,,0,7,23,6,0,10,6,0,0,11,0,10,0,0,0,,0,,9,8,11,0,13,0,0,0,7,0,0,,,0,,0,0,0,0,0,,0,0,,0,0,,,0,32,0,2,0,101,"{""type"":""Point"",""coordinates"":[-72.32776507586289,42.42172475847316]}"
65,15,0,,0,19,0,61,11,3,0,10,22,9,0,21,27,34,32,0,10,0,23,,0,0,51,13,57,0,8,21,,15,21,20,0,,0,,0,5,33,2,0,0,8,0,1,11,,7,0,0,0,,0,32,11,12,15,1,18,0,0,,7,0,0,,,0,,0,0,0,0,0,,0,0,,0,0,,,0,41,0,2,0,102,"{""type"":""Point"",""coordinates"":[-72.32729241115122,42.42085523376775]}"
66,18,0,0,0,16,0,47,11,72,0,13,12,13,0,12,31,37,30,0,78,0,0,,1,0,58,16,25,0,7,34,0,9,10,0,0,,0,,0,13,28,18,0,0,0,0,25,2,,14,0,15,0,0,0,0,18,5,12,5,11,0,3,30,7,0,0,,,0,0,0,0,0,0,0,,0,0,,0,0,,,0,51,0,16,0,103,"{""type"":""Point"",""coordinates"":[-72.32008204474779,42.420137318498135]}"
67,19,0,0,0,19,0,48,0,4,0,6,15,13,0,18,35,37,13,0,75,0,0,,3,25,56,22,40,0,9,30,,14,9,0,0,,0,,0,11,38,14,0,0,16,0,0,7,,15,0,16,0,0,0,0,17,2,8,4,1,0,4,,5,0,0,,,0,,0,0,0,,0,,0,0,,0,0,,,0,26,0,8,0,104,"{""type"":""Point"",""coordinates"":[-72.32283776919883,42.420560933098216]}"
68,12,0,0,0,17,0,32,7,63,0,11,15,7,0,9,15,34,29,0,74,0,22,,0,0,37,0,21,0,22,21,0,5,4,0,0,,1,,0,20,19,16,0,0,0,0,6,2,,8,0,15,0,0,0,17,9,3,4,4,6,0,4,66,3,0,0,,,0,0,0,0,0,0,0,,0,0,,0,0,,,0,10,0,4,0,105,"{""type"":""Point"",""coordinates"":[-72.3191233380213,42.419339139409566]}"
69,18,0,0,0,16,4,55,12,1,0,6,0,13,3,18,39,35,19,0,6,0,22,,4,14,29,0,34,0,23,28,,5,5,34,0,,9,,0,0,0,14,0,11,0,0,3,0,0,16,0,77,0,0,0,27,11,2,9,4,7,0,0,0,7,0,0,,,0,,0,0,0,,0,,0,0,,0,0,,,0,16,0,30,0,106,"{""type"":""Point"",""coordinates"":[-72.3231276107673,42.419299007500086]}"
0000000000000000006a,16,0,,0,21,6,69,7,9,0,2,35,6,5,24,27,51,25,0,0,0,46,,1,0,48,8,48,23,4,32,,9,17,18,0,,1,0,0,9,37,7,0,6,0,0,0,13,0,10,,45,0,47,0,68,10,9,6,2,10,,0,0,8,0,0,,,0,0,0,0,0,0,0,,0,0,,0,0,,,0,37,3,33,0,107,"{""type"":""Point"",""coordinates"":[-72.32846515472828,42.41854541942206]}"
0000000000000000006b,19,0,0,0,25,8,48,12,68,0,14,0,17,4,17,39,16,15,0,3,0,43,,0,0,54,0,44,27,17,37,,6,0,0,0,,1,,0,0,0,25,0,9,0,0,26,0,0,19,0,19,0,0,0,26,17,4,4,6,0,0,0,10,7,0,0,,,0,0,0,0,0,0,0,,0,0,,0,0,,,0,11,0,7,0,108,"{""type"":""Point"",""coordinates"":[-72.32083117372477,42.41846069650205]}"
0000000000000000006c,18,0,,0,13,6,46,0,16,0,7,31,12,0,26,41,55,0,0,12,0,8,,0,0,19,3,11,61,23,50,,17,25,,0,,2,0,0,13,31,0,,28,9,,0,0,0,0,0,0,0,0,0,51,10,0,7,5,0,,2,72,11,0,0,,0,0,0,0,0,0,0,0,,0,0,,0,,,0,0,0,16,38,0,109,"{""type"":""Point"",""coordinates"":[-72.33180948051836,42.41464816510135]}"
0000000000000000006d,11,0,0,,24,3,49,2,0,0,13,16,88,2,16,39,58,6,0,0,0,53,0,8,28,63,28,30,13,23,31,,11,9,23,42,,1,,0,7,0,3,0,5,0,,33,6,0,15,0,15,0,10,0,25,15,2,12,9,13,,2,15,6,0,0,,,0,0,0,0,0,,0,,0,0,,0,0,,0,0,9,0,43,0,110,"{""type"":""Point"",""coordinates"":[-72.32102291507007,42.41608845474162]}"
0000000000000000006e,11,0,0,,19,6,41,10,0,0,11,25,94,3,15,33,51,8,0,0,0,33,0,5,0,55,10,32,27,18,33,,17,5,18,0,,5,0,0,11,0,5,0,9,0,0,37,7,0,14,0,50,0,37,0,0,19,6,5,8,5,3,1,0,6,0,0,,,0,0,0,0,0,0,0,,0,0,,0,0,,,0,0,0,81,0,111,"{""type"":""Point"",""coordinates"":[-72.31919914273921,42.41570051294996]}"
0000000000000000006f,13,0,0,,12,6,61,5,16,0,2,23,11,3,23,30,48,5,0,10,0,39,,5,0,21,12,17,31,23,32,,17,5,,0,,3,,0,10,0,1,0,9,0,0,3,7,0,9,0,21,0,11,0,47,5,6,15,2,8,,2,0,5,0,0,,,0,0,0,0,0,0,0,,0,0,,0,0,,,0,25,11,100,0,112,"{""type"":""Point"",""coordinates"":[-72.32796573541029,42.416806370011216]}"
70,3,3,0,0,0,1,0,1,2,0,3,5,2,3,5,4,2,0,5,3,0,,,5,3,4,0,17,0,2,0,4,2,2,1,0,,4,0,0,0,1,0,0,0,0,,6,0,1,0,0,0,0,0,3,,4,1,0,2,0,,6,3,2,0,0,,0,0,,0,0,0,0,0,,0,0,,0,0,,0,0,0,3,3,,113,"{""type"":""Point"",""coordinates"":[-72.32389011704744,42.314501214542005]}"
71,11,0,0,,23,14,53,8,15,0,7,27,17,0,0,26,46,7,0,12,0,15,,2,0,45,7,15,29,18,26,,11,4,19,0,,3,,0,0,21,3,0,5,0,,16,9,0,14,0,104,0,25,0,52,11,0,8,2,15,,0,0,10,0,0,,,0,0,0,0,0,0,0,,0,0,,0,0,,,0,0,16,70,0,114,"{""type"":""Point"",""coordinates"":[-72.32783642147973,42.416008190922646]}"
72,26,0,0,0,18,5,0,1,0,0,19,13,13,0,12,45,44,1,0,11,0,29,,1,16,24,20,2,27,26,0,,15,5,,0,,0,,0,0,25,0,0,0,0,,65,10,0,16,0,21,0,0,0,41,17,8,9,6,7,,1,0,7,0,0,,0,0,0,0,12,0,0,0,,0,0,,0,0,,0,0,0,2,96,0,115,"{""type"":""Point"",""coordinates"":[-72.32492462849184,42.415143125318274]}"
73,22,0,0,0,2,3,0,5,0,0,20,25,13,0,16,42,26,0,0,12,0,36,,0,0,26,17,10,26,27,0,,14,13,,0,,0,0,0,9,33,1,,0,0,,54,8,0,16,0,20,0,63,0,65,10,6,12,3,19,,0,0,6,0,0,,0,0,0,0,0,0,0,0,,0,0,,0,,,0,0,0,29,66,0,116,"{""type"":""Point"",""coordinates"":[-72.32634708172789,42.41482207004243]}"
74,21,0,0,0,52,8,0,15,76,0,13,25,8,0,15,39,45,9,0,11,0,1,,0,27,60,15,6,36,19,0,,9,6,19,0,,0,0,0,13,27,0,,0,20,,10,3,0,22,0,62,0,0,0,0,10,4,9,14,0,,5,34,15,0,0,,,0,0,0,0,0,,0,,0,0,,0,0,,0,0,0,0,38,0,117,"{""type"":""Point"",""coordinates"":[-72.31960492093508,42.41361811275801]}"
75,20,0,0,0,16,9,0,8,77,0,11,30,14,0,20,36,52,11,0,15,0,34,,0,29,50,19,9,0,17,0,,5,3,10,0,,0,0,0,11,37,0,,0,18,,3,2,0,17,0,76,0,0,0,31,18,4,10,13,1,0,5,0,13,0,0,,,0,0,0,0,0,0,0,,0,0,,0,0,,0,0,0,0,2,0,118,"{""type"":""Point"",""coordinates"":[-72.32037188631627,42.41345758512008]}"
76,15,0,,0,14,6,39,0,12,0,1,34,10,,27,16,43,0,0,10,0,0,,4,0,25,5,7,0,13,26,,11,15,13,0,,10,0,0,15,25,0,0,15,2,,0,0,0,12,0,0,0,37,0,29,6,2,18,8,0,,3,53,7,0,0,,0,0,0,0,0,0,0,0,,0,0,,0,,,,0,67,12,28,0,119,"{""type"":""Point"",""coordinates"":[-72.33075713266975,42.41429143701707]}"
77,9,0,0,0,9,0,43,0,6,0,10,23,4,0,23,15,29,12,0,9,0,19,,5,0,14,9,47,55,4,20,,14,18,,0,,0,0,0,17,23,5,0,0,0,,0,6,,7,0,80,0,55,0,39,4,0,13,4,14,,0,0,2,0,0,,0,0,0,0,0,0,0,0,,0,0,,0,,,,0,69,7,36,0,120,"{""type"":""Point"",""coordinates"":[-72.32927671112,42.412449828282]}"
78,17,0,,0,18,7,51,5,11,0,12,42,8,,20,23,33,0,0,15,0,22,,35,7,7,15,10,,18,33,,16,7,,0,,5,0,1,14,40,0,0,14,0,,100,0,0,0,0,0,0,6,0,34,13,5,18,7,0,,10,24,12,0,0,,0,0,0,0,0,0,0,,,0,0,,0,,,,0,28,4,27,0,121,"{""type"":""Point"",""coordinates"":[-72.33807451749844,42.41540175317938]}"
79,17,0,,0,9,0,41,12,1,0,3,33,13,0,30,23,20,,0,4,0,31,,4,24,13,0,10,0,21,32,,7,15,,0,,5,0,0,20,30,2,0,0,0,0,0,4,0,0,0,1,0,39,0,33,9,2,20,4,0,,0,0,7,0,0,,0,0,0,0,9,0,0,,,0,0,,0,,,,0,24,27,35,0,122,"{""type"":""Point"",""coordinates"":[-72.33570673483906,42.41269061973888]}"
0000000000000000007a,15,0,,0,13,0,41,9,38,0,6,31,10,0,26,24,17,0,0,5,0,28,,2,0,17,0,7,41,15,38,,11,23,0,0,,2,0,0,12,23,5,0,0,0,,4,2,,0,0,16,0,0,0,41,8,9,12,3,10,,0,0,9,0,0,,0,0,0,0,10,0,0,,,0,0,,0,0,,,0,19,24,40,0,123,"{""type"":""Point"",""coordinates"":[-72.33281723735644,42.412409696372514]}"
0000000000000000007b,9,0,,0,10,4,37,0,14,0,1,29,5,,29,10,38,6,0,2,0,0,,5,0,31,3,17,54,5,22,,9,10,,0,,0,0,0,17,21,23,0,3,0,0,8,3,0,6,0,15,0,44,0,0,4,1,15,2,9,,1,53,0,0,0,,0,0,0,0,0,0,0,0,,0,0,,0,,,,0,44,10,23,0,124,"{""type"":""Point"",""coordinates"":[-72.33099346502557,42.41345758512008]}"
0000000000000000007c,18,0,0,0,35,5,53,4,2,0,14,34,8,6,28,39,23,14,0,9,0,32,,8,0,25,18,14,28,17,40,,12,4,17,0,,5,,0,0,0,3,0,7,0,,0,0,0,18,,25,0,0,0,51,19,1,8,7,8,,0,11,7,0,0,,0,0,0,0,0,0,0,0,,0,0,,0,,,0,0,73,9,47,0,125,"{""type"":""Point"",""coordinates"":[-72.32528135657611,42.40935075304985]}"
0000000000000000007d,17,0,,0,27,7,43,11,0,0,11,38,3,0,30,24,43,16,,7,0,39,,0,0,13,7,9,17,22,29,,18,17,,0,,1,0,,17,33,4,0,6,0,,0,7,0,,,2,0,0,0,28,7,4,9,7,11,,34,66,12,0,0,,0,0,0,0,11,0,,,,0,0,,0,0,,,0,26,8,36,0,126,"{""type"":""Point"",""coordinates"":[-72.33460087777782,42.41033175528161]}"
0000000000000000007e,10,0,,0,3,5,55,1,0,0,6,39,8,0,27,21,56,13,,4,0,46,,5,0,15,8,4,17,21,28,,16,14,,0,,3,0,,16,43,1,0,13,0,0,0,7,0,,0,0,0,0,0,40,10,0,24,6,4,,1,84,12,0,0,,0,0,0,0,12,0,,,,0,0,,0,0,,,0,23,15,0,0,127,"{""type"":""Point"",""coordinates"":[-72.3356933575359,42.40997056809628]}"
0000000000000000007f,5,16,0,5,31,13,15,8,6,0,16,24,13,0,0,7,25,1,9,8,8,30,,26,1,12,3,9,7,4,17,,3,17,13,0,,3,,1,11,0,5,0,6,0,7,10,15,10,9,0,62,0,11,5,45,7,3,23,6,5,0,7,20,3,0,0,,0,0,0,0,9,0,3,23,,,0,,0,0,2,0,0,8,7,22,16,128,"{""type"":""Point"",""coordinates"":[-72.27398385805726,42.35467771503355]}"
80,3,23,0,17,26,14,19,16,2,0,11,24,10,0,0,7,18,12,43,8,0,17,,1,3,14,0,9,19,6,0,0,2,6,10,0,,0,0,6,5,34,0,0,0,0,0,16,5,0,6,0,0,0,0,8,22,5,1,17,4,15,0,7,5,0,0,1,,0,0,0,0,0,0,2,30,,0,0,,0,0,3,0,0,15,11,25,84,129,"{""type"":""Point"",""coordinates"":[-72.2741622220994,42.353362280222775]}"
81,13,51,0,9,20,9,36,3,4,0,7,43,19,6,0,12,43,14,13,9,20,53,,69,5,22,3,33,26,5,19,,8,5,13,0,,2,,4,3,0,1,0,8,0,16,18,17,6,8,0,0,0,8,0,0,11,5,27,0,9,0,5,9,0,0,9,0,0,0,0,0,13,0,1,43,,,,,0,0,2,0,0,15,8,31,58,130,"{""type"":""Point"",""coordinates"":[-72.27140649764839,42.354129245603986]}"
82,10,32,0,7,17,11,25,2,9,0,7,19,7,9,0,17,50,28,16,8,0,48,,64,1,27,2,19,7,6,0,,11,14,1,0,,0,,8,3,38,3,0,0,0,0,8,8,10,3,0,0,0,0,13,23,3,4,17,2,8,0,2,6,0,0,5,0,0,0,0,0,14,0,3,37,,,,,0,0,5,0,0,13,8,8,35,131,"{""type"":""Point"",""coordinates"":[-72.27152243427577,42.353647662690214]}"
83,7,30,0,8,27,11,26,11,8,0,6,18,9,9,0,11,37,11,15,9,0,1,,0,0,14,11,15,6,8,0,,9,23,12,0,,0,0,11,3,43,6,0,0,0,0,15,12,0,7,0,0,0,0,12,23,13,0,24,12,16,0,11,9,1,0,5,0,0,0,0,0,12,0,4,36,,0,,,0,0,4,0,0,12,12,4,25,132,"{""type"":""Point"",""coordinates"":[-72.2717676848337,42.353117029664844]}"
84,8,23,0,16,23,12,20,2,9,0,6,30,10,0,0,12,39,9,16,12,0,30,,68,12,17,0,14,10,5,0,,10,14,10,0,,0,,7,3,38,1,0,0,0,0,12,8,0,6,0,0,0,0,5,19,3,1,18,2,18,0,8,7,4,0,7,0,0,0,0,0,10,0,2,30,,,,,0,0,8,0,0,12,9,12,19,133,"{""type"":""Point"",""coordinates"":[-72.27127718371783,42.35325080269646]}"
85,26,38,0,10,31,14,21,2,5,0,14,25,11,0,1,29,44,9,13,13,0,14,,38,1,26,5,14,5,8,35,0,12,2,7,0,,0,0,20,19,37,3,1,0,0,0,60,2,0,19,0,4,0,0,19,,9,3,25,8,21,0,14,15,12,0,12,,0,0,0,0,0,0,9,68,,0,0,,0,0,1,0,0,24,6,27,11,134,"{""type"":""Point"",""coordinates"":[-72.27572736656917,42.35139135755716]}"
86,18,67,0,7,34,14,0,1,3,0,11,62,4,0,1,33,15,31,8,10,0,10,0,31,0,41,1,12,11,7,32,22,2,4,11,0,,0,0,14,7,33,2,5,6,0,0,24,0,0,14,0,6,0,0,10,,10,2,32,3,11,0,1,7,12,0,0,,0,0,0,0,0,0,0,45,0,0,0,,0,0,6,0,0,35,6,19,8,135,"{""type"":""Point"",""coordinates"":[-72.27924559730033,42.35189077687515]}"
87,12,0,0,4,31,0,30,3,2,0,7,25,18,9,9,17,41,18,6,3,0,50,0,39,6,31,0,6,2,0,26,0,0,0,4,0,,3,0,16,6,0,1,1,7,0,27,33,14,11,10,0,1,10,9,8,0,12,1,6,4,17,3,8,4,3,0,3,0,0,0,0,0,0,0,5,55,,0,0,,0,0,2,0,0,27,8,31,13,136,"{""type"":""Point"",""coordinates"":[-72.27516997893748,42.34897898388725]}"
88,13,0,0,0,35,5,37,4,5,0,7,50,10,9,1,20,52,0,0,2,0,56,,33,3,42,6,10,11,5,23,,10,1,11,0,,2,0,0,11,64,0,4,8,0,30,18,13,12,5,0,2,16,5,4,0,10,0,11,1,11,6,9,5,6,0,7,0,0,0,0,0,0,0,0,65,,0,0,,0,0,1,0,0,34,28,26,10,137,"{""type"":""Point"",""coordinates"":[-72.27493364658166,42.347329116497484]}"
89,13,38,0,0,11,4,34,9,5,0,6,54,12,0,1,19,41,4,8,10,0,21,,28,9,42,6,9,15,7,26,,6,2,14,0,,1,0,25,12,0,2,0,11,0,32,12,6,11,6,0,0,15,1,6,0,6,2,21,3,21,0,8,4,7,0,6,0,0,0,0,0,0,0,1,62,,0,0,,0,0,5,0,0,24,8,14,14,138,"{""type"":""Point"",""coordinates"":[-72.27493364658166,42.346370409770984]}"
0000000000000000008a,11,0,0,0,31,5,15,12,6,0,5,25,12,2,3,13,9,19,0,4,0,27,,26,1,23,8,6,9,32,22,0,10,1,5,0,,2,0,0,2,0,7,0,11,0,14,13,7,8,10,0,51,0,1,11,0,5,7,6,9,3,0,6,10,1,0,0,,0,0,,0,0,0,10,44,0,,0,,0,0,0,0,0,13,7,17,0,139,"{""type"":""Point"",""coordinates"":[-72.2815866253534,42.34785529042178]}"
0000000000000000008b,15,25,0,8,39,13,0,1,5,0,11,35,3,0,14,26,16,28,4,11,0,35,0,26,3,38,4,18,4,8,32,20,1,4,12,0,,0,0,23,8,21,2,1,0,0,0,14,4,0,12,0,56,0,0,16,0,9,0,10,8,0,0,8,9,4,0,0,,0,0,,0,0,0,8,31,0,0,0,,0,0,1,0,0,24,1,16,9,140,"{""type"":""Point"",""coordinates"":[-72.28251857747357,42.352051304513076]}"
0000000000000000008c,16,35,0,0,28,3,35,34,2,0,10,13,11,13,2,23,46,15,12,0,0,49,,55,6,35,3,16,13,5,27,,14,5,12,0,,3,0,0,10,65,1,10,11,0,27,3,13,10,0,0,7,5,34,5,22,8,2,9,3,12,5,8,6,7,0,7,0,0,0,0,0,16,0,0,56,0,0,0,,9,0,1,0,0,24,3,3,19,141,"{""type"":""Point"",""coordinates"":[-72.263282015529,42.3460627317983]}"
0000000000000000008d,11,31,0,7,17,12,27,3,2,0,4,14,8,0,0,15,34,0,12,45,17,5,,4,11,37,11,11,47,43,0,,2,6,11,0,,0,,25,5,44,2,0,0,0,0,12,8,0,0,0,0,0,0,7,0,10,0,16,2,2,0,2,7,2,0,5,,0,0,0,0,0,0,0,52,,,0,,0,0,4,0,0,9,8,17,21,142,"{""type"":""Point"",""coordinates"":[-72.27723454272524,42.345068352263375]}"
0000000000000000008e,13,43,0,9,15,13,0,3,6,0,6,24,7,0,19,18,39,3,12,9,29,10,,8,6,40,3,17,7,4,0,28,0,3,7,0,,0,0,33,2,41,3,0,0,0,0,15,13,0,1,0,0,0,0,11,0,12,4,13,2,1,,9,8,5,0,2,0,0,0,0,0,0,0,1,51,,,0,,0,0,2,0,0,7,10,19,9,143,"{""type"":""Point"",""coordinates"":[-72.27661918677985,42.34463136036014]}"
0000000000000000008f,16,45,0,10,15,13,0,18,2,0,5,34,9,,15,21,31,7,10,9,19,20,,22,1,40,5,15,4,3,24,47,12,1,10,0,,0,0,29,5,51,0,0,13,0,0,22,0,0,8,0,2,0,0,13,,13,2,9,5,0,0,6,7,7,0,8,0,0,0,0,0,0,0,0,48,,,0,,0,0,3,0,0,4,13,24,9,144,"{""type"":""Point"",""coordinates"":[-72.27632934521138,42.34324012083146]}"
90,15,49,0,8,19,14,37,40,3,0,5,56,8,0,18,17,32,18,10,7,23,8,,26,1,40,11,17,6,6,24,48,13,4,9,0,,0,0,33,8,56,4,6,10,0,0,16,7,0,4,0,3,0,0,10,,9,1,13,2,0,0,5,5,5,0,10,0,0,0,0,0,0,0,0,63,,,0,,8,0,0,0,0,1,12,43,10,145,"{""type"":""Point"",""coordinates"":[-72.2765389229609,42.34269611050295]}"
91,18,41,0,6,20,10,0,3,5,0,7,46,22,0,1,22,27,19,5,7,0,12,0,31,1,42,10,15,5,5,26,33,7,3,10,0,,0,0,28,8,47,3,0,11,0,0,12,7,0,3,0,21,0,0,10,0,13,0,29,5,3,0,6,9,7,0,0,,0,0,0,0,0,0,2,52,,0,0,,20,0,3,0,0,14,1,40,10,146,"{""type"":""Point"",""coordinates"":[-72.27982528043728,42.34303054308195]}"
92,14,39,0,16,21,12,0,15,3,0,11,45,10,0,14,22,24,18,0,17,30,9,,39,1,38,1,14,10,7,29,67,9,13,11,0,,7,0,23,4,49,1,0,10,1,0,43,0,0,1,0,10,0,0,9,0,8,0,8,4,0,0,7,6,3,0,7,0,0,0,0,0,0,0,1,59,,0,0,,8,0,2,0,0,0,10,12,10,147,"{""type"":""Point"",""coordinates"":[-72.26989932149232,42.34242856443974]}"
93,17,44,0,20,24,12,0,19,4,0,6,64,7,0,14,23,28,25,0,22,24,6,,44,1,37,1,15,8,8,27,71,11,11,7,0,,1,0,19,11,50,0,9,13,7,0,40,0,0,2,0,10,0,0,12,0,4,1,8,4,0,0,6,5,6,0,5,0,0,0,0,0,0,0,2,65,,0,0,,19,0,3,0,0,4,7,42,8,148,"{""type"":""Point"",""coordinates"":[-72.2694311158817,42.34232154601445]}"
94,9,41,0,3,5,3,0,0,8,0,4,3,2,9,6,13,18,18,1,11,9,11,0,24,0,25,3,11,9,4,21,32,2,5,3,0,,0,0,28,11,35,10,10,0,0,0,6,5,0,3,0,46,0,7,10,0,9,4,5,0,20,0,9,8,3,0,0,,0,0,,0,0,0,0,36,0,,0,,11,0,2,0,0,34,0,21,4,149,"{""type"":""Point"",""coordinates"":[-72.28506918327614,42.34317769341671]}"
95,15,43,0,8,21,11,0,26,5,0,6,27,4,0,0,21,15,19,7,9,0,11,,34,4,36,9,7,4,11,34,33,3,1,14,0,,0,0,28,9,49,1,2,7,0,0,14,0,62,9,0,3,0,0,15,0,15,0,11,7,0,0,9,9,8,0,0,,0,0,,0,0,0,9,35,,0,0,,14,0,1,0,0,15,4,18,9,150,"{""type"":""Point"",""coordinates"":[-72.28221089950088,42.34373954014946]}"
96,22,54,0,15,26,12,0,20,2,0,9,31,8,0,3,31,34,23,20,15,33,19,,76,1,55,6,16,8,5,27,34,6,9,16,0,,1,0,30,10,0,0,10,13,0,0,13,0,0,0,0,6,0,0,11,44,57,1,17,2,0,0,7,4,9,0,9,0,0,0,0,0,0,0,3,76,0,0,0,,16,0,4,0,0,28,16,5,16,151,"{""type"":""Point"",""coordinates"":[-72.26410694922389,42.341447562207975]}"
97,20,41,0,9,43,13,37,0,4,0,14,24,6,8,4,36,38,14,0,8,8,17,0,80,21,55,0,18,10,6,33,34,1,12,11,0,,0,0,33,20,52,0,11,10,0,30,13,4,4,0,0,6,0,6,11,36,10,0,23,4,0,0,8,6,9,0,8,0,0,0,0,0,0,0,4,73,0,0,0,,19,0,3,0,0,1,6,14,14,152,"{""type"":""Point"",""coordinates"":[-72.2653599566199,42.34005186357825]}"
98,15,37,0,12,43,0,34,5,5,0,10,34,3,12,12,15,7,31,0,9,24,18,0,50,1,33,0,17,11,9,16,0,9,14,7,0,,4,0,30,14,0,0,10,12,0,24,13,0,9,1,0,10,6,2,5,21,2,3,17,0,1,3,5,2,8,0,7,0,0,0,0,0,0,0,3,49,0,0,0,,5,0,4,0,0,18,4,12,17,153,"{""type"":""Point"",""coordinates"":[-72.26809784466673,42.33957919886658]}"
99,17,35,0,4,35,0,0,22,6,0,8,30,10,7,20,24,23,20,3,6,0,42,0,39,7,44,5,12,0,49,35,39,3,28,7,0,,2,0,26,29,0,4,3,8,0,27,8,12,55,12,0,25,22,6,11,6,11,8,27,5,16,4,16,13,8,0,0,,0,0,0,0,0,0,5,54,0,0,0,,11,0,0,0,0,13,0,3,5,154,"{""type"":""Point"",""coordinates"":[-72.28212617658086,42.34089909277841]}"
0000000000000000009a,11,39,0,4,18,5,0,7,43,0,6,52,21,22,23,18,23,19,7,3,0,40,0,35,5,33,0,7,6,56,30,0,3,20,12,0,,6,0,0,24,0,3,7,6,0,26,7,5,60,9,0,4,17,8,12,13,7,2,29,8,5,2,8,11,10,0,0,,,0,0,0,0,0,3,47,0,0,0,,7,0,2,0,0,20,0,4,8,155,"{""type"":""Point"",""coordinates"":[-72.28224211320826,42.34043534626885]}"
0000000000000000009b,14,32,0,0,17,11,0,23,1,0,10,37,16,4,21,22,14,3,0,0,0,14,,31,1,41,7,13,9,60,33,,9,4,9,0,,3,0,0,15,0,1,5,8,0,17,15,13,12,3,0,0,0,4,8,7,10,1,90,5,7,4,5,4,3,0,0,,0,0,0,0,0,0,4,33,,,0,,11,0,3,0,0,12,0,3,6,156,"{""type"":""Point"",""coordinates"":[-72.28098018761013,42.33879885618223]}"
0000000000000000009c,20,39,0,0,39,6,0,6,3,0,6,59,9,0,21,24,13,11,0,5,0,52,,46,6,49,7,10,33,63,1,,0,12,12,0,,0,0,35,17,0,6,0,6,0,23,10,14,13,11,0,15,11,9,7,18,6,6,31,4,2,0,4,6,9,0,6,0,0,0,0,0,0,0,1,51,0,,0,,4,0,4,0,0,19,6,5,7,157,"{""type"":""Point"",""coordinates"":[-72.27816649484541,42.33801405439682]}"
0000000000000000009d,20,43,0,0,25,8,0,13,2,0,11,57,10,0,15,25,15,29,0,5,0,47,,43,1,49,5,12,13,72,3,,2,4,12,0,,2,0,35,18,0,3,0,14,0,25,15,10,17,7,0,27,15,5,8,15,14,3,33,0,4,0,5,7,7,0,6,0,0,0,0,0,0,0,1,46,0,,0,,8,0,1,0,0,12,3,8,6,158,"{""type"":""Point"",""coordinates"":[-72.27674850071041,42.33775096743467]}"
0000000000000000009e,12,30,0,2,17,1,0,6,53,0,8,49,36,23,17,20,28,20,3,5,0,42,0,35,5,39,0,15,9,58,40,,8,6,10,0,,3,0,0,27,0,3,4,8,0,17,5,8,63,12,0,8,11,3,12,1,12,1,27,9,5,5,13,10,6,0,0,,,0,0,0,0,0,6,40,0,0,0,,7,0,2,0,0,9,0,4,5,159,"{""type"":""Point"",""coordinates"":[-72.2826880233136,42.34061371031098]}"
0000000000000000009f,18,51,0,8,44,0,40,9,5,0,10,24,9,14,22,18,11,21,0,5,8,20,0,0,8,36,1,13,11,17,10,51,9,8,14,0,,6,0,0,18,0,4,13,21,0,26,1,11,13,4,0,3,8,15,2,26,10,0,5,2,12,4,7,12,6,0,12,0,0,0,0,21,0,0,1,63,0,0,0,,13,0,6,0,0,21,5,13,13,160,"{""type"":""Point"",""coordinates"":[-72.26698306940337,42.338410914390586]}"
000000000000000000a0,18,0,,0,0,5,34,17,3,0,7,27,9,10,14,24,3,0,17,8,0,40,0,1,6,50,0,15,0,9,23,0,1,16,10,0,,2,0,0,12,24,5,23,0,0,22,16,5,0,0,0,1,0,14,9,39,17,2,9,4,2,0,7,9,5,0,3,0,20,0,0,1,7,0,1,43,0,0,0,,0,0,11,0,0,0,18,9,33,161,"{""type"":""Point"",""coordinates"":[-72.23645160449041,42.43383121783327]}"
000000000000000000a1,22,0,0,1,0,15,35,6,4,0,14,27,9,0,8,31,32,36,13,29,0,21,,0,4,51,2,14,12,2,33,0,6,4,12,0,,0,0,0,9,19,8,3,11,3,0,14,0,0,19,0,1,18,0,14,0,17,1,0,8,0,0,10,3,11,0,10,0,0,0,0,8,3,0,1,45,0,0,0,,0,0,11,0,0,1,6,9,0,162,"{""type"":""Point"",""coordinates"":[-72.24239558619466,42.43634169172636]}"
000000000000000000a2,19,0,0,0,0,15,39,3,4,0,10,25,11,0,13,25,34,40,1,29,0,14,,3,3,48,2,12,6,6,28,0,7,5,9,0,,0,0,0,8,21,5,6,12,0,0,12,0,0,13,0,3,9,0,12,46,15,1,0,5,0,0,6,3,9,0,6,0,0,0,0,3,1,0,0,59,0,0,0,,0,0,14,0,0,1,7,10,0,163,"{""type"":""Point"",""coordinates"":[-72.24167767092506,42.43610981847157]}"
000000000000000000a3,19,0,0,4,0,15,38,3,4,0,10,24,8,0,14,31,30,28,18,12,0,15,,4,2,52,2,16,30,4,32,33,13,10,8,0,,0,0,0,9,19,15,3,12,0,0,15,0,0,13,0,2,0,0,11,42,15,0,0,7,0,0,2,2,11,0,6,0,0,0,0,6,6,0,1,36,0,0,0,,0,0,16,0,0,0,9,9,0,164,"{""type"":""Point"",""coordinates"":[-72.24363521628752,42.43621237779581]}"
000000000000000000a4,15,0,0,1,0,0,35,10,5,0,4,30,5,20,17,26,23,0,0,18,0,12,0,2,5,56,6,18,7,4,32,0,10,48,14,0,,0,0,0,11,26,5,20,2,1,0,14,7,0,11,0,2,4,0,11,41,16,3,19,8,5,0,3,15,8,0,6,0,13,0,0,10,0,0,3,50,0,,0,,0,0,15,0,0,0,35,10,20,165,"{""type"":""Point"",""coordinates"":[-72.23177400748536,42.433942695359605]}"
000000000000000000a5,13,38,0,5,19,11,33,19,4,0,5,2,3,21,16,22,38,4,0,3,0,54,,0,6,45,1,13,19,6,26,,7,7,15,0,,4,0,1,7,0,12,0,7,0,26,7,13,5,8,0,0,0,10,4,22,21,22,0,5,5,0,4,5,7,0,0,0,0,0,0,2,1,0,1,36,0,,0,,0,0,7,0,0,24,9,11,0,166,"{""type"":""Point"",""coordinates"":[-72.24899505575375,42.43191826348135]}"
000000000000000000a6,16,0,,0,0,2,31,6,6,0,1,1,3,20,20,27,40,5,0,8,0,43,0,1,9,49,0,24,33,4,32,0,11,1,13,0,,2,0,0,7,0,6,20,7,0,21,5,5,26,12,0,1,3,0,16,34,14,3,11,6,0,3,35,8,6,0,3,0,11,0,0,2,3,0,0,27,0,0,0,,0,0,2,0,0,2,0,57,0,167,"{""type"":""Point"",""coordinates"":[-72.23271933690869,42.43145005787073]}"
000000000000000000a7,20,33,,0,0,14,30,2,11,0,5,42,10,20,18,30,41,8,0,0,0,43,,2,11,54,3,19,42,8,31,0,15,5,12,0,,2,0,0,9,25,8,18,6,0,23,10,3,27,0,0,4,0,0,17,35,16,2,0,5,10,4,30,12,9,0,6,0,20,0,0,2,1,0,2,46,0,0,0,,0,0,6,0,0,9,0,18,20,168,"{""type"":""Point"",""coordinates"":[-72.23361115711937,42.43075889720745]}"
000000000000000000a8,7,14,,2,0,8,0,3,11,0,7,8,11,12,0,5,11,11,0,7,0,33,,30,6,15,6,3,7,5,15,0,8,3,2,0,,0,,0,3,0,2,0,5,0,7,5,9,12,0,0,3,0,0,8,6,4,0,0,1,7,0,3,8,7,0,4,0,14,0,0,2,0,0,1,11,0,0,0,,0,0,3,0,0,1,0,12,20,169,"{""type"":""Point"",""coordinates"":[-72.23193453512327,42.42853826488283]}"
000000000000000000a9,18,0,,0,0,2,41,2,10,0,6,28,11,23,23,27,45,6,2,6,0,50,0,0,8,51,5,33,17,0,28,0,10,0,11,0,,1,0,0,5,0,16,26,8,0,26,1,4,33,0,0,3,10,0,21,43,18,2,10,7,1,4,5,10,6,0,0,0,13,0,0,0,4,0,5,26,0,0,0,,0,0,4,0,0,3,13,6,32,170,"{""type"":""Point"",""coordinates"":[-72.23631337235776,42.43238646909195]}"
000000000000000000aa,23,0,0,0,0,4,36,8,1,0,10,20,6,11,18,36,38,0,25,10,0,42,0,10,4,55,3,9,17,0,37,0,9,12,14,0,,1,0,0,8,0,10,7,9,0,23,41,4,44,15,0,2,10,9,8,37,16,30,25,7,10,0,6,4,8,0,6,0,0,0,0,1,3,0,0,38,0,,0,,0,0,0,0,0,2,13,24,0,171,"{""type"":""Point"",""coordinates"":[-72.2423153223757,42.43322032098895]}"
000000000000000000ab,10,40,0,0,0,5,39,15,5,0,4,19,5,13,16,21,38,3,0,4,0,44,,0,8,43,6,3,33,7,22,0,9,11,13,0,,3,0,0,12,17,8,5,11,0,27,11,5,43,3,0,3,0,10,7,42,13,19,0,1,6,3,9,11,7,0,6,0,0,0,0,1,0,0,2,58,0,,0,,0,0,5,0,0,36,12,14,30,172,"{""type"":""Point"",""coordinates"":[-72.24375115291491,42.432359714485635]}"
000000000000000000ac,11,37,,2,0,9,38,3,21,0,2,25,14,19,22,15,40,1,0,2,0,46,,2,12,49,4,11,2,13,22,0,11,6,8,0,,2,0,0,14,20,9,20,4,0,19,11,5,27,0,0,0,0,0,23,46,17,24,0,3,5,4,21,13,7,0,0,0,13,0,0,0,3,0,0,41,0,0,0,,0,0,1,0,0,6,14,14,0,173,"{""type"":""Point"",""coordinates"":[-72.23529223821652,42.43077227451061]}"
000000000000000000ad,20,39,,7,0,13,0,27,2,0,6,25,11,21,0,26,36,0,13,28,0,50,,0,23,57,5,36,42,8,26,0,8,8,11,0,,4,,6,4,0,11,0,9,7,26,56,6,35,0,0,1,0,10,11,41,23,10,0,7,6,0,5,7,8,0,4,0,0,0,0,1,0,0,0,35,0,0,0,,0,0,9,0,0,6,13,15,0,174,"{""type"":""Point"",""coordinates"":[-72.23856521838975,42.42984032239043]}"
000000000000000000ae,20,0,0,0,0,6,35,5,3,0,8,38,8,28,16,29,41,0,0,8,0,51,0,4,7,59,6,36,32,0,34,0,9,5,9,0,,5,0,0,9,0,9,22,7,0,29,5,1,31,9,0,3,0,0,15,44,14,5,7,8,2,5,10,11,12,0,13,0,23,0,0,5,0,0,0,36,0,0,0,,0,0,3,0,0,1,8,21,20,175,"{""type"":""Point"",""coordinates"":[-72.2342978586816,42.431989609098196]}"
000000000000000000af,13,0,0,0,0,6,38,9,2,0,3,28,0,10,14,17,50,7,37,8,0,50,,1,7,35,1,5,16,0,27,0,9,8,9,0,,1,0,0,5,0,9,6,7,0,28,0,13,6,11,0,8,0,7,6,24,15,6,27,2,10,3,1,4,9,0,5,0,0,0,0,2,0,0,2,54,0,,0,,0,0,13,0,0,39,4,9,0,176,"{""type"":""Point"",""coordinates"":[-72.24709993780604,42.433590426376384]}"
000000000000000000b0,17,32,0,4,5,11,0,20,5,0,1,18,10,16,0,15,36,14,20,16,0,25,,1,11,69,6,15,14,15,0,0,12,11,9,0,,0,0,0,6,22,76,0,1,8,0,21,6,0,13,0,8,0,0,13,32,14,10,13,2,4,0,5,8,11,0,0,,0,0,0,0,10,0,6,41,0,0,0,,0,0,10,0,0,7,70,7,0,177,"{""type"":""Point"",""coordinates"":[-72.25018117663397,42.43025947788946]}"
000000000000000000b1,1,17,,3,0,8,0,4,12,0,16,22,7,15,0,5,24,5,0,13,0,13,,0,3,12,0,9,15,6,0,0,8,1,2,0,,0,,0,8,1,11,0,1,0,0,5,6,0,0,0,4,0,0,21,5,2,0,0,3,0,0,4,14,4,0,2,0,0,0,0,4,1,0,1,23,0,0,0,,0,0,13,0,0,0,0,14,26,178,"{""type"":""Point"",""coordinates"":[-72.23410165823525,42.42813694578802]}"
000000000000000000b2,7,12,,6,0,9,13,3,9,0,7,14,10,14,21,2,7,6,0,8,0,0,,0,3,13,3,6,11,2,0,0,7,3,4,0,,0,,0,14,5,1,0,4,0,0,2,3,0,0,0,15,0,0,14,8,3,4,7,3,7,0,6,10,5,0,4,0,0,0,0,0,0,0,1,15,0,0,0,,0,0,12,0,0,2,0,13,13,179,"{""type"":""Point"",""coordinates"":[-72.23342833397618,42.42723174827417]}"
000000000000000000b3,20,0,0,1,10,0,18,3,9,0,0,30,18,13,18,20,22,8,38,10,0,42,0,12,4,28,0,24,35,5,33,0,4,25,1,0,,1,0,0,20,22,0,15,1,0,21,6,7,27,0,0,26,0,9,16,22,6,22,1,9,18,0,3,11,6,0,9,0,0,0,0,8,2,0,3,48,0,0,0,0,0,0,7,0,0,8,16,7,0,180,"{""type"":""Point"",""coordinates"":[-72.23543492945024,42.424739110785296]}"
000000000000000000b4,10,0,0,5,15,10,0,31,3,0,3,30,12,0,14,26,24,10,18,14,0,10,,1,1,35,3,26,24,6,30,52,15,7,2,0,,0,0,0,11,6,10,7,4,0,0,18,2,0,1,0,28,0,0,11,0,15,3,24,10,7,0,9,7,12,0,13,,25,0,0,7,1,0,1,36,0,0,0,,0,0,0,0,0,30,6,3,0,181,"{""type"":""Point"",""coordinates"":[-72.25134500200893,42.4279853363522]}"
000000000000000000b5,15,0,0,7,0,10,40,0,7,0,0,20,7,13,18,14,30,0,25,16,0,15,,2,5,44,11,7,37,4,19,0,8,37,10,0,,0,0,0,8,33,2,2,8,0,0,30,0,0,0,0,6,0,0,8,0,13,4,9,3,0,0,10,52,6,0,2,0,53,0,0,6,0,0,2,56,0,0,0,,0,0,16,0,0,3,12,15,0,182,"{""type"":""Point"",""coordinates"":[-72.23809701277914,42.42660747412669]}"
000000000000000000b6,19,0,0,3,6,0,32,28,7,0,0,27,4,30,9,23,25,6,9,13,0,10,0,3,8,41,0,26,43,6,36,0,12,41,13,0,,0,0,0,17,23,40,2,4,19,0,23,11,0,0,0,14,0,0,12,17,17,3,14,6,9,0,9,92,2,0,0,0,0,0,0,6,9,0,2,43,0,0,0,,0,0,25,0,0,0,11,15,0,183,"{""type"":""Point"",""coordinates"":[-72.23993862151421,42.42605008649501]}"
000000000000000000b7,26,0,0,9,19,0,25,8,4,0,0,47,7,11,14,33,31,1,31,20,0,17,0,4,3,56,6,19,44,10,40,0,14,57,21,0,,0,0,0,20,32,5,2,4,0,22,22,4,20,0,0,14,0,14,12,41,22,1,15,13,29,0,10,64,16,0,6,0,0,0,0,0,0,0,3,73,0,0,0,,0,0,24,0,0,3,15,21,0,184,"{""type"":""Point"",""coordinates"":[-72.23925637905303,42.425729031219156]}"
000000000000000000b8,14,34,0,0,9,11,0,17,4,0,0,32,10,23,0,9,35,15,16,9,0,49,,3,3,34,0,13,11,7,0,,10,5,8,0,,0,,0,3,15,9,0,4,3,0,12,7,0,9,0,0,0,0,10,25,12,16,0,3,12,0,3,9,4,0,7,0,0,0,0,2,0,0,2,36,0,0,0,,0,0,4,0,0,1,4,18,0,185,"{""type"":""Point"",""coordinates"":[-72.24829051778731,42.43053148305372]}"
000000000000000000b9,8,28,0,13,17,7,25,5,8,0,3,27,16,32,9,9,28,6,29,9,0,0,,19,3,55,4,23,13,8,24,40,11,18,12,0,,1,0,0,19,21,4,0,16,3,0,17,0,0,3,0,9,0,0,11,22,16,13,21,8,0,0,7,11,4,0,2,0,0,0,0,14,0,0,0,42,0,0,0,,0,0,0,0,0,37,6,6,0,186,"{""type"":""Point"",""coordinates"":[-72.24836632250522,42.42877013813761]}"
000000000000000000ba,8,0,0,5,7,8,21,2,6,0,0,21,8,13,18,7,13,11,0,9,0,10,,3,7,21,4,11,22,1,17,0,9,9,2,0,,5,0,0,12,10,7,6,3,0,0,3,0,0,0,0,9,0,0,10,16,9,1,8,1,0,0,6,3,4,0,1,0,0,0,0,4,2,0,0,21,0,,0,,0,0,6,0,0,4,46,12,0,187,"{""type"":""Point"",""coordinates"":[-72.24318484708112,42.42766874017741]}"
000000000000000000bb,13,0,0,4,13,12,30,2,6,0,5,36,10,0,16,16,27,2,32,12,0,9,,0,2,47,4,24,16,4,21,0,11,30,9,0,,0,0,0,13,22,5,3,8,4,0,15,0,0,0,0,6,0,0,10,29,10,0,16,4,0,0,6,8,6,0,1,0,0,0,0,1,2,0,0,38,0,0,0,,0,0,0,0,0,33,4,19,0,188,"{""type"":""Point"",""coordinates"":[-72.24907531957273,42.42813248668697]}"
000000000000000000bc,12,0,0,6,21,7,37,3,5,0,0,36,10,23,13,19,34,6,0,13,0,12,0,1,5,74,1,23,14,5,23,0,11,5,12,0,,0,0,0,9,31,10,7,12,0,0,48,0,0,0,0,6,13,0,11,33,17,2,14,3,0,0,6,6,5,0,13,0,0,0,0,2,13,0,0,52,0,0,0,,0,0,5,0,0,4,2,11,0,189,"{""type"":""Point"",""coordinates"":[-72.24542331580994,42.42744132602368]}"
000000000000000000bd,14,0,0,6,13,0,29,23,6,0,0,33,12,23,14,20,30,6,0,10,0,13,0,1,3,81,5,24,20,3,29,0,11,43,11,0,,0,0,0,9,20,3,6,7,0,0,17,4,0,0,0,8,10,0,8,21,17,2,17,3,13,0,1,16,5,0,3,0,0,0,0,4,1,0,0,48,0,0,0,,0,0,14,0,0,3,1,10,0,190,"{""type"":""Point"",""coordinates"":[-72.24487484638037,42.42699095681728]}"
000000000000000000be,14,0,0,0,11,0,39,29,9,0,1,34,4,8,18,18,16,9,0,9,0,8,0,0,1,45,1,12,9,3,25,0,10,8,13,0,,0,0,0,11,9,10,12,7,0,0,11,2,0,0,0,8,0,7,10,31,8,0,10,5,5,0,2,3,10,0,1,0,0,0,0,4,1,0,1,38,0,0,0,,0,0,9,0,0,2,2,7,0,191,"{""type"":""Point"",""coordinates"":[-72.2478891986925,42.42710243434362]}"
000000000000000000bf,5,0,0,2,2,1,19,9,6,0,0,11,14,10,17,2,11,0,5,6,0,26,0,16,19,34,0,13,30,3,12,,5,10,6,0,,0,0,0,12,11,1,7,3,0,6,4,7,0,0,0,10,0,4,11,12,6,14,10,2,9,0,9,4,9,0,8,0,0,0,0,0,4,0,2,24,0,0,0,,0,0,6,0,0,0,1,9,0,192,"{""type"":""Point"",""coordinates"":[-72.2413476974471,42.425180561789595]}"
000000000000000000c0,16,0,0,4,19,5,0,22,6,0,0,29,3,9,18,23,42,4,55,7,0,45,0,3,3,43,0,12,25,3,26,0,5,50,10,0,,6,0,0,8,0,65,4,4,0,26,4,0,8,2,0,5,0,10,8,39,14,12,12,4,8,1,5,2,5,0,7,0,0,0,0,1,3,0,0,35,0,0,0,,0,0,4,0,0,0,27,10,0,193,"{""type"":""Point"",""coordinates"":[-72.24537872479941,42.425189479991694]}"
000000000000000000c1,17,0,0,0,8,8,20,11,2,0,0,25,14,12,16,11,31,16,0,8,0,37,0,11,7,17,2,10,0,0,29,0,15,39,8,0,,4,0,0,10,0,0,15,5,0,9,1,0,3,0,0,9,0,5,22,10,8,20,12,10,12,0,8,8,17,0,1,0,0,0,0,7,1,0,5,31,0,0,0,,0,0,13,0,0,5,9,7,0,194,"{""type"":""Point"",""coordinates"":[-72.23857859569291,42.42369122203773]}"
000000000000000000c2,10,0,0,0,21,4,36,33,3,0,0,38,10,3,13,9,37,22,66,5,0,35,0,6,3,27,2,10,24,0,26,,12,24,6,0,,5,0,0,6,0,5,12,7,0,26,11,10,3,0,0,8,4,4,5,29,31,21,11,5,0,5,5,8,10,0,3,0,0,0,0,14,7,0,0,37,0,0,0,,0,0,0,0,0,8,32,6,0,195,"{""type"":""Point"",""coordinates"":[-72.24344793404327,42.424574124046316]}"
000000000000000000c3,10,34,0,18,12,10,33,29,4,0,0,32,8,4,19,17,45,4,0,10,0,76,,20,4,71,5,13,33,10,28,,11,8,14,0,,1,0,2,10,0,9,0,5,1,23,15,8,12,9,0,4,0,0,3,30,30,22,0,8,2,0,4,7,8,0,6,0,0,0,0,7,0,0,1,34,0,0,0,,0,0,8,0,0,0,0,5,0,196,"{""type"":""Point"",""coordinates"":[-72.24429516324342,42.42218404588168]}"
000000000000000000c4,13,0,0,4,18,0,0,31,6,0,4,23,9,7,11,28,29,3,26,8,0,4,,0,1,42,1,16,12,9,27,58,17,10,13,0,,0,0,0,10,13,32,4,9,1,0,11,10,0,3,0,8,0,4,13,23,15,1,21,4,1,0,6,7,11,0,0,,22,0,0,5,0,0,5,52,0,0,0,,0,0,0,0,0,37,2,15,0,197,"{""type"":""Point"",""coordinates"":[-72.25334713838193,42.42782034961323]}"
000000000000000000c5,10,19,0,0,19,9,0,30,14,0,0,19,2,11,11,14,15,10,0,2,0,23,,1,13,28,8,4,14,9,19,,11,10,10,0,,5,0,0,11,10,3,3,10,0,17,21,12,1,11,0,2,0,4,9,15,10,22,0,1,6,5,7,10,6,0,7,0,0,0,0,0,0,0,6,29,0,,0,,0,0,8,0,0,22,50,18,0,198,"{""type"":""Point"",""coordinates"":[-72.25036399977716,42.42426644607363]}"
000000000000000000c6,10,27,0,8,13,8,0,29,4,0,0,28,12,5,0,15,30,23,0,6,0,77,,7,3,31,5,32,32,3,23,,14,6,9,0,,0,,0,4,19,8,0,7,7,19,17,8,25,7,0,3,0,0,10,27,11,11,0,3,11,0,3,8,8,0,6,0,0,0,0,2,4,0,2,41,0,0,0,,0,0,14,0,0,3,1,8,0,199,"{""type"":""Point"",""coordinates"":[-72.2420477763125,42.420989006799346]}"
000000000000000000c7,21,0,,0,13,4,43,3,5,0,4,32,4,0,38,28,19,,,55,0,9,,1,13,19,2,16,0,14,30,,2,6,,0,,0,0,,6,83,5,0,4,0,0,76,6,18,,0,0,0,0,3,31,10,9,29,8,20,,0,23,7,0,0,,0,0,0,18,4,0,0,0,,0,0,,0,0,,0,0,52,20,0,,200,"{""type"":""Point"",""coordinates"":[-72.40544707531497,42.42015515490235]}"
000000000000000000c8,8,29,0,15,11,8,0,32,7,0,0,33,10,4,0,11,54,35,0,13,0,96,,4,3,29,0,24,12,6,0,,15,10,5,0,,0,,0,2,27,9,0,4,2,0,19,7,0,4,0,7,0,0,7,36,11,10,0,3,6,0,3,9,10,0,8,0,0,0,0,0,0,0,3,53,0,0,0,,0,0,9,0,0,5,2,10,0,201,"{""type"":""Point"",""coordinates"":[-72.24142796126606,42.42046283287504]}"
000000000000000000c9,13,33,0,8,16,12,0,37,5,0,0,22,5,80,0,15,33,1,33,10,0,36,,0,9,40,4,13,21,10,20,,12,9,16,0,,0,,4,2,0,12,0,10,0,24,11,7,14,9,0,4,0,6,5,27,17,9,27,0,3,0,5,4,6,0,12,0,0,0,0,18,0,0,0,58,0,0,0,,0,0,15,0,0,38,64,8,0,202,"{""type"":""Point"",""coordinates"":[-72.25057803662773,42.42258090587543]}"
000000000000000000ca,15,37,0,11,0,13,0,38,8,0,0,38,10,1,0,23,39,6,0,12,0,17,,0,24,41,4,11,20,10,0,,13,6,10,0,,0,0,0,3,19,7,0,4,2,0,17,12,0,13,0,9,0,0,13,30,26,18,4,9,5,0,1,7,11,0,0,0,0,0,0,3,4,0,4,35,0,,0,,0,0,11,0,0,38,4,8,0,203,"{""type"":""Point"",""coordinates"":[-72.24627500411115,42.42089090657616]}"
000000000000000000cb,13,39,0,6,1,10,0,41,10,0,0,44,11,2,17,6,25,7,0,18,0,17,,0,12,23,7,11,17,7,0,45,15,6,13,0,,0,0,2,4,32,4,0,5,3,0,23,9,0,12,0,13,0,0,16,19,15,6,26,2,6,,4,12,5,0,10,0,0,0,0,0,0,0,4,41,0,,0,,0,0,20,0,0,15,10,6,0,204,"{""type"":""Point"",""coordinates"":[-72.2500919946129,42.42087307017196]}"