Year,Temp (C),Temp Anomaly (C),Salinity (PSU),Salinity Anomaly (PSU),Density (kg/m²),Density Anomaly (kg/m²),Chl (µg/l),Chl Anomaly (µg/l),Integrated Chl (mg/m²),Integrated Chl Anomaly (mg/m²),Int. C14 (mg/m²/0.5day),Int. C14 Anomaly (mg/m²/0.5day),P04 (µmol/L),PO4 Anomaly (µmol/L),SIO3 (µmol/L),SIO3 Anomaly (µmol/L),NO2 (µmol/L),NO2 Anomaly (µmol/L),NO3 (µmol/L),NO3 Anomaly (µmol/L),MLD (m),MLD Anomaly (m),NCDepth (m),NCDepth Anomaly (m)
1984.083333,15.31825,0.72398,33.37216,0.04121,24.645858,-0.099172,0.397443,-0.356676,30.109,-32.10834,,,0.334494,-0.053677,2.949814,-0.224353,0.012754,-0.032287,0.181952,-0.583686,33.58926,3.63368,53.73876,12.73031
1984.333333,14.21508,0.20229,33.41636,0.04191,24.913251,-0.014188,1.926246,-0.049747,90.75998,25.30472,,,0.456733,-0.003949,2.089747,-1.673446,0.02913,-0.025757,1.50476,-0.394356,25.91588,2.54527,40.8931,5.14933
1984.459821,15.95542,0.48265,33.47164,0.06009,24.561877,-0.058043,0.538766,-1.281603,43.4563,-21.32471,,,0.444623,0.02481,3.823795,0.358327,0.0548,0.01058,1.420751,-0.177394,17.47757,-0.56157,30.30955,-6.07308
1984.583333,17.31589,0.43654,33.42708,0.00276,24.221738,-0.087002,0.318728,-0.829861,36.56077,-26.79005,,,0.29441,-0.056015,2.080636,-0.753829,0.005877,-0.02093,0.122619,-0.645314,13.45197,-2.39933,36.84912,-1.58088
1984.833333,17.93913,0.58325,33.46988,0.08011,24.109137,-0.074432,0.300443,-0.205418,35.78737,-24.6539,,,0.289192,-0.025574,2.134959,-0.067323,0.006133,-0.007991,0.091324,-0.058536,20.35652,0.92716,46.36164,3.31683
1985.186667,13.66584,0.0191,33.41651,0.04927,25.028943,0.032311,0.722157,-0.812559,44.46659,-19.78949,373.3762,17.8707,0.404825,-0.049564,2.426419,-1.262345,0.028023,-0.033844,0.751021,-0.92131,27.91783,-0.163,36.81758,-1.08462
1985.416667,13.71477,-0.81508,33.5665,0.1299,25.132421,0.277702,3.198226,0.977489,105.33785,39.92818,552.25,31.3637,0.495077,0.031944,3.126219,-0.728256,0.067064,0.00811,1.934947,-0.184829,20.22682,-0.6118,25.92638,-9.69701
1985.666667,17.94445,0.35181,33.52586,0.08325,24.148103,-0.009623,0.284069,-0.414502,27.58294,-34.35668,311.09,-154.9382,0.328675,0.012968,1.851363,-0.685194,0.010496,-0.008774,0.232067,-0.129162,14.74378,-0.88859,41.80356,1.22025
1985.916667,16.51671,-0.262,33.54253,0.16396,24.499162,0.187075,0.512605,-0.378309,31.56497,-28.9993,182.69,-111.5248,0.403794,0.061667,2.567579,0.21127,0.014488,-0.004471,0.442279,-0.033252,23.16618,1.29801,39.40099,-3.53009
1986.166667,14.40262,0.55416,33.30071,-0.0525,24.787381,-0.150315,0.723889,-0.624267,43.06743,-20.66293,189.8,-139.296,0.421201,-0.006928,2.663003,-0.809901,0.028061,-0.027356,0.681052,-0.604975,28.90928,-0.01417,40.15284,1.40955
1986.416667,14.17057,-0.62553,33.45462,0.03572,24.945304,0.160976,3.013287,0.936292,113.44163,48.10311,488.0528,-40.8483,0.452982,0.018191,3.052317,-0.504451,0.045073,-0.006183,1.56496,-0.164473,23.48156,3.20741,36.43462,0.74425
1986.760802,17.03144,-0.43692,33.40161,-0.00608,24.270941,0.09815,0.992098,0.487456,44.43921,-16.24034,349.6,-17.8377,0.363883,0.046186,2.960266,0.674662,0.017913,0.004327,0.438015,0.223509,18.75908,1.11364,41.05787,-1.55383
1986.916667,16.70603,0.2167,33.3152,-0.04609,24.286364,-0.079026,0.504563,-0.542246,36.51913,-24.25461,219.8028,-67.9993,0.379836,0.020387,1.792118,-0.661346,0.012795,-0.009114,0.181583,-0.475761,24.49716,1.38937,46.65488,4.01366
1987.25,14.26659,0.5794,33.30483,-0.05265,24.818997,-0.163827,0.783502,-0.888843,63.69681,-0.95775,343.4133,-37.9008,0.372625,-0.083993,2.067228,-1.689829,0.014693,-0.042655,0.695879,-1.005561,23.46308,-3.72994,46.33102,9.09027
1987.415385,15.33919,0.71072,33.38985,-0.01109,24.650739,-0.155906,0.802397,-1.252303,44.63166,-20.8037,428.5,-88.238,0.401025,-0.045325,3.998956,0.249519,0.043367,-0.006125,0.872625,-0.978409,19.13363,-1.97463,40.20617,4.60197
1987.75,17.98487,0.30674,33.40171,-0.00616,24.044554,-0.071593,0.64718,0.123391,40.22963,-20.76124,229.2667,-169.863,0.356083,0.047758,2.668715,0.321514,0.012447,-0.004411,0.239523,0.079403,18.24827,1.51191,47.27162,5.1772
1987.916667,16.59344,0.29091,33.29875,-0.06731,24.295723,-0.113683,0.65934,-0.457731,39.50155,-21.31183,413.0433,125.6789,0.360146,-0.019425,2.293618,-0.386892,0.024095,-0.004835,0.267227,-0.66184,31.24208,7.9466,47.68372,5.09889
1988.09127,13.48115,-0.64723,33.36313,0.02268,25.025126,0.165437,1.475817,0.433473,70.93871,8.00436,458.4222,156.8095,0.486655,0.060313,4.46716,0.919426,0.095157,0.03825,1.854565,0.588942,34.79286,5.09306,27.69903,-12.26414
1988.400327,13.66988,-0.59539,33.5255,0.07769,25.103227,0.184387,2.666498,0.242561,99.80823,34.36952,1602.5444,1086.4351,0.668811,0.147155,7.09538,2.844228,0.124242,0.059022,4.928398,2.439004,19.82482,-1.32322,23.41097,-12.19108
1988.666667,17.14812,-0.49644,33.45638,0.03936,24.282289,0.154725,1.573957,0.896168,71.97541,10.10925,415.4639,-46.2834,0.349817,0.035236,3.358733,0.845698,0.018673,0.00081,0.473911,0.174512,15.24565,-0.42512,34.86382,-5.83436
1988.833333,17.20983,-0.14528,33.43926,0.06431,24.259511,0.087286,1.004771,0.385478,48.93232,-11.49903,459.1286,141.7039,0.327204,0.006662,2.97552,0.717883,0.014203,0.000618,0.288164,0.064659,18.79117,-1.09945,39.38111,-3.69453
1989.099462,12.71136,-1.45478,33.39825,0.05882,25.206242,0.356036,2.398511,1.368834,116.66871,53.68878,599.8417,297.0254,0.500495,0.088222,4.50082,1.100703,0.076285,0.023979,2.2134,1.143784,25.24169,-4.42778,15.6715,-24.22346
1989.333333,14.59153,0.38385,33.4702,0.06969,24.868401,-0.031117,0.764228,-1.335799,45.44094,-20.0462,407.4267,-83.5464,0.648783,0.176014,6.429977,2.396223,0.080617,0.025237,3.686884,1.539717,15.82607,-6.7495,29.60472,-6.03048
1989.592593,16.85487,-0.21415,33.48104,0.05146,24.367258,0.099669,1.088601,0.062789,55.0688,-7.77979,557.9389,47.6454,0.349794,0.006038,3.069813,0.21936,0.029095,0.002421,0.879087,0.171182,22.23655,6.65597,38.74045,-0.44419
1989.916667,16.72403,0.03134,33.47078,0.10957,24.399482,0.081136,0.635589,-0.313618,46.50601,-14.15519,281.1444,-8.9917,0.363534,0.013642,2.28942,-0.116668,0.012451,-0.006277,0.185808,-0.366832,25.02524,2.51591,44.38027,1.58107
1990.25,13.00733,-0.54444,33.49765,0.13023,25.221937,0.20259,1.589861,-0.185702,79.28584,14.52815,231.375,-157.7223,0.638098,0.161335,6.886317,2.882108,0.090795,0.026905,3.828118,1.830234,28.92207,2.00874,32.08212,-4.98295
1990.333333,14.55055,0.3005,33.53479,0.08897,24.930582,0.000412,1.354593,-0.835588,57.17873,-8.30768,353.405,-136.646,0.487358,0.028701,5.018587,1.132994,0.047673,-0.008925,1.862019,-0.125073,22.40308,-0.22026,34.06396,-1.57597
1990.630769,18.09632,0.75316,33.4976,0.06949,24.090979,-0.112921,1.117652,0.191045,56.71413,-5.8333,973.7774,476.4691,0.302066,-0.027825,3.153035,0.438493,0.003776,-0.021187,0.075914,-0.458073,14.96754,-0.5501,43.824,4.18053
1990.916667,17.31042,0.60724,33.48758,0.12617,24.27439,-0.040604,0.377202,-0.544952,39.47517,-21.16893,239.2556,-51.4209,0.301269,-0.051823,2.300481,-0.147784,0.004328,-0.016209,0.15034,-0.444097,24.68548,2.27826,54.68133,11.85853
1991.083333,14.09572,-0.30266,33.44808,0.10391,24.962464,0.165057,0.944139,0.099188,60.50811,-1.95403,282.3528,-9.4395,0.403146,-0.006178,3.127593,-0.276268,0.04279,-0.012563,0.380081,-0.670968,34.53564,4.61953,41.42858,0.77087
1991.233333,14.65653,0.67919,33.47401,0.08539,24.865853,-0.079039,0.702021,-0.878558,45.21897,-19.27162,260.7167,-109.2402,0.37612,-0.056268,2.871804,-0.624321,0.026034,-0.025505,0.335743,-1.069967,30.74949,3.15832,46.94819,9.43226
1991.624359,16.26678,-1.08086,33.37787,-0.04519,24.433414,0.234726,0.70783,-0.19457,38.29918,-24.28397,374.7292,-124.2034,0.401674,0.071381,4.337356,1.62208,0.029717,0.007359,0.704587,0.17464,14.01699,-1.50417,34.6379,-4.95091
1991.817204,17.67215,-0.02119,33.28424,-0.09435,24.03233,-0.062012,0.408366,-0.073564,31.91999,-28.59737,151.43,-192.8531,0.368014,0.059699,3.064758,0.838055,0.006863,-0.005209,0.108967,0.004715,15.24835,-3.27028,41.53322,-1.36191
1992.147849,14.4436,0.37875,33.2219,-0.10833,24.71864,-0.151959,0.427472,-0.647796,32.2026,-31.1591,219.4417,-95.1997,0.447002,0.028788,2.451295,-0.925501,0.024719,-0.02539,0.275384,-0.874181,30.78452,1.43492,53.38405,14.06823
1992.333333,15.35117,1.11457,33.24162,-0.14753,24.530126,-0.356519,1.380131,-0.675687,66.79759,1.31299,491.4792,3.185,0.515801,0.054561,4.193092,0.331424,0.031337,-0.022258,1.755243,-0.213265,18.56824,-4.14543,42.86579,7.2163
1992.583333,17.8702,1.0687,33.23627,-0.19212,23.942066,-0.385169,0.388426,-0.888703,44.38982,-19.15737,331.1389,-203.0369,0.380774,0.022505,2.198639,-0.818586,0.006167,-0.022772,0.22111,-0.678592,11.91526,-4.09978,48.53871,10.39985
1992.805556,18.52725,0.84294,33.29554,-0.09075,23.822775,-0.278524,0.495056,-0.000062,38.01301,-22.52047,336.669,-10.4198,0.369097,0.062047,2.353338,0.108028,0.010866,-0.001687,0.182106,0.074904,16.85604,-1.54485,52.10644,9.24054
1993.083333,14.82007,0.46129,33.12177,-0.21448,24.56116,-0.243593,0.517641,-0.398012,30.32032,-32.30341,203.9194,-90.6813,0.404974,-0.00219,3.411257,0.061383,0.04682,-0.005598,0.447349,-0.573717,33.44611,3.58374,50.35232,9.92973
1993.324495,14.25529,0.34986,33.25924,-0.12158,24.775397,-0.178697,3.438133,1.466997,130.66661,65.31332,507.6222,54.8057,0.559841,0.090793,4.856057,0.947557,0.046762,-0.010433,2.580922,0.565341,29.58623,5.20229,46.11186,10.13649
1993.666667,17.61886,0.00968,33.30245,-0.11539,24.053378,-0.082443,0.619482,-0.117539,54.23594,-7.58207,226.2278,-232.6482,0.317929,0.001717,2.968593,0.441725,0.011946,-0.009522,0.205438,-0.105955,20.15347,4.45427,51.39297,10.61931
1993.833333,18.01052,0.62038,33.27267,-0.10466,23.944611,-0.220996,0.423817,-0.186189,35.23221,-25.20122,291.6858,-28.9819,0.307425,-0.012859,2.505397,0.241862,0.00336,-0.011039,0.098022,-0.13042,18.27601,-1.41843,52.11841,9.05253
1994.112374,15.0172,0.91186,33.27768,-0.06377,24.636396,-0.232419,0.552844,-0.427118,38.68149,-24.36931,175.4345,-129.3411,0.336522,-0.101073,3.071312,-0.581756,0.009402,-0.048862,0.167918,-1.267838,40.55456,10.93555,63.41917,23.63065
1994.285897,14.23475,0.43178,33.29512,-0.08258,24.811957,-0.162954,1.252025,-0.673666,59.10819,-6.11423,279.5472,-154.4729,0.465888,-0.004098,3.793324,-0.140167,0.040689,-0.017482,2.02801,0.011801,32.50066,7.32026,50.81155,14.57759
1994.666667,17.58712,0.03727,33.35031,-0.06969,24.09833,-0.051902,0.680271,-0.05317,49.02624,-13.04418,401.4143,-71.9539,0.374314,0.055276,3.940077,1.376615,0.00771,-0.011852,0.33142,-0.040937,17.19199,1.61391,45.31482,4.93536
1994.830808,18.22991,0.64277,33.35398,-0.03146,23.945611,-0.178467,0.774692,0.254241,47.43948,-13.05642,375.5694,35.3671,0.315385,0.00316,3.368825,1.113313,0.016858,0.002923,0.390549,0.236199,18.15288,-0.54397,52.42489,9.49017
1995.083333,14.51803,0.00903,33.19294,-0.14384,24.679916,-0.088905,0.798804,-0.023824,37.03307,-25.31493,172.0667,-118.1019,0.380946,-0.023528,4.713531,1.368199,0.079771,0.02593,0.519138,-0.491206,34.13326,4.19231,51.64331,10.82122
1995.333333,13.8455,0.03888,33.30289,-0.11296,24.890832,-0.107663,4.741709,2.607812,161.30102,95.87241,548.3681,80.6377,0.490718,-0.02189,5.371561,0.900649,0.037441,-0.032586,2.31417,-0.377311,34.65915,10.94623,46.41327,10.60307
1995.583333,16.66566,-0.26785,33.38596,-0.04182,24.342694,0.045862,1.277648,0.08365,59.41944,-3.94485,565.7333,36.9415,0.380327,0.028912,3.464289,0.517877,0.035302,0.008022,0.894478,0.084779,12.7812,-3.08026,48.1679,9.75794
1995.833333,17.72804,0.36101,33.42624,0.05003,24.12399,-0.046246,0.541878,-0.083871,41.00072,-19.4306,390.0778,72.789,0.274306,-0.046121,2.145594,-0.115162,0.010334,-0.003547,0.21579,-0.013972,19.15758,-0.74151,50.56698,7.49103
1996.155303,15.18317,1.16652,33.36817,0.0295,24.669731,-0.218408,0.580331,-0.586407,39.3644,-24.08427,315.7778,-1.9978,0.340459,-0.077477,2.761676,-0.649122,0.017941,-0.032224,0.497914,-0.65884,22.00931,-7.25057,46.26221,7.08025
1996.337179,14.74523,0.46222,33.4707,0.07708,24.83017,-0.048251,4.373795,2.317502,150.36782,84.87972,340.2139,-152.4386,0.426343,-0.033772,4.08881,0.22828,0.046906,-0.006502,2.035978,0.062659,22.89517,0.40728,45.82696,10.19984
1996.666667,17.43848,-0.16183,33.47378,0.05425,24.22303,0.084756,1.063861,0.362098,59.07036,-2.86843,587.8389,121.8583,0.309087,-0.00727,2.021804,-0.521837,0.030588,0.011595,0.67074,0.332713,17.6743,2.04152,41.18649,0.60189
1996.839646,16.61472,-0.63032,33.40942,0.03597,24.370318,0.173659,2.140606,1.454275,78.26352,17.82874,245.3264,-66.9273,0.321306,-0.005659,2.01554,-0.286498,0.020603,0.005648,0.402323,0.100965,20.74314,0.5141,40.37015,-2.71123
1997.151515,14.51182,0.49011,33.26555,-0.07478,24.734536,-0.152959,1.169825,0.025142,59.17022,-4.24312,310.3319,-6.1504,0.373036,-0.047471,2.891302,-0.539976,0.036577,-0.015425,0.822568,-0.370964,25.89429,-3.40282,38.08318,-1.15325
1997.333333,14.31699,0.31952,33.41568,0.03414,24.88802,-0.046526,2.331733,0.326906,92.59551,27.19494,525.8694,64.3339,0.42368,-0.03813,3.960616,0.140217,0.04799,-0.00735,1.522263,-0.39933,25.84056,1.8442,37.11763,1.24338
1997.583333,17.37917,0.65464,33.48955,0.06074,24.255241,-0.090245,0.689131,-0.585562,58.93927,-4.65597,483.4042,-52.0781,0.315393,-0.047151,2.146828,-0.905615,0.017264,-0.012916,0.395108,-0.553932,17.50046,1.44011,42.58179,4.51382
1997.770833,20.392,2.48778,33.49735,0.1315,23.510804,-0.522782,0.272525,-0.104711,36.74813,-23.8869,284.3944,-77.492,0.246739,-0.054781,1.288865,-0.903902,0.000571,-0.007224,0.137433,0.08658,19.76207,1.92605,67.61219,24.92437
1998.121212,16.02414,2.09248,33.52282,0.17389,24.604244,-0.305004,0.44369,-0.48961,36.82086,-26.35858,179.1278,-129.4783,0.370944,-0.11469,2.588416,-1.602628,0.115502,0.049371,0.427541,-1.661209,51.24575,21.72864,62.30867,22.71462
1998.333333,14.60869,0.70007,33.405,0.02002,24.819593,-0.136606,2.96848,0.959656,105.38221,39.9844,383.4139,-77.5627,0.344016,-0.130726,2.533476,-1.435238,0.025163,-0.033413,0.847809,-1.253378,37.02834,13.00675,60.94308,25.06272
1998.583333,17.67035,0.70579,33.32994,-0.09797,24.067013,-0.223526,0.358986,-0.787185,44.31749,-18.92988,373.9667,-151.0522,0.257925,-0.089687,2.248671,-0.659832,0.003801,-0.022794,0.07521,-0.689489,17.41994,1.64152,62.26321,23.67889
1998.75,18.48797,0.72406,33.35526,-0.04243,23.886301,-0.202641,0.512469,0.044522,41.68859,-19.07565,388.625,11.5581,0.238756,-0.064696,1.842733,-0.423132,0.001964,-0.011558,0.081226,-0.01212,18.71555,1.37678,59.31226,16.84341
1999.083333,13.99886,-0.44128,33.41138,0.08009,24.957517,0.173711,0.626145,-0.225751,37.19544,-25.3324,231.7472,-61.1159,0.389365,-0.014887,3.86887,0.535829,0.065262,0.015818,1.44611,0.479346,25.21375,-4.6831,30.80491,-9.75753
1999.333333,12.59845,-1.31042,33.49346,0.11322,25.298999,0.345623,4.944955,2.949104,188.07786,122.70253,777.7333,321.0546,0.501379,0.034592,4.575624,0.702847,0.105053,0.048474,2.93899,0.975432,31.22429,7.01048,25.81389,-10.11515
1999.666667,16.17929,-1.42993,33.55866,0.13945,24.576301,0.441122,1.653903,0.958018,78.53296,16.57427,604.3655,137.2449,0.482083,0.16217,4.880473,2.29826,0.082767,0.062562,2.717587,2.337364,15.21498,-0.40838,30.86413,-9.68941
1999.833333,16.82758,-0.71312,33.55167,0.17014,24.429322,0.296281,1.420741,0.869307,57.08536,-3.37673,323.9583,-8.4209,0.356046,0.042943,3.360593,1.119684,0.045631,0.032754,0.926504,0.7699,16.03555,-3.02889,35.02737,-7.97264
2000.083333,13.99817,-0.50007,33.50231,0.16863,25.026174,0.256433,1.187742,0.343377,50.53986,-11.91599,190.9847,-100.7102,0.444003,0.054027,4.795031,1.598,0.076059,0.030392,2.072996,1.276056,23.9143,-6.00346,30.39511,-10.2717
2000.333333,14.17863,0.0546,33.48418,0.09883,24.970076,0.060374,2.20732,0.173883,90.58125,25.12901,548.0056,73.9345,0.464526,0.006144,4.520905,0.710766,0.065351,0.012296,2.444065,0.545054,16.6359,-6.77916,32.65055,-3.10118
2000.573232,16.91904,0.21434,33.53195,0.10375,24.398794,0.049524,0.942437,-0.375122,44.03798,-19.62465,509.9194,-27.3163,0.34103,-0.022452,3.496571,0.426239,0.027115,-0.002902,0.914638,-0.045631,14.04935,-2.07812,34.61063,-3.35819
2000.833333,17.14593,-0.11763,33.52441,0.15063,24.339744,0.146867,0.64309,-0.020094,45.43922,-14.99388,386.7375,73.2281,0.281079,-0.043686,2.418344,0.131329,0.008173,-0.006567,0.243366,-0.031891,21.68196,1.53834,42.49168,-0.58953
2001.083333,14.12453,-0.31811,33.45062,0.11425,24.957472,0.172814,1.244259,0.359793,57.17372,-5.2828,229.55,-62.1552,0.392011,-0.009502,4.301097,0.982363,0.05281,0.001108,1.139118,0.178834,36.56941,6.65182,34.46398,-6.20187
2001.333333,13.15747,-0.88962,33.51188,0.12622,25.199226,0.27243,4.548401,2.516678,145.23905,79.79824,502.1028,31.2775,0.467974,0.003938,4.836761,0.974527,0.057038,0.001716,2.480367,0.502149,27.23193,3.66337,33.41191,-2.36882
2001.583333,16.66881,-0.30321,33.55711,0.12894,24.473182,0.185186,1.77161,0.639251,118.00501,54.82582,369.7417,-152.9615,0.283408,-0.064693,2.216279,-0.687628,0.009281,-0.017932,0.24723,-0.523487,19.44323,3.70791,41.39703,2.71068
2001.878788,17.01518,-0.03992,33.51365,0.14534,24.364563,0.126694,0.460478,-0.310899,43.60583,-16.88475,284.9208,-15.247,0.317076,-0.018495,2.057426,-0.276856,0.010083,-0.006701,0.190437,-0.199377,19.17652,-2.02834,41.49923,-1.52628
2002.126263,13.34787,-0.72891,33.44972,0.10956,25.11683,0.242989,1.264003,0.191609,78.13139,14.92966,471.093,161.7871,0.473108,0.048533,3.927798,0.436903,0.07905,0.023897,2.174495,0.94251,33.89268,4.39459,28.23589,-11.3243
2002.314103,13.42497,-0.4599,33.43181,0.05662,25.08749,0.13434,1.979002,0.117123,91.58662,26.26995,332.7208,-114.2414,0.469524,-0.014319,3.517874,-0.552772,0.071805,0.014448,2.096452,-0.082131,19.35878,-5.27861,24.77164,-11.27846
2002.583333,15.98393,-0.76718,33.43954,0.01118,24.543293,0.204273,0.823842,-0.455143,50.97617,-12.58421,392.3458,-142.1931,0.410526,0.052302,3.308082,0.296137,0.040289,0.011206,0.974088,0.076437,16.70882,0.68155,28.21356,-9.90582
2002.916667,16.26618,-0.30797,33.28042,-0.07928,24.360132,0.016149,0.542242,-0.454085,40.30132,-20.44937,216.15,-71.9865,0.380232,0.021792,1.894881,-0.578797,0.010121,-0.010376,0.37677,-0.271755,22.39564,-0.59823,37.00763,-5.66623
2003.157828,15.09353,1.08917,33.18184,-0.15848,24.548908,-0.343147,0.403074,-0.751614,35.59361,-27.86371,217.3222,-100.7743,0.402016,-0.022258,1.701356,-1.781149,0.012747,-0.040319,0.194013,-1.04812,27.06564,-2.18496,44.09469,4.92608
2003.333333,13.94214,-0.11883,33.21435,-0.16821,24.811816,-0.109637,3.961272,1.954988,154.81805,89.38576,773.2653,304.634,0.463383,0.00289,2.07659,-1.759731,0.051452,-0.002121,1.482253,-0.436658,18.60078,-5.07031,32.65845,-3.14299
2003.583333,17.61893,0.49221,33.22495,-0.2068,23.992594,-0.262632,1.155694,0.079356,51.97131,-10.98009,743.0048,228.6445,0.317452,-0.023419,1.589703,-1.251081,0.046509,0.021215,0.463336,-0.223703,13.36082,-2.25831,31.31187,-7.71719
2003.85,17.46644,0.26152,33.13044,-0.24005,23.959993,-0.244529,1.034108,0.33383,39.9214,-20.53179,360.9847,54.9984,0.351393,0.022916,1.762851,-0.535556,0.014567,-0.000544,0.307589,-0.01054,17.59172,-3.10228,40.45577,-2.61188
2004.083333,14.45164,-0.0975,33.04816,-0.28753,24.579401,-0.179749,1.173624,0.363172,53.91966,-8.4257,304.4528,14.318,0.38208,-0.010926,1.682456,-1.53531,0.045878,-0.002748,0.541636,-0.320083,29.30397,-0.63742,38.34148,-2.48437
2004.285354,14.14839,0.31293,33.15539,-0.2191,24.72365,-0.241638,2.434575,0.507984,94.9186,29.66419,534.5431,96.3989,0.442674,-0.02077,3.411508,-0.418593,0.06634,0.009821,2.053779,0.149313,27.42301,2.4132,36.19311,0.02046
2004.583333,17.0472,-0.06519,33.28025,-0.1471,24.168123,-0.087053,2.067944,0.992261,95.7964,32.73636,389.69,-128.7644,0.317884,-0.024631,1.655714,-1.199517,0.054515,0.02928,1.196678,0.499806,13.3522,-2.31702,28.63645,-10.22882
2004.916667,16.83921,0.08884,33.17435,-0.18633,24.145983,-0.157827,0.549212,-0.374043,33.97645,-26.6545,154.6542,-136.4818,0.285589,-0.065817,1.066881,-1.36917,0.014614,-0.004207,0.280343,-0.282409,20.3784,-1.94755,38.77193,-4.06897
2005.083333,14.66905,0.07283,33.00156,-0.33401,24.500743,-0.247589,0.930776,0.143064,42.73476,-19.55287,273.6875,-15.7467,0.304575,-0.084408,2.79659,-0.39274,0.042009,-0.005418,0.49591,-0.301035,28.34352,-1.60605,38.78085,-2.12758
2005.333333,14.30752,0.04658,33.23016,-0.16073,24.749273,-0.133995,3.027686,0.93034,138.34852,72.86283,388.25,-101.04,0.354253,-0.10595,1.596199,-2.25923,0.022977,-0.030877,0.751318,-1.221314,20.83717,-1.8254,39.33813,3.69416
2005.583333,16.10082,-0.56613,33.40568,-0.02267,24.472722,0.118918,2.051901,0.76089,98.02876,34.42302,473.05,-62.7115,0.384073,0.019695,2.660371,-0.408341,0.058884,0.027883,1.888595,0.913566,16.76701,0.69648,35.13451,-2.91799
2005.916667,16.19064,-0.46923,33.29177,-0.07724,24.383144,0.052881,2.121843,1.134632,69.02922,8.38796,351.0861,60.3137,0.289717,-0.063478,2.584415,0.134417,0.029611,0.009352,0.328052,-0.273861,22.7265,0.33665,35.27558,-7.55115
2006.166667,14.22335,0.29138,33.28674,-0.05301,24.811116,-0.097886,1.340561,0.121764,62.24558,-1.40841,302.5278,-23.3185,0.40922,-0.016847,3.601511,0.125799,0.052587,0.000679,1.536306,0.263521,27.09973,-1.92209,32.02885,-6.83414
2006.333333,14.24398,0.29497,33.22652,-0.15555,24.758766,-0.183358,1.497291,-0.418426,69.03889,3.65393,360.1821,-98.2871,0.351972,-0.13046,3.146288,-0.906552,0.043167,-0.013565,1.042191,-1.143857,18.23555,-5.89857,36.91804,1.00964
2006.583333,17.52485,0.60831,33.38991,-0.03739,24.126667,-0.165453,1.572876,0.412619,67.67679,4.39643,508.0845,-18.0248,0.276398,-0.073101,3.260334,0.339603,0.02555,-0.001346,0.690376,-0.092327,15.7541,-0.04658,36.79406,-1.74097
2006.857323,17.5523,0.4086,33.37366,0.0037,24.13114,-0.087694,0.535924,-0.181023,37.59515,-22.86562,230.6014,-73.8513,0.276851,-0.051352,1.892527,-0.387306,0.007643,-0.007773,0.101361,-0.206563,18.74621,-2.07349,46.54483,3.48499
2007.083333,13.83648,-0.44783,33.47333,0.13792,25.037533,0.216466,1.401242,0.466395,71.14384,8.40685,209.7639,-87.1513,0.402326,-0.011692,2.232729,-1.183378,0.070606,0.016599,0.923622,-0.16942,37.41261,7.60057,34.27293,-5.98325
2007.321038,13.64193,-0.40235,33.50697,0.1449,25.097395,0.186941,1.209757,-0.589787,55.14353,-10.23313,434.2667,-22.6546,0.53229,0.098692,6.123932,2.324385,0.135489,0.093206,4.277523,2.426202,25.26542,1.06238,32.69693,-3.22929
2007.569444,16.37395,-0.25305,33.51153,0.08323,24.501121,0.133153,0.780649,-0.556825,64.79543,1.07112,548.5028,9.7441,0.381072,0.01614,2.644666,-0.428909,0.054763,0.024102,1.582583,0.602263,16.08857,-0.10408,29.29033,-8.58801
2007.916667,15.76166,-0.98602,33.40219,0.03463,24.562126,0.253149,0.926414,0.018376,38.67985,-21.93002,262.8042,-29.1574,0.38017,0.033622,2.669542,0.30432,0.091211,0.072448,1.581352,1.069892,18.92211,-3.26818,24.44304,-18.42667
2008.083333,13.39849,-1.08143,33.33353,0.00258,25.019274,0.246797,1.003705,0.223875,47.01704,-15.48255,269.3944,-22.9963,0.514334,0.116929,4.396734,1.148897,0.080934,0.03366,2.845009,1.965597,26.71985,-3.18572,21.62819,-18.97527
2008.298177,12.67464,-1.16625,33.46068,0.07373,25.254515,0.282088,2.155152,0.137279,86.34599,21.03328,334.7312,-111.6314,0.730191,0.254005,7.500017,3.507866,0.1007,0.041626,6.363523,4.266503,24.97405,0.311,17.39382,-18.66424
2008.666667,17.70972,-0.00254,33.38521,-0.03006,24.094288,-0.012331,0.744929,0.132533,44.9429,-16.70378,446.6167,-1.6038,0.310691,-0.000077,2.654778,0.182009,0.010888,-0.006329,0.205631,-0.045498,14.02177,-1.80093,30.26902,-10.77422
2008.833333,16.69741,-0.59276,33.3872,0.01336,24.341464,0.155034,0.562093,-0.087509,41.51507,-18.91971,463.8069,151.553,0.325727,0.001003,1.679796,-0.6022,0.012253,-0.002512,0.216656,-0.057931,17.17237,-3.05666,34.11831,-8.96306
2009.083333,13.832,-0.6801,33.29248,-0.04152,24.899725,0.133127,1.017931,0.183193,48.54926,-13.89397,423.0071,131.5049,0.432175,0.04056,3.704003,0.497068,0.049729,0.002951,1.048304,0.231755,23.33734,-6.58364,23.34282,-17.34223
2009.25,13.71481,-0.08689,33.3039,-0.04083,24.931624,-0.019203,1.676958,0.04983,59.08794,-5.74849,263.8111,-131.6207,0.377753,-0.058681,2.401144,-1.058969,0.034626,-0.016265,0.605146,-0.833931,29.52435,2.84283,39.01164,2.08227
2009.583333,17.11688,-0.00265,33.42248,-0.005,24.254853,0.005861,1.218572,0.171442,55.82395,-7.17234,593,76.9227,0.351626,0.011334,1.89234,-0.938851,0.027395,0.002636,0.75351,0.084633,15.24351,-0.39514,31.58557,-7.37574
2009.916667,16.08113,-0.45946,33.3565,-0.00317,24.456853,0.106304,0.926726,-0.056375,50.16253,-10.5168,331.8333,42.2074,0.364192,-0.0019,2.253917,-0.35476,0.03188,0.007043,0.435934,-0.306696,28.90211,6.28825,39.94076,-2.83325
2010.083333,14.68779,0.40713,33.24692,-0.09088,24.685578,-0.138212,0.689203,-0.222333,41.6168,-21.12898,239.3319,-57.7745,0.400974,-0.015458,2.91346,-0.530805,0.070498,0.015859,0.566021,-0.561009,32.34484,2.53714,36.69614,-3.54707
2010.391534,13.69372,-0.63828,33.35305,-0.05277,24.966778,0.092451,4.351523,2.258562,158.31506,92.86859,1069.2733,554.726,0.548469,0.083109,4.750603,0.807294,0.075129,0.019496,2.684455,0.615319,27.74465,6.49888,32.82279,-2.7747
2010.659091,16.02677,-0.35259,33.37901,-0.01302,24.484706,0.077316,2.000215,0.700984,67.29352,5.01841,487.4458,3.2804,0.357464,-0.009349,2.141125,-0.687776,0.044858,0.018734,0.973292,0.123138,14.20418,-1.3227,30.49096,-9.5713
2010.896893,16.46392,-0.66382,33.30259,-0.03845,24.328383,0.125743,1.107687,0.399682,56.39269,-4.13384,384.9,88.1356,0.31753,-0.012881,1.812372,-0.42644,0.041658,0.030131,0.876344,0.565677,19.82435,-1.73504,35.44754,-7.53293
2011.083333,13.8368,-0.52633,33.19805,-0.13641,24.82208,0.020115,1.616756,0.681477,84.64243,21.95068,470.45,174.493,0.377133,-0.020084,2.747423,-0.510389,0.064016,0.01645,1.526209,0.642402,24.90882,-4.92456,29.0915,-11.2313
2011.333333,13.83532,-0.46987,33.31605,-0.04449,24.911238,0.05861,1.041464,-0.809921,57.04833,-8.41709,520.3833,41.9224,0.568465,0.136364,5.603442,2.116281,0.068047,0.02283,3.833451,2.331459,21.64366,-1.56016,33.20155,-2.51417
2011.643939,16.53048,-0.84747,33.37267,-0.05093,24.361024,0.175649,1.877891,1.041414,72.50529,10.07757,865.1347,373.4371,0.324148,-0.005961,1.890736,-0.82056,0.019341,-0.003786,0.637575,0.108123,16.57555,1.06181,32.7388,-7.08832
2011.839646,17.09059,-0.15393,33.35823,-0.01442,24.223829,0.028866,0.666315,-0.011397,44.89737,-15.54206,348.8611,38.8944,0.294431,-0.031567,1.198854,-1.08308,0.010958,-0.003579,0.337651,0.051551,16.99767,-3.39304,39.38306,-3.69631
2012.143939,13.78536,-0.25469,33.32597,-0.01324,24.935079,0.052455,1.07335,-0.069081,70.44845,7.1114,424.1262,110.3431,0.398991,-0.023536,2.538355,-0.932821,0.036375,-0.015005,0.837691,-0.381128,27.64632,-1.72755,32.68833,-6.66531
2012.282164,12.84694,-0.81865,33.46023,0.05873,25.224099,0.203414,1.014801,-1.010686,74.60717,9.36614,552.4667,116.0747,0.641093,0.128437,7.062479,2.632835,0.12196,0.053213,4.944771,2.340893,24.76443,-0.31813,19.32758,-16.8708
2012.583333,16.07438,-0.93556,33.46573,0.03917,24.538967,0.264356,1.712684,0.606948,75.86753,12.7077,309.4875,-212.5428,0.3275,-0.017152,1.818339,-1.053453,0.042309,0.016547,0.716906,-0.004467,16.04626,0.32248,28.63393,-10.08143
2012.853535,17.56684,0.40019,33.45298,0.08237,24.186527,-0.027134,0.372486,-0.341022,34.0255,-26.43466,262.9167,-41.6508,0.303269,-0.02656,2.348751,0.042977,0.023226,0.007842,0.279569,-0.04823,18.32689,-2.48321,39.03008,-4.03042
2013.083333,13.82133,-0.5981,33.39906,0.06414,24.982015,0.193182,1.105303,0.234074,48.89885,-13.68794,458.4988,164.5919,0.439938,0.043258,3.913446,0.666038,0.060234,0.012688,1.486455,0.59861,27.42642,-2.45013,34.29028,-6.18631
2013.333333,12.96205,-0.91557,33.56329,0.16895,25.276637,0.308939,2.410344,0.414839,107.32312,41.87761,973.4905,501.3777,0.742501,0.236713,8.091351,3.769592,0.083772,0.020228,6.230485,3.703169,27.96605,4.45812,24.33792,-11.43107
2013.583333,16.18563,-0.65623,33.53537,0.1061,24.564159,0.246366,1.933749,0.713519,61.37281,-1.99549,759.0528,230.1358,0.453991,0.094349,3.634025,0.606112,0.069394,0.039683,2.156257,1.237438,15.43827,-0.42624,24.71679,-13.6872
2013.916667,16.30935,-0.2274,33.5093,0.14967,24.52447,0.17239,1.294876,0.242023,90.98206,30.24993,352.4806,64.0271,0.348978,-0.014203,1.753628,-0.761845,0.040242,0.018061,0.492513,-0.209467,23.34354,0.44424,35.35327,-7.34677
2014.13172,16.22746,0.06137,33.48315,0.09995,24.52377,0.069484,0.518067,-0.073212,37.0489,-26.16028,334.5881,25.046,0.346001,-0.002201,2.349924,-0.05559,0.039279,0.017416,0.411002,-0.020865,26.96663,-2.52501,42.26105,2.71219
2014.331967,14.48306,0.48189,33.42783,0.04609,24.86175,-0.072336,3.809945,1.790274,109.21109,43.83228,612.9917,155.6747,0.412189,-0.05034,3.456433,-0.439109,0.039772,-0.013545,1.406888,-0.533409,20.01699,-4.16847,38.99815,3.07653
2014.583333,18.65972,1.73699,33.47802,0.05118,23.937955,-0.360384,0.355945,-0.797866,57.75813,-5.62423,528.3958,-0.9564,0.293948,-0.056412,1.72516,-1.207789,0.014202,-0.012659,0.058555,-0.733651,13.85674,-2.01859,47.33749,8.9544
2014.916667,18.39815,1.83466,33.41233,0.05138,24.379677,0.032974,0.3187,-0.668671,30.59369,-30.11268,246.8958,-42.0762,0.326866,-0.044954,1.601625,-0.999803,0.019228,-0.008761,0.09885,-0.717774,25.10742,2.34419,50.15254,7.4163
2015.083333,16.48785,2.19061,33.2455,-0.09015,24.28593,-0.532918,0.282495,-0.687848,31.3607,-31.42499,235.0486,-62.9476,0.329328,-0.079565,1.931853,-1.457744,0.012922,-0.038368,0.061223,-0.973897,28.48833,-1.29891,56.34875,16.16451
2015.333333,15.27863,1.32469,33.3074,-0.08378,25.13159,0.180467,1.549341,-0.542243,92.76776,27.35626,283.5536,-180.2745,0.367871,-0.100704,2.194331,-1.732875,0.037604,-0.019342,0.901981,-1.125006,21.04392,-2.84837,41.47731,5.62754
2015.583333,18.88043,1.98131,33.30395,-0.13245,23.748449,-0.562208,0.640494,-0.580826,62.41239,-0.82791,687.6569,162.874,0.284124,-0.06908,1.553276,-1.423529,0.011463,-0.016998,0.094384,-0.75855,11.01161,-4.76216,44.26089,5.66601
2015.901389,18.85018,2.03426,33.34794,-0.01908,23.787314,-0.505354,0.419777,-0.385108,36.69001,-23.84683,355.5417,59.5547,0.287416,-0.063437,2.08035,-0.375457,0.017911,-0.006608,0.018058,-0.541998,26.82395,5.17517,52.94052,9.97338
2016.083333,15.35328,0.87173,33.39632,0.06122,24.657097,-0.116185,0.818791,-0.005191,42.50892,-19.91241,327.7208,36.5439,0.405758,0.004306,2.964517,-0.319153,0.072792,0.021984,0.587312,-0.334244,28.45607,-1.47019,49.54803,8.83138
2016.333333,14.99746,1.05423,33.35032,-0.03775,24.693417,-0.258736,1.020708,-1.019613,70.00767,4.62285,478.5361,20.092,0.393726,-0.080219,2.267264,-1.729007,0.054027,-0.003289,1.053535,-1.03628,20.22709,-3.90814,45.54776,9.63908
2016.583333,17.44791,0.34889,33.33095,-0.05793,24.113483,-0.11924,0.70391,-0.221607,39.95349,-23.21813,433.6964,-88.7444,0.303221,-0.033587,1.913811,-0.817289,0.035653,0.015333,0.648249,0.098055,20.55497,4.8242,41.33727,2.63958
2016.916667,17.54578,0.85044,33.31618,-0.04529,24.085092,-0.231956,0.900607,-0.063785,47.41458,-13.27571,384.125,94.7786,0.2829,-0.06862,1.682767,-0.736357,0.032847,0.014538,0.441207,-0.124458,19.68296,-2.9923,42.27749,-0.48125
2017.083333,14.81932,0.26309,33.26162,-0.07364,24.666748,-0.091576,0.785051,-0.052188,40.05449,-22.28167,294.6694,4.6518,0.346614,-0.04783,2.660759,-0.594386,0.066317,0.016714,0.786298,-0.0857,27.34782,-2.59507,37.034,-3.80505
2017.319444,14.27041,0.34592,33.31056,-0.06755,24.816146,-0.132683,1.345592,-0.618758,66.21222,0.87537,381.8139,-68.2983,0.460434,-0.004675,5.059275,1.184674,0.084546,0.029503,3.12295,1.176145,19.45592,-5.04574,36.60771,0.59848
2017.666667,17.71899,0.24302,33.40607,-0.01513,24.103121,-0.06492,1.626393,0.856947,55.87184,-6.3756,639.869,157.1157,0.28306,-0.039142,2.424792,-0.192003,0.035855,0.015438,0.710228,0.290362,15.79148,0.25998,41.40384,1.29883
2017.916667,17.29304,0.63768,33.47485,0.11568,24.269582,-0.055489,0.653276,-0.301636,45.59243,-15.1344,254.2056,-34.347,0.21847,-0.134744,1.522871,-0.908795,0.019574,0.000181,0.176573,-0.40795,18.30419,-4.56755,43.00067,0.29316
2018.333333,14.15809,0.16832,33.55661,0.17005,25.026246,0.0868,4.346757,2.334048,148.97091,83.54428,623.6488,156.3918,0.338643,-0.132615,2.968576,-0.987909,0.059818,0.003558,1.730585,-0.335034,25.08319,1.34836,41.14437,5.32951
2018.5,15.53817,-0.36716,33.61801,0.19277,24.772427,0.241691,1.399949,-0.226903,94.49713,30.00749,395.5274,-154.4426,0.34739,-0.051834,2.109379,-1.279855,0.074066,0.03517,1.983516,0.589448,23.74292,6.38608,37.52013,0.73824
2018.833333,18.17363,0.9056,33.60958,0.23491,24.161348,-0.03159,0.670488,-0.00197,42.51633,-17.91613,340.1095,25.9506,0.206385,-0.119735,1.705931,-0.595845,0.013167,-0.002909,0.273207,-0.023364,22.37516,2.27486,49.43765,6.35685
2019.333333,14.58643,0.80965,33.51816,0.11433,24.911134,-0.087116,1.94771,-0.309405,75.23123,9.84431,372.669,-86.1738,0.347664,-0.15317,3.47945,-0.800517,0.069139,0.003289,1.574745,-0.871114,21.0573,-3.06012,42.63981,6.73566
