plot,loc,size,RO,BO,WO,CO
1 00,N5,1,1,0,0,0
1 00,N5,2,0,0,0,0
1 00,N5,3,0,0,0,0
1 00,N10,1,1,0,0,0
1 00,N10,2,0,0,0,0
1 00,N10,3,0,0,0,0
1 00,E5,1,0,0,0,0
1 00,E5,2,0,0,0,0
1 00,E5,3,0,0,0,0
1 00,E10,1,1,0,0,0
1 00,E10,2,0,0,0,0
1 00,E10,3,0,0,0,0
1 00,S5,1,0,0,1,0
1 00,S5,2,0,0,0,0
1 00,S5,3,0,0,0,0
1 00,S10,1,1,0,1,0
1 00,S10,2,0,0,0,0
1 00,S10,3,0,0,0,0
1 00,W5,1,1,0,0,0
1 00,W5,2,0,0,0,0
1 00,W5,3,0,0,0,0
1 00,W10,1,1,0,0,0
1 00,W10,2,0,0,0,0
1 00,W10,3,0,0,0,0
1 01,N5,1,1,1,0,0
1 01,N5,2,0,0,0,0
1 01,N5,3,0,0,0,0
1 01,N10,1,1,0,0,0
1 01,N10,2,0,0,0,0
1 01,N10,3,0,0,0,0
1 01,E5,1,1,0,0,0
1 01,E5,2,0,0,0,0
1 01,E5,3,0,0,0,0
1 01,E10,1,1,1,1,0
1 01,E10,2,1,0,0,0
1 01,E10,3,0,0,0,0
1 01,S5,1,1,0,0,0
1 01,S5,2,0,0,0,0
1 01,S5,3,0,0,0,0
1 01,S10,1,1,0,0,0
1 01,S10,2,0,0,0,0
1 01,S10,3,0,0,0,0
1 01,W5,1,1,0,0,0
1 01,W5,2,0,0,0,0
1 01,W5,3,0,0,0,0
1 01,W10,1,1,0,0,0
1 01,W10,2,0,0,0,0
1 01,W10,3,0,0,0,0
1 03,N5,1,1,0,0,0
1 03,N5,2,0,0,0,0
1 03,N5,3,0,0,0,0
1 03,N10,1,1,0,0,0
1 03,N10,2,0,0,0,0
1 03,N10,3,0,0,0,0
1 03,E5,1,1,0,0,0
1 03,E5,2,0,0,0,0
1 03,E5,3,0,0,0,0
1 03,E10,1,1,0,0,0
1 03,E10,2,0,0,0,0
1 03,E10,3,0,0,0,0
1 03,S5,1,1,0,0,0
1 03,S5,2,0,0,0,0
1 03,S5,3,0,0,0,0
1 03,S10,1,0,0,0,0
1 03,S10,2,0,0,0,0
1 03,S10,3,0,0,0,0
1 03,W5,1,1,0,0,0
1 03,W5,2,0,0,0,0
1 03,W5,3,0,0,0,0
1 03,W10,1,1,0,0,0
1 03,W10,2,0,0,0,0
1 03,W10,3,0,0,0,0
1 07,N5,1,1,0,0,0
1 07,N5,2,0,0,0,0
1 07,N5,3,0,0,0,0
1 07,N10,1,1,0,0,0
1 07,N10,2,0,0,0,0
1 07,N10,3,0,0,0,0
1 07,E5,1,1,0,0,0
1 07,E5,2,0,0,0,0
1 07,E5,3,0,0,0,0
1 07,E10,1,1,0,0,0
1 07,E10,2,0,0,0,0
1 07,E10,3,0,0,0,0
1 07,S5,1,1,0,0,0
1 07,S5,2,0,0,0,0
1 07,S5,3,0,0,0,0
1 07,S10,1,1,0,0,0
1 07,S10,2,0,0,0,0
1 07,S10,3,0,0,0,0
1 07,W5,1,1,0,0,0
1 07,W5,2,0,0,0,0
1 07,W5,3,0,0,0,0
1 07,W10,1,1,0,0,0
1 07,W10,2,0,0,0,0
1 07,W10,3,0,0,0,0
1 09,N5,1,1,0,0,0
1 09,N5,2,0,0,0,0
1 09,N5,3,0,0,0,0
1 09,N10,1,1,0,0,0
1 09,N10,2,0,0,0,0
1 09,N10,3,0,0,0,0
1 09,E5,1,0,0,0,0
1 09,E5,2,1,0,0,0
1 09,E5,3,0,0,0,0
1 09,E10,1,1,0,0,0
1 09,E10,2,1,0,0,0
1 09,E10,3,0,0,0,0
1 09,S5,1,1,0,0,0
1 09,S5,2,1,0,0,0
1 09,S5,3,0,0,0,0
1 09,S10,1,0,0,0,0
1 09,S10,2,1,0,0,0
1 09,S10,3,0,0,0,0
1 09,W5,1,0,0,0,0
1 09,W5,2,0,0,0,0
1 09,W5,3,0,0,0,0
1 09,W10,1,0,0,0,0
1 09,W10,2,0,0,0,0
1 09,W10,3,0,0,0,0
1 13,N5,1,1,0,0,0
1 13,N5,2,0,0,0,0
1 13,N5,3,0,0,0,0
1 13,N10,1,1,0,0,0
1 13,N10,2,0,0,0,0
1 13,N10,3,0,0,0,0
1 13,E5,1,0,0,0,0
1 13,E5,2,0,0,0,0
1 13,E5,3,0,0,0,0
1 13,E10,1,1,0,1,0
1 13,E10,2,0,0,0,0
1 13,E10,3,0,0,0,0
1 13,S5,1,1,0,0,0
1 13,S5,2,0,0,0,0
1 13,S5,3,0,0,0,0
1 13,S10,1,1,0,0,0
1 13,S10,2,1,0,0,0
1 13,S10,3,0,0,0,0
1 13,W5,1,1,0,1,0
1 13,W5,2,1,0,0,0
1 13,W5,3,0,0,0,0
1 13,W10,1,1,0,0,0
1 13,W10,2,0,0,0,0
1 13,W10,3,0,0,0,0
1 19,N5,1,0,0,0,0
1 19,N5,2,0,0,0,0
1 19,N5,3,0,0,0,0
1 19,N10,1,1,0,0,0
1 19,N10,2,1,0,0,0
1 19,N10,3,0,0,0,0
1 19,E5,1,1,0,0,0
1 19,E5,2,0,0,0,0
1 19,E5,3,0,0,0,0
1 19,E10,1,0,0,0,0
1 19,E10,2,0,0,0,0
1 19,E10,3,0,0,0,0
1 19,S5,1,1,0,0,0
1 19,S5,2,0,0,0,0
1 19,S5,3,0,0,0,0
1 19,S10,1,1,0,0,0
1 19,S10,2,0,0,0,0
1 19,S10,3,0,0,0,0
1 19,W5,1,1,0,0,0
1 19,W5,2,0,0,0,0
1 19,W5,3,0,0,0,0
1 19,W10,1,1,0,0,0
1 19,W10,2,0,0,0,0
1 19,W10,3,0,0,0,0
1 23,N5,1,1,0,0,0
1 23,N5,2,0,0,0,0
1 23,N5,3,0,0,0,0
1 23,N10,1,1,0,0,0
1 23,N10,2,0,0,0,0
1 23,N10,3,0,0,0,0
1 23,E5,1,1,0,0,0
1 23,E5,2,0,0,0,0
1 23,E5,3,0,0,0,0
1 23,E10,1,1,0,1,0
1 23,E10,2,0,0,0,0
1 23,E10,3,0,0,0,0
1 23,S5,1,1,0,0,0
1 23,S5,2,0,0,0,0
1 23,S5,3,0,0,0,0
1 23,S10,1,1,0,0,0
1 23,S10,2,0,0,0,0
1 23,S10,3,0,0,0,0
1 23,W5,1,1,1,1,0
1 23,W5,2,0,0,0,0
1 23,W5,3,0,0,0,0
1 23,W10,1,1,0,0,0
1 23,W10,2,0,0,0,0
1 23,W10,3,0,0,0,0
1 28,N5,1,0,0,0,0
1 28,N5,2,0,0,0,0
1 28,N5,3,0,0,0,0
1 28,N10,1,0,0,0,0
1 28,N10,2,0,0,0,0
1 28,N10,3,0,0,0,0
1 28,E5,1,1,0,0,0
1 28,E5,2,1,0,0,0
1 28,E5,3,0,0,0,0
1 28,E10,1,1,0,0,0
1 28,E10,2,0,0,0,0
1 28,E10,3,0,0,0,0
1 28,S5,1,1,0,0,0
1 28,S5,2,0,0,0,0
1 28,S5,3,0,0,0,0
1 28,S10,1,1,0,1,0
1 28,S10,2,0,0,0,0
1 28,S10,3,0,0,0,0
1 28,W5,1,0,0,0,0
1 28,W5,2,0,0,0,0
1 28,W5,3,0,0,0,0
1 28,W10,1,1,0,0,0
1 28,W10,2,0,0,0,0
1 28,W10,3,0,0,0,0
1 29,N5,1,1,1,0,0
1 29,N5,2,0,0,0,0
1 29,N5,3,0,0,0,0
1 29,N10,1,1,1,0,0
1 29,N10,2,0,0,0,0
1 29,N10,3,0,0,0,0
1 29,E5,1,1,0,0,0
1 29,E5,2,0,0,0,0
1 29,E5,3,0,0,0,0
1 29,E10,1,1,0,0,0
1 29,E10,2,0,0,0,0
1 29,E10,3,0,0,0,0
1 29,S5,1,0,0,0,0
1 29,S5,2,0,0,0,0
1 29,S5,3,0,0,0,0
1 29,S10,1,1,1,0,0
1 29,S10,2,0,0,0,0
1 29,S10,3,0,0,0,0
1 29,W5,1,1,0,0,0
1 29,W5,2,0,0,0,0
1 29,W5,3,0,0,0,0
1 29,W10,1,0,0,0,0
1 29,W10,2,0,0,0,0
1 29,W10,3,0,0,0,0
1 30,N5,1,0,0,0,0
1 30,N5,2,0,0,0,0
1 30,N5,3,0,0,0,0
1 30,N10,1,0,0,0,0
1 30,N10,2,0,0,0,0
1 30,N10,3,0,0,0,0
1 30,E5,1,0,0,0,0
1 30,E5,2,0,0,0,0
1 30,E5,3,0,0,0,0
1 30,E10,1,0,0,0,0
1 30,E10,2,0,0,0,0
1 30,E10,3,0,0,0,0
1 30,S5,1,1,0,0,0
1 30,S5,2,0,0,0,0
1 30,S5,3,0,0,0,0
1 30,S10,1,1,0,0,0
1 30,S10,2,0,0,0,0
1 30,S10,3,0,0,0,0
1 30,W5,1,0,0,0,0
1 30,W5,2,0,0,0,0
1 30,W5,3,0,0,0,0
1 30,W10,1,0,0,0,0
1 30,W10,2,0,0,0,0
1 30,W10,3,0,0,0,0
1 31,N5,1,0,0,0,0
1 31,N5,2,0,0,0,0
1 31,N5,3,0,0,0,0
1 31,N10,1,0,0,1,0
1 31,N10,2,0,0,1,0
1 31,N10,3,0,0,0,0
1 31,E5,1,1,0,0,0
1 31,E5,2,0,0,0,0
1 31,E5,3,0,0,0,0
1 31,E10,1,0,0,0,0
1 31,E10,2,0,0,0,0
1 31,E10,3,0,0,0,0
1 31,S5,1,1,0,0,0
1 31,S5,2,0,0,1,0
1 31,S5,3,0,0,0,0
1 31,S10,1,0,0,0,0
1 31,S10,2,0,0,0,0
1 31,S10,3,0,0,0,0
1 31,W5,1,0,0,0,0
1 31,W5,2,1,0,0,0
1 31,W5,3,0,0,0,0
1 31,W10,1,1,0,0,0
1 31,W10,2,1,0,0,0
1 31,W10,3,0,0,0,0
1 32,N5,1,1,0,0,0
1 32,N5,2,1,0,0,0
1 32,N5,3,0,0,0,0
1 32,N10,1,0,0,0,0
1 32,N10,2,1,1,1,0
1 32,N10,3,0,0,0,0
1 32,E5,1,1,0,1,0
1 32,E5,2,0,0,0,0
1 32,E5,3,0,0,0,0
1 32,E10,1,1,0,1,0
1 32,E10,2,1,0,1,0
1 32,E10,3,0,0,0,0
1 32,S5,1,0,0,1,0
1 32,S5,2,0,0,1,0
1 32,S5,3,0,0,0,0
1 32,S10,1,0,0,0,0
1 32,S10,2,0,0,1,0
1 32,S10,3,0,0,1,0
1 32,W5,1,0,0,0,0
1 32,W5,2,0,0,1,0
1 32,W5,3,0,0,0,0
1 32,W10,1,0,0,0,0
1 32,W10,2,0,0,0,0
1 32,W10,3,0,0,0,0
1 33,N5,1,0,0,0,0
1 33,N5,2,0,0,0,0
1 33,N5,3,0,0,0,0
1 33,N10,1,0,0,0,0
1 33,N10,2,0,0,0,0
1 33,N10,3,0,0,0,0
1 33,E5,1,1,0,0,0
1 33,E5,2,0,0,0,0
1 33,E5,3,0,0,0,0
1 33,E10,1,0,0,0,0
1 33,E10,2,0,0,0,0
1 33,E10,3,0,0,0,0
1 33,S5,1,0,0,0,0
1 33,S5,2,0,0,0,0
1 33,S5,3,0,0,0,0
1 33,S10,1,1,0,0,0
1 33,S10,2,0,1,0,0
1 33,S10,3,0,0,0,0
1 33,W5,1,1,0,0,0
1 33,W5,2,0,0,0,0
1 33,W5,3,0,0,0,0
1 33,W10,1,1,0,1,0
1 33,W10,2,0,0,1,0
1 33,W10,3,0,0,0,0
1 34,N5,1,0,0,0,0
1 34,N5,2,0,0,0,0
1 34,N5,3,0,0,0,0
1 34,N10,1,0,0,0,0
1 34,N10,2,0,0,0,0
1 34,N10,3,0,0,0,0
1 34,E5,1,0,0,0,0
1 34,E5,2,0,0,0,0
1 34,E5,3,0,0,0,0
1 34,E10,1,0,0,0,0
1 34,E10,2,0,0,0,0
1 34,E10,3,0,0,0,0
1 34,S5,1,0,0,0,0
1 34,S5,2,0,0,0,0
1 34,S5,3,0,0,0,0
1 34,S10,1,0,0,0,0
1 34,S10,2,0,0,0,0
1 34,S10,3,0,0,0,0
1 34,W5,1,0,0,0,0
1 34,W5,2,0,0,0,0
1 34,W5,3,0,0,0,0
1 34,W10,1,0,0,0,0
1 34,W10,2,0,0,0,0
1 34,W10,3,0,0,0,0
1 40,N5,1,1,0,0,0
1 40,N5,2,0,0,0,0
1 40,N5,3,0,0,0,0
1 40,N10,1,1,0,0,0
1 40,N10,2,0,0,0,0
1 40,N10,3,0,0,0,0
1 40,E5,1,1,0,0,0
1 40,E5,2,0,0,0,0
1 40,E5,3,0,0,0,0
1 40,E10,1,0,0,0,0
1 40,E10,2,1,0,0,0
1 40,E10,3,0,0,0,0
1 40,S5,1,1,0,0,0
1 40,S5,2,0,0,0,0
1 40,S5,3,0,0,0,0
1 40,S10,1,1,0,1,0
1 40,S10,2,0,0,0,0
1 40,S10,3,0,0,0,0
1 40,W5,1,1,0,0,0
1 40,W5,2,1,0,0,0
1 40,W5,3,0,0,0,0
1 40,W10,1,1,1,0,0
1 40,W10,2,0,0,0,0
1 40,W10,3,0,0,0,0
1 38,N5,1,1,1,0,0
1 38,N5,2,0,0,0,0
1 38,N5,3,0,0,0,0
1 38,N10,1,1,0,0,0
1 38,N10,2,0,0,0,0
1 38,N10,3,0,0,0,0
1 38,E5,1,1,0,0,0
1 38,E5,2,0,0,0,0
1 38,E5,3,0,0,0,0
1 38,E10,1,1,0,0,0
1 38,E10,2,0,0,0,0
1 38,E10,3,0,0,0,0
1 38,S5,1,1,0,0,0
1 38,S5,2,0,0,0,0
1 38,S5,3,0,0,0,0
1 38,S10,1,0,0,0,0
1 38,S10,2,0,0,0,0
1 38,S10,3,0,0,0,0
1 38,W5,1,1,0,0,0
1 38,W5,2,1,1,0,0
1 38,W5,3,0,0,0,0
1 38,W10,1,0,0,0,0
1 38,W10,2,0,0,0,0
1 38,W10,3,0,0,0,0
1 41,N5,1,1,0,0,0
1 41,N5,2,1,0,0,0
1 41,N5,3,0,0,0,0
1 41,N10,1,1,0,0,0
1 41,N10,2,0,0,0,0
1 41,N10,3,0,0,0,0
1 41,E5,1,1,0,0,0
1 41,E5,2,0,1,0,0
1 41,E5,3,0,0,0,0
1 41,E10,1,1,0,0,0
1 41,E10,2,0,0,0,0
1 41,E10,3,0,0,0,0
1 41,S5,1,1,0,0,0
1 41,S5,2,1,0,0,0
1 41,S5,3,1,0,0,0
1 41,S10,1,1,0,0,0
1 41,S10,2,0,0,0,0
1 41,S10,3,0,0,0,0
1 41,W5,1,1,0,0,0
1 41,W5,2,1,0,0,0
1 41,W5,3,0,0,0,0
1 41,W10,1,1,0,0,0
1 41,W10,2,1,0,0,0
1 41,W10,3,0,0,0,0
1 45,N5,1,1,0,0,0
1 45,N5,2,1,0,0,0
1 45,N5,3,0,0,0,0
1 45,N10,1,0,0,0,0
1 45,N10,2,0,0,0,0
1 45,N10,3,0,0,0,0
1 45,E5,1,1,0,0,0
1 45,E5,2,1,0,0,0
1 45,E5,3,0,0,0,0
1 45,E10,1,1,0,0,0
1 45,E10,2,1,0,0,0
1 45,E10,3,0,0,0,0
1 45,S5,1,1,0,0,0
1 45,S5,2,0,0,0,0
1 45,S5,3,0,0,0,0
1 45,S10,1,0,0,0,0
1 45,S10,2,0,0,0,0
1 45,S10,3,0,0,0,0
1 45,W5,1,0,0,1,0
1 45,W5,2,0,0,1,0
1 45,W5,3,0,0,0,0
1 45,W10,1,1,0,0,0
1 45,W10,2,0,0,0,0
1 45,W10,3,0,0,0,0
1 46,N5,1,1,0,0,0
1 46,N5,2,1,0,0,0
1 46,N5,3,0,0,0,0
1 46,N10,1,0,0,0,0
1 46,N10,2,0,0,0,0
1 46,N10,3,0,0,0,0
1 46,E5,1,1,0,0,0
1 46,E5,2,0,0,0,0
1 46,E5,3,0,0,0,0
1 46,E10,1,0,0,0,0
1 46,E10,2,0,0,0,0
1 46,E10,3,0,0,0,0
1 46,S5,1,0,0,0,0
1 46,S5,2,0,0,0,0
1 46,S5,3,0,0,0,0
1 46,S10,1,0,0,0,0
1 46,S10,2,0,0,0,0
1 46,S10,3,0,0,0,0
1 46,W5,1,1,0,0,0
1 46,W5,2,0,0,0,0
1 46,W5,3,0,0,0,0
1 46,W10,1,0,0,0,0
1 46,W10,2,0,0,0,0
1 46,W10,3,0,0,0,0
1 47,N5,1,0,0,1,0
1 47,N5,2,0,0,0,0
1 47,N5,3,0,0,0,0
1 47,N10,1,0,0,0,0
1 47,N10,2,0,0,0,0
1 47,N10,3,0,0,0,0
1 47,E5,1,1,0,0,0
1 47,E5,2,0,0,0,0
1 47,E5,3,0,0,0,0
1 47,E10,1,1,0,0,0
1 47,E10,2,0,0,0,0
1 47,E10,3,0,0,0,0
1 47,S5,1,1,0,0,0
1 47,S5,2,0,0,0,0
1 47,S5,3,0,0,0,0
1 47,S10,1,1,0,0,0
1 47,S10,2,0,0,0,0
1 47,S10,3,0,0,0,0
1 47,W5,1,1,0,0,0
1 47,W5,2,0,0,0,0
1 47,W5,3,0,0,0,0
1 47,W10,1,0,0,0,0
1 47,W10,2,0,0,0,0
1 47,W10,3,0,0,0,0
1 50,N5,1,1,0,0,0
1 50,N5,2,0,0,0,0
1 50,N5,3,0,0,0,0
1 50,N10,1,1,0,0,0
1 50,N10,2,0,0,0,0
1 50,N10,3,0,0,0,0
1 50,E5,1,1,0,0,0
1 50,E5,2,0,0,0,0
1 50,E5,3,0,0,0,0
1 50,E10,1,1,0,0,0
1 50,E10,2,0,0,0,0
1 50,E10,3,0,0,0,0
1 50,S5,1,1,0,0,0
1 50,S5,2,0,0,0,0
1 50,S5,3,0,0,0,0
1 50,S10,1,1,0,1,0
1 50,S10,2,0,0,0,0
1 50,S10,3,0,0,0,0
1 50,W5,1,1,0,0,0
1 50,W5,2,0,0,0,0
1 50,W5,3,0,0,0,0
1 50,W10,1,1,0,0,0
1 50,W10,2,0,0,0,0
1 50,W10,3,1,0,0,0
1 51,N5,1,1,0,0,0
1 51,N5,2,0,0,0,0
1 51,N5,3,0,0,0,0
1 51,N10,1,1,0,0,0
1 51,N10,2,0,0,0,0
1 51,N10,3,0,0,0,0
1 51,E5,1,0,0,0,0
1 51,E5,2,0,0,0,0
1 51,E5,3,0,0,0,0
1 51,E10,1,1,0,0,0
1 51,E10,2,0,0,0,0
1 51,E10,3,0,0,0,0
1 51,S5,1,1,1,0,0
1 51,S5,2,0,0,0,0
1 51,S5,3,0,0,0,0
1 51,S10,1,1,1,0,0
1 51,S10,2,0,0,0,0
1 51,S10,3,0,0,0,0
1 51,W5,1,0,0,0,0
1 51,W5,2,0,0,0,0
1 51,W5,3,0,0,0,0
1 51,W10,1,0,0,0,0
1 51,W10,2,0,0,0,0
1 51,W10,3,0,0,0,0
1 52,N5,1,0,0,0,0
1 52,N5,2,0,0,0,0
1 52,N5,3,0,0,0,0
1 52,N10,1,1,0,0,0
1 52,N10,2,0,0,0,0
1 52,N10,3,0,0,0,0
1 52,E5,1,1,0,0,0
1 52,E5,2,0,0,0,0
1 52,E5,3,0,0,0,0
1 52,E10,1,1,0,0,0
1 52,E10,2,0,0,0,0
1 52,E10,3,0,0,0,0
1 52,S5,1,1,0,0,0
1 52,S5,2,0,0,0,0
1 52,S5,3,0,0,0,0
1 52,S10,1,1,0,0,0
1 52,S10,2,0,0,0,0
1 52,S10,3,0,0,0,0
1 52,W5,1,1,0,0,0
1 52,W5,2,0,0,0,0
1 52,W5,3,0,0,0,0
1 52,W10,1,0,0,0,0
1 52,W10,2,0,0,0,0
1 52,W10,3,0,0,0,0
1 54,N5,1,0,0,0,0
1 54,N5,2,0,0,0,0
1 54,N5,3,0,0,0,0
1 54,N10,1,0,0,0,0
1 54,N10,2,0,0,0,0
1 54,N10,3,0,0,0,0
1 54,E5,1,0,0,0,0
1 54,E5,2,0,0,0,0
1 54,E5,3,0,0,0,0
1 54,E10,1,1,0,0,0
1 54,E10,2,0,0,0,0
1 54,E10,3,0,0,0,0
1 54,S5,1,0,0,0,0
1 54,S5,2,0,0,0,0
1 54,S5,3,0,0,0,0
1 54,S10,1,0,0,0,0
1 54,S10,2,0,0,0,0
1 54,S10,3,0,0,0,0
1 54,W5,1,1,0,0,0
1 54,W5,2,0,0,0,0
1 54,W5,3,0,0,0,0
1 54,W10,1,0,0,0,0
1 54,W10,2,0,0,0,0
1 54,W10,3,0,0,0,0
1 56,N5,1,1,0,0,0
1 56,N5,2,0,0,0,0
1 56,N5,3,0,0,0,0
1 56,N10,1,1,0,0,0
1 56,N10,2,0,0,0,0
1 56,N10,3,0,0,0,0
1 56,E5,1,1,0,0,0
1 56,E5,2,0,0,0,0
1 56,E5,3,0,0,0,0
1 56,E10,1,1,0,0,0
1 56,E10,2,0,0,0,0
1 56,E10,3,0,0,0,0
1 56,S5,1,1,0,0,0
1 56,S5,2,0,0,0,0
1 56,S5,3,0,0,0,0
1 56,S10,1,1,0,0,0
1 56,S10,2,0,0,0,0
1 56,S10,3,0,0,0,0
1 56,W5,1,1,0,0,0
1 56,W5,2,0,0,0,0
1 56,W5,3,0,0,0,0
1 56,W10,1,1,0,0,0
1 56,W10,2,0,0,0,0
1 56,W10,3,0,0,0,0
1 65,N5,1,0,0,0,0
1 65,N5,2,0,0,0,0
1 65,N5,3,0,0,0,0
1 65,N10,1,0,0,0,0
1 65,N10,2,0,0,0,0
1 65,N10,3,0,0,0,0
1 65,E5,1,0,0,0,0
1 65,E5,2,0,0,0,0
1 65,E5,3,0,0,0,0
1 65,E10,1,0,0,0,0
1 65,E10,2,0,0,0,0
1 65,E10,3,0,0,0,0
1 65,S5,1,0,0,0,0
1 65,S5,2,0,0,0,0
1 65,S5,3,0,0,0,0
1 65,S10,1,0,0,0,0
1 65,S10,2,0,0,0,0
1 65,S10,3,0,0,0,0
1 65,W5,1,0,0,0,0
1 65,W5,2,0,0,0,0
1 65,W5,3,0,0,0,0
1 65,W10,1,0,0,0,0
1 65,W10,2,0,0,0,0
1 65,W10,3,0,0,0,0
1 67,N5,1,1,0,0,0
1 67,N5,2,0,0,0,0
1 67,N5,3,0,0,0,0
1 67,N10,1,0,0,0,0
1 67,N10,2,0,0,0,0
1 67,N10,3,0,0,0,0
1 67,E5,1,1,0,0,0
1 67,E5,2,0,0,0,0
1 67,E5,3,0,0,0,0
1 67,E10,1,0,0,0,0
1 67,E10,2,0,0,0,0
1 67,E10,3,0,0,0,0
1 67,S5,1,0,0,0,0
1 67,S5,2,0,0,0,0
1 67,S5,3,0,0,0,0
1 67,S10,1,0,0,0,0
1 67,S10,2,0,0,0,0
1 67,S10,3,0,0,0,0
1 67,W5,1,1,0,0,0
1 67,W5,2,0,0,0,0
1 67,W5,3,0,0,0,0
1 67,W10,1,0,0,0,0
1 67,W10,2,0,0,0,0
1 67,W10,3,0,0,0,0
1 69,N5,1,0,0,0,0
1 69,N5,2,0,0,0,0
1 69,N5,3,0,0,0,0
1 69,N10,1,0,0,0,0
1 69,N10,2,0,0,0,0
1 69,N10,3,0,0,0,0
1 69,E5,1,0,0,0,0
1 69,E5,2,0,0,0,0
1 69,E5,3,0,0,0,0
1 69,E10,1,0,1,0,0
1 69,E10,2,0,0,0,0
1 69,E10,3,0,0,0,0
1 69,S5,1,0,1,0,0
1 69,S5,2,0,0,0,0
1 69,S5,3,0,0,0,0
1 69,S10,1,0,1,0,0
1 69,S10,2,1,0,0,0
1 69,S10,3,0,0,0,0
1 69,W5,1,0,0,0,0
1 69,W5,2,1,0,0,0
1 69,W5,3,0,0,0,0
1 69,W10,1,0,0,0,0
1 69,W10,2,1,0,0,0
1 69,W10,3,0,0,0,0
1 71,N5,1,0,0,0,0
1 71,N5,2,0,0,0,0
1 71,N5,3,0,0,0,0
1 71,N10,1,0,0,0,0
1 71,N10,2,0,0,0,0
1 71,N10,3,0,0,0,0
1 71,E5,1,0,0,0,0
1 71,E5,2,0,0,0,0
1 71,E5,3,0,0,0,0
1 71,E10,1,0,0,0,0
1 71,E10,2,0,0,0,0
1 71,E10,3,0,0,0,0
1 71,S5,1,0,0,0,0
1 71,S5,2,1,0,0,0
1 71,S5,3,0,0,0,0
1 71,S10,1,0,0,0,0
1 71,S10,2,0,0,0,0
1 71,S10,3,0,0,0,0
1 71,W5,1,0,0,1,0
1 71,W5,2,0,0,1,0
1 71,W5,3,0,0,0,0
1 71,W10,1,0,0,0,0
1 71,W10,2,0,0,0,0
1 71,W10,3,0,0,0,0
1 72,N5,1,1,0,0,0
1 72,N5,2,0,0,1,0
1 72,N5,3,0,0,0,0
1 72,N10,1,0,0,0,0
1 72,N10,2,0,0,0,0
1 72,N10,3,0,0,0,0
1 72,E5,1,1,0,0,0
1 72,E5,2,1,0,0,0
1 72,E5,3,0,0,0,0
1 72,E10,1,0,0,0,0
1 72,E10,2,0,0,0,0
1 72,E10,3,0,0,0,0
1 72,S5,1,1,0,0,0
1 72,S5,2,0,0,0,0
1 72,S5,3,0,0,0,0
1 72,S10,1,0,0,0,0
1 72,S10,2,0,0,0,0
1 72,S10,3,0,0,0,0
1 72,W5,1,0,0,0,0
1 72,W5,2,0,0,0,0
1 72,W5,3,0,0,0,0
1 72,W10,1,0,0,0,0
1 72,W10,2,0,0,0,0
1 72,W10,3,0,0,0,0
1 73,N5,1,0,0,0,0
1 73,N5,2,0,0,0,0
1 73,N5,3,0,0,0,0
1 73,N10,1,0,0,0,0
1 73,N10,2,0,0,0,0
1 73,N10,3,0,0,0,0
1 73,E5,1,0,0,0,0
1 73,E5,2,0,0,0,0
1 73,E5,3,0,0,0,0
1 73,E10,1,0,0,0,0
1 73,E10,2,0,0,0,0
1 73,E10,3,0,0,0,0
1 73,S5,1,1,0,0,0
1 73,S5,2,0,0,0,0
1 73,S5,3,0,0,0,0
1 73,S10,1,1,0,0,0
1 73,S10,2,0,0,0,0
1 73,S10,3,0,0,0,0
1 73,W5,1,1,0,0,0
1 73,W5,2,0,0,0,0
1 73,W5,3,0,0,0,0
1 73,W10,1,1,0,0,0
1 73,W10,2,0,0,0,0
1 73,W10,3,0,0,0,0
1 75,N5,1,0,0,0,0
1 75,N5,2,0,0,0,0
1 75,N5,3,0,0,0,0
1 75,N10,1,0,0,0,0
1 75,N10,2,0,0,0,0
1 75,N10,3,0,0,0,0
1 75,E5,1,1,0,0,0
1 75,E5,2,0,0,0,0
1 75,E5,3,0,0,0,0
1 75,E10,1,1,0,0,0
1 75,E10,2,0,0,0,0
1 75,E10,3,0,0,0,0
1 75,S5,1,0,0,0,0
1 75,S5,2,0,0,0,0
1 75,S5,3,0,0,0,0
1 75,S10,1,1,0,0,0
1 75,S10,2,0,0,0,0
1 75,S10,3,0,0,0,0
1 75,W5,1,1,0,0,0
1 75,W5,2,0,0,0,0
1 75,W5,3,0,0,0,0
1 75,W10,1,0,0,0,0
1 75,W10,2,0,0,0,0
1 75,W10,3,0,0,0,0
1 80,N5,1,0,0,1,0
1 80,N5,2,0,0,0,0
1 80,N5,3,0,0,0,0
1 80,N10,1,0,0,0,0
1 80,N10,2,0,0,1,0
1 80,N10,3,0,0,0,0
1 80,E5,1,0,0,1,0
1 80,E5,2,0,0,0,0
1 80,E5,3,0,0,0,0
1 80,E10,1,0,0,1,0
1 80,E10,2,0,0,1,0
1 80,E10,3,0,0,0,0
1 80,S5,1,1,0,1,0
1 80,S5,2,0,0,0,0
1 80,S5,3,0,0,0,0
1 80,S10,1,1,0,0,0
1 80,S10,2,0,0,0,0
1 80,S10,3,0,0,0,0
1 80,W5,1,1,0,1,0
1 80,W5,2,0,0,1,0
1 80,W5,3,0,0,0,0
1 80,W10,1,0,0,1,0
1 80,W10,2,0,0,0,0
1 80,W10,3,0,0,0,0
1 83,N5,1,1,1,0,0
1 83,N5,2,0,0,0,0
1 83,N5,3,0,0,0,0
1 83,N10,1,1,1,0,0
1 83,N10,2,0,0,0,0
1 83,N10,3,0,0,0,0
1 83,E5,1,1,0,0,0
1 83,E5,2,0,0,0,0
1 83,E5,3,0,0,0,0
1 83,E10,1,1,0,0,0
1 83,E10,2,0,0,0,0
1 83,E10,3,0,0,0,0
1 83,S5,1,1,0,0,0
1 83,S5,2,0,0,0,0
1 83,S5,3,0,0,0,0
1 83,S10,1,1,0,0,0
1 83,S10,2,0,0,0,0
1 83,S10,3,0,0,0,0
1 83,W5,1,1,0,0,0
1 83,W5,2,0,0,0,0
1 83,W5,3,0,0,0,0
1 83,W10,1,1,0,0,0
1 83,W10,2,0,0,0,0
1 83,W10,3,0,0,0,0
1 89,N5,1,1,0,0,0
1 89,N5,2,1,0,0,0
1 89,N5,3,0,0,0,0
1 89,N10,1,1,0,0,0
1 89,N10,2,1,0,0,0
1 89,N10,3,0,0,0,0
1 89,E5,1,0,0,0,0
1 89,E5,2,0,0,0,0
1 89,E5,3,0,0,0,0
1 89,E10,1,0,0,0,0
1 89,E10,2,0,0,0,0
1 89,E10,3,0,0,0,0
1 89,S5,1,1,0,0,0
1 89,S5,2,0,0,0,0
1 89,S5,3,0,0,0,0
1 89,S10,1,1,0,1,0
1 89,S10,2,1,0,0,0
1 89,S10,3,0,0,0,0
1 89,W5,1,1,0,0,0
1 89,W5,2,1,0,0,0
1 89,W5,3,0,0,0,0
1 89,W10,1,1,0,0,0
1 89,W10,2,0,0,0,0
1 89,W10,3,0,0,0,0
1 90,N5,1,0,1,0,0
1 90,N5,2,0,0,0,0
1 90,N5,3,0,0,0,0
1 90,N10,1,1,1,0,0
1 90,N10,2,0,0,0,0
1 90,N10,3,0,0,0,0
1 90,E5,1,0,0,0,0
1 90,E5,2,1,0,0,0
1 90,E5,3,0,0,0,0
1 90,E10,1,1,0,0,0
1 90,E10,2,1,0,0,0
1 90,E10,3,0,0,0,0
1 90,S5,1,0,0,0,0
1 90,S5,2,0,0,0,0
1 90,S5,3,0,0,0,0
1 90,S10,1,1,1,0,0
1 90,S10,2,0,0,0,0
1 90,S10,3,0,0,0,0
1 90,W5,1,1,1,0,0
1 90,W5,2,0,0,0,0
1 90,W5,3,0,0,0,0
1 90,W10,1,0,0,0,0
1 90,W10,2,0,0,0,0
1 90,W10,3,0,0,0,0
1 95,N5,1,0,0,0,0
1 95,N5,2,0,0,0,0
1 95,N5,3,0,0,0,0
1 95,N10,1,0,0,0,0
1 95,N10,2,0,0,0,0
1 95,N10,3,0,0,0,0
1 95,E5,1,0,0,0,0
1 95,E5,2,0,0,0,0
1 95,E5,3,0,0,0,0
1 95,E10,1,0,0,0,0
1 95,E10,2,0,0,0,0
1 95,E10,3,0,0,0,0
1 95,S5,1,0,0,0,0
1 95,S5,2,0,0,0,0
1 95,S5,3,0,0,0,0
1 95,S10,1,0,0,0,0
1 95,S10,2,0,0,0,0
1 95,S10,3,0,0,0,0
1 95,W5,1,0,0,0,0
1 95,W5,2,0,0,0,0
1 95,W5,3,0,0,0,0
1 95,W10,1,0,0,0,0
1 95,W10,2,0,0,0,0
1 95,W10,3,0,0,0,0
1 97,N5,1,0,0,0,0
1 97,N5,2,0,0,0,0
1 97,N5,3,0,0,0,0
1 97,N10,1,0,1,0,0
1 97,N10,2,0,0,0,0
1 97,N10,3,0,0,0,0
1 97,E5,1,1,0,0,0
1 97,E5,2,0,0,0,0
1 97,E5,3,0,0,0,0
1 97,E10,1,1,0,0,0
1 97,E10,2,0,0,0,0
1 97,E10,3,0,0,0,0
1 97,S5,1,0,0,0,0
1 97,S5,2,0,0,0,0
1 97,S5,3,0,0,0,0
1 97,S10,1,0,0,0,0
1 97,S10,2,0,0,0,0
1 97,S10,3,0,0,0,0
1 97,W5,1,0,0,1,0
1 97,W5,2,0,0,0,0
1 97,W5,3,0,0,0,0
1 97,W10,1,1,0,0,0
1 97,W10,2,0,0,0,0
1 97,W10,3,0,0,0,0
1 98,N5,1,0,0,0,0
1 98,N5,2,0,0,0,0
1 98,N5,3,1,0,0,0
1 98,N10,1,1,0,0,0
1 98,N10,2,0,0,0,0
1 98,N10,3,0,0,0,0
1 98,E5,1,1,0,0,0
1 98,E5,2,0,0,0,0
1 98,E5,3,0,0,0,0
1 98,E10,1,1,0,0,0
1 98,E10,2,1,0,0,0
1 98,E10,3,1,0,0,0
1 98,S5,1,0,0,0,0
1 98,S5,2,0,0,0,0
1 98,S5,3,0,0,0,0
1 98,S10,1,1,0,0,0
1 98,S10,2,0,0,0,0
1 98,S10,3,0,0,0,0
1 98,W5,1,1,0,0,0
1 98,W5,2,0,0,0,0
1 98,W5,3,0,0,0,0
1 98,W10,1,0,0,0,0
1 98,W10,2,0,0,0,0
1 98,W10,3,0,0,0,0
2 05,N5,1,0,0,0,0
2 05,N5,2,0,0,0,0
2 05,N5,3,0,0,0,0
2 05,N10,1,0,0,0,0
2 05,N10,2,0,0,0,0
2 05,N10,3,0,0,0,0
2 05,E5,1,1,0,0,0
2 05,E5,2,0,0,0,0
2 05,E5,3,0,0,0,0
2 05,E10,1,1,0,0,0
2 05,E10,2,0,0,0,0
2 05,E10,3,0,0,0,0
2 05,S5,1,0,0,0,0
2 05,S5,2,0,0,0,0
2 05,S5,3,0,0,0,0
2 05,S10,1,1,0,0,0
2 05,S10,2,0,0,0,0
2 05,S10,3,0,0,0,0
2 05,W5,1,1,0,0,0
2 05,W5,2,0,0,0,0
2 05,W5,3,0,0,0,0
2 05,W10,1,1,0,0,0
2 05,W10,2,0,0,0,0
2 05,W10,3,0,0,0,0
2 07,N5,1,1,0,0,0
2 07,N5,2,0,0,0,0
2 07,N5,3,0,0,0,0
2 07,N10,1,1,0,0,0
2 07,N10,2,0,0,0,0
2 07,N10,3,0,0,0,0
2 07,E5,1,1,0,0,0
2 07,E5,2,0,0,0,0
2 07,E5,3,0,0,0,0
2 07,E10,1,1,0,0,0
2 07,E10,2,0,0,0,0
2 07,E10,3,0,0,0,0
2 07,S5,1,1,0,0,0
2 07,S5,2,0,0,0,0
2 07,S5,3,0,0,0,0
2 07,S10,1,1,0,0,0
2 07,S10,2,0,0,0,0
2 07,S10,3,0,0,0,0
2 07,W5,1,1,0,0,0
2 07,W5,2,0,0,0,0
2 07,W5,3,0,0,0,0
2 07,W10,1,1,0,0,0
2 07,W10,2,0,0,0,0
2 07,W10,3,0,0,0,0
2 08,N5,1,1,0,0,0
2 08,N5,2,0,0,0,0
2 08,N5,3,0,0,0,0
2 08,N10,1,1,0,0,0
2 08,N10,2,0,0,0,0
2 08,N10,3,0,0,0,0
2 08,E5,1,1,0,0,0
2 08,E5,2,0,0,0,0
2 08,E5,3,0,0,0,0
2 08,E10,1,1,0,0,0
2 08,E10,2,0,0,0,0
2 08,E10,3,0,0,0,0
2 08,S5,1,0,0,0,0
2 08,S5,2,0,0,0,0
2 08,S5,3,0,0,0,0
2 08,S10,1,1,0,0,0
2 08,S10,2,0,0,0,0
2 08,S10,3,0,0,0,0
2 08,W5,1,1,0,0,0
2 08,W5,2,0,0,0,0
2 08,W5,3,0,0,0,0
2 08,W10,1,1,0,0,0
2 08,W10,2,0,0,0,0
2 08,W10,3,0,0,0,0
2 15,N5,1,1,0,0,0
2 15,N5,2,0,0,0,0
2 15,N5,3,0,0,0,0
2 15,N10,1,1,0,0,0
2 15,N10,2,0,0,0,0
2 15,N10,3,0,0,0,0
2 15,E5,1,1,0,0,0
2 15,E5,2,0,0,0,0
2 15,E5,3,0,0,0,0
2 15,E10,1,1,0,0,0
2 15,E10,2,0,0,0,0
2 15,E10,3,0,0,0,0
2 15,S5,1,1,0,0,0
2 15,S5,2,0,0,0,0
2 15,S5,3,0,0,0,0
2 15,S10,1,1,0,0,0
2 15,S10,2,0,0,0,0
2 15,S10,3,0,0,0,0
2 15,W5,1,1,0,0,0
2 15,W5,2,0,0,0,0
2 15,W5,3,0,0,0,0
2 15,W10,1,1,0,0,0
2 15,W10,2,0,0,0,0
2 15,W10,3,0,0,0,0
2 16,N5,1,1,0,0,0
2 16,N5,2,1,0,0,0
2 16,N5,3,1,0,0,0
2 16,N10,1,1,0,0,0
2 16,N10,2,0,0,0,0
2 16,N10,3,1,0,0,0
2 16,E5,1,1,0,0,0
2 16,E5,2,0,0,0,0
2 16,E5,3,0,0,0,0
2 16,E10,1,1,0,0,0
2 16,E10,2,0,0,0,0
2 16,E10,3,0,0,0,0
2 16,S5,1,0,1,0,0
2 16,S5,2,0,0,0,0
2 16,S5,3,0,0,0,0
2 16,S10,1,0,0,0,0
2 16,S10,2,0,0,0,0
2 16,S10,3,0,0,0,0
2 16,W5,1,1,0,0,0
2 16,W5,2,0,0,0,0
2 16,W5,3,1,0,0,0
2 16,W10,1,1,0,0,0
2 16,W10,2,0,0,0,0
2 16,W10,3,1,0,0,0
2 23,N5,1,1,0,0,0
2 23,N5,2,0,0,0,0
2 23,N5,3,0,0,0,0
2 23,N10,1,1,0,0,0
2 23,N10,2,0,0,0,0
2 23,N10,3,0,0,0,0
2 23,E5,1,1,0,0,0
2 23,E5,2,0,0,0,0
2 23,E5,3,0,0,0,0
2 23,E10,1,1,0,0,0
2 23,E10,2,0,0,0,0
2 23,E10,3,0,0,0,0
2 23,S5,1,1,0,0,0
2 23,S5,2,0,0,0,0
2 23,S5,3,0,0,0,0
2 23,S10,1,1,0,0,0
2 23,S10,2,0,0,0,0
2 23,S10,3,0,0,0,0
2 23,W5,1,1,0,0,0
2 23,W5,2,0,0,0,0
2 23,W5,3,0,0,0,0
2 23,W10,1,1,0,0,0
2 23,W10,2,0,0,0,0
2 23,W10,3,0,0,0,0
2 24,N5,1,1,0,0,0
2 24,N5,2,0,0,0,0
2 24,N5,3,0,0,0,0
2 24,N10,1,1,0,0,0
2 24,N10,2,0,0,0,0
2 24,N10,3,0,0,0,0
2 24,E5,1,1,0,0,0
2 24,E5,2,0,0,0,0
2 24,E5,3,0,0,0,0
2 24,E10,1,1,0,0,0
2 24,E10,2,0,0,0,0
2 24,E10,3,0,0,0,0
2 24,S5,1,1,0,0,0
2 24,S5,2,0,0,0,0
2 24,S5,3,0,0,0,0
2 24,S10,1,1,0,0,0
2 24,S10,2,0,0,0,0
2 24,S10,3,0,0,0,0
2 24,W5,1,1,0,0,0
2 24,W5,2,0,0,0,0
2 24,W5,3,0,0,0,0
2 24,W10,1,1,0,0,0
2 24,W10,2,0,0,0,0
2 24,W10,3,0,0,0,0
2 31,N5,1,1,0,0,0
2 31,N5,2,0,0,0,0
2 31,N5,3,0,0,0,0
2 31,N10,1,1,0,0,0
2 31,N10,2,0,0,0,0
2 31,N10,3,0,0,0,0
2 31,E5,1,1,0,0,0
2 31,E5,2,0,0,0,0
2 31,E5,3,0,0,0,0
2 31,E10,1,1,0,0,0
2 31,E10,2,0,0,0,0
2 31,E10,3,0,0,0,0
2 31,S5,1,1,0,0,0
2 31,S5,2,0,0,0,0
2 31,S5,3,0,0,0,0
2 31,S10,1,1,0,0,0
2 31,S10,2,0,0,0,0
2 31,S10,3,0,0,0,0
2 31,W5,1,1,0,0,0
2 31,W5,2,0,0,0,0
2 31,W5,3,0,0,0,0
2 31,W10,1,1,1,0,0
2 31,W10,2,0,0,0,0
2 31,W10,3,0,0,0,0
2 38,N5,1,1,0,0,0
2 38,N5,2,0,0,0,0
2 38,N5,3,0,0,0,0
2 38,N10,1,1,0,0,0
2 38,N10,2,0,0,0,0
2 38,N10,3,0,0,0,0
2 38,E5,1,1,0,0,0
2 38,E5,2,0,0,0,0
2 38,E5,3,0,0,0,0
2 38,E10,1,1,0,0,0
2 38,E10,2,0,0,0,0
2 38,E10,3,0,0,0,0
2 38,S5,1,1,0,0,0
2 38,S5,2,0,0,0,0
2 38,S5,3,0,0,0,0
2 38,S10,1,0,0,0,0
2 38,S10,2,0,0,0,0
2 38,S10,3,0,0,0,0
2 38,W5,1,1,0,0,0
2 38,W5,2,0,0,0,0
2 38,W5,3,0,0,0,0
2 38,W10,1,1,0,0,0
2 38,W10,2,0,0,0,0
2 38,W10,3,0,0,0,0
2 39,N5,1,1,0,0,0
2 39,N5,2,0,0,0,0
2 39,N5,3,0,0,0,0
2 39,N10,1,1,0,0,0
2 39,N10,2,0,0,0,0
2 39,N10,3,0,0,0,0
2 39,E5,1,1,0,0,0
2 39,E5,2,0,0,0,0
2 39,E5,3,0,0,0,0
2 39,E10,1,1,0,0,0
2 39,E10,2,0,0,0,0
2 39,E10,3,0,0,0,0
2 39,S5,1,1,0,0,0
2 39,S5,2,0,0,0,0
2 39,S5,3,0,0,0,0
2 39,S10,1,1,0,0,0
2 39,S10,2,0,0,0,0
2 39,S10,3,0,0,0,0
2 39,W5,1,1,0,0,0
2 39,W5,2,0,0,0,0
2 39,W5,3,0,0,0,0
2 39,W10,1,1,0,0,0
2 39,W10,2,0,0,0,0
2 39,W10,3,0,0,0,0
2 40,N5,1,1,0,0,0
2 40,N5,2,0,0,0,0
2 40,N5,3,0,0,0,0
2 40,N10,1,1,0,0,0
2 40,N10,2,0,0,0,0
2 40,N10,3,0,0,0,0
2 40,E5,1,1,0,0,0
2 40,E5,2,0,0,0,0
2 40,E5,3,0,0,0,0
2 40,E10,1,0,0,0,0
2 40,E10,2,0,0,0,0
2 40,E10,3,0,0,0,0
2 40,S5,1,1,0,0,0
2 40,S5,2,0,0,0,0
2 40,S5,3,0,0,0,0
2 40,S10,1,1,0,0,0
2 40,S10,2,0,0,0,0
2 40,S10,3,0,0,0,0
2 40,W5,1,1,0,0,0
2 40,W5,2,0,0,0,0
2 40,W5,3,0,0,0,0
2 40,W10,1,1,0,0,0
2 40,W10,2,0,0,0,0
2 40,W10,3,0,0,0,0
2 41,N5,1,0,0,0,0
2 41,N5,2,0,0,0,0
2 41,N5,3,0,0,0,0
2 41,N10,1,1,0,0,0
2 41,N10,2,0,0,0,0
2 41,N10,3,0,0,0,0
2 41,E5,1,1,0,0,0
2 41,E5,2,0,0,0,0
2 41,E5,3,0,0,0,0
2 41,E10,1,1,0,0,0
2 41,E10,2,0,0,0,0
2 41,E10,3,0,0,0,0
2 41,S5,1,1,0,0,0
2 41,S5,2,0,0,0,0
2 41,S5,3,0,0,0,0
2 41,S10,1,1,0,0,0
2 41,S10,2,0,0,0,0
2 41,S10,3,0,0,0,0
2 41,W5,1,1,0,0,0
2 41,W5,2,0,0,0,0
2 41,W5,3,0,0,0,0
2 41,W10,1,0,0,0,0
2 41,W10,2,0,0,0,0
2 41,W10,3,0,0,0,0
2 47,N5,1,1,0,0,0
2 47,N5,2,0,0,0,0
2 47,N5,3,0,0,0,0
2 47,N10,1,1,0,0,0
2 47,N10,2,0,0,0,0
2 47,N10,3,0,0,0,0
2 47,E5,1,1,0,0,0
2 47,E5,2,0,0,0,0
2 47,E5,3,0,0,0,0
2 47,E10,1,1,0,0,0
2 47,E10,2,0,0,0,0
2 47,E10,3,0,0,0,0
2 47,S5,1,1,0,0,0
2 47,S5,2,0,0,0,0
2 47,S5,3,0,0,0,0
2 47,S10,1,1,0,0,0
2 47,S10,2,0,0,0,0
2 47,S10,3,0,0,0,0
2 47,W5,1,1,0,0,0
2 47,W5,2,0,0,0,0
2 47,W5,3,0,0,0,0
2 47,W10,1,1,0,0,0
2 47,W10,2,0,0,0,0
2 47,W10,3,0,0,0,0
2 49,N5,1,1,0,0,0
2 49,N5,2,0,0,0,0
2 49,N5,3,0,0,0,0
2 49,N10,1,1,0,0,0
2 49,N10,2,0,0,0,0
2 49,N10,3,0,0,0,0
2 49,E5,1,1,0,0,0
2 49,E5,2,0,0,0,0
2 49,E5,3,0,0,0,0
2 49,E10,1,1,0,0,0
2 49,E10,2,0,0,0,0
2 49,E10,3,0,0,0,0
2 49,S5,1,0,0,0,0
2 49,S5,2,0,0,0,0
2 49,S5,3,0,0,0,0
2 49,S10,1,1,0,0,0
2 49,S10,2,0,0,0,0
2 49,S10,3,0,0,0,0
2 49,W5,1,1,0,0,0
2 49,W5,2,1,0,0,0
2 49,W5,3,0,0,0,0
2 49,W10,1,1,0,0,0
2 49,W10,2,0,0,0,0
2 49,W10,3,0,0,0,0
2 50,N5,1,1,0,0,0
2 50,N5,2,0,0,0,0
2 50,N5,3,0,0,0,0
2 50,N10,1,0,0,0,0
2 50,N10,2,0,0,0,0
2 50,N10,3,0,0,0,0
2 50,E5,1,0,0,0,0
2 50,E5,2,0,0,0,0
2 50,E5,3,0,0,0,0
2 50,E10,1,1,0,0,0
2 50,E10,2,0,0,0,0
2 50,E10,3,0,0,0,0
2 50,S5,1,1,0,0,0
2 50,S5,2,0,0,0,0
2 50,S5,3,0,0,0,0
2 50,S10,1,1,0,0,0
2 50,S10,2,0,0,0,0
2 50,S10,3,0,0,0,0
2 50,W5,1,1,0,0,0
2 50,W5,2,0,0,0,0
2 50,W5,3,0,0,0,0
2 50,W10,1,0,0,0,0
2 50,W10,2,0,0,0,0
2 50,W10,3,0,0,0,0
3 00,N5,1,0,0,0,0
3 00,N5,2,0,0,0,0
3 00,N5,3,0,0,0,0
3 00,N10,1,1,0,0,0
3 00,N10,2,0,0,0,0
3 00,N10,3,0,0,0,0
3 00,E5,1,1,0,0,0
3 00,E5,2,0,0,0,0
3 00,E5,3,0,0,0,0
3 00,E10,1,0,0,0,0
3 00,E10,2,0,0,0,0
3 00,E10,3,0,0,0,0
3 00,S5,1,0,0,0,0
3 00,S5,2,0,0,0,0
3 00,S5,3,0,0,0,0
3 00,S10,1,0,0,0,0
3 00,S10,2,0,0,0,0
3 00,S10,3,0,0,0,0
3 00,W5,1,1,0,0,0
3 00,W5,2,0,0,0,0
3 00,W5,3,0,0,0,0
3 00,W10,1,1,0,0,0
3 00,W10,2,0,0,0,0
3 00,W10,3,0,0,0,0
3 04,N5,1,0,0,0,0
3 04,N5,2,0,0,0,0
3 04,N5,3,0,0,0,0
3 04,N10,1,0,1,0,0
3 04,N10,2,0,0,0,0
3 04,N10,3,0,0,0,0
3 04,E5,1,0,0,0,0
3 04,E5,2,0,0,0,0
3 04,E5,3,0,0,0,0
3 04,E10,1,0,1,0,0
3 04,E10,2,0,0,0,0
3 04,E10,3,0,0,0,0
3 04,S5,1,0,1,0,0
3 04,S5,2,0,0,0,0
3 04,S5,3,0,0,0,0
3 04,S10,1,0,0,0,0
3 04,S10,2,0,0,0,0
3 04,S10,3,0,0,0,0
3 04,W5,1,1,1,0,0
3 04,W5,2,0,0,0,0
3 04,W5,3,0,0,0,0
3 04,W10,1,1,0,0,0
3 04,W10,2,0,0,1,0
3 04,W10,3,0,0,0,0
3 14,N5,1,1,1,0,0
3 14,N5,2,0,0,0,0
3 14,N5,3,0,0,0,0
3 14,N10,1,1,0,0,0
3 14,N10,2,0,0,0,0
3 14,N10,3,0,0,0,0
3 14,E5,1,1,1,0,0
3 14,E5,2,0,0,0,0
3 14,E5,3,0,0,0,0
3 14,E10,1,1,0,0,0
3 14,E10,2,0,0,0,0
3 14,E10,3,0,0,0,0
3 14,S5,1,1,0,0,0
3 14,S5,2,0,0,0,0
3 14,S5,3,0,0,0,0
3 14,S10,1,1,0,0,0
3 14,S10,2,0,0,0,0
3 14,S10,3,0,0,0,0
3 14,W5,1,1,0,0,0
3 14,W5,2,0,0,0,0
3 14,W5,3,0,0,0,0
3 14,W10,1,1,0,0,0
3 14,W10,2,1,0,0,0
3 14,W10,3,0,0,0,0
3 15,N5,1,1,1,0,0
3 15,N5,2,0,0,0,0
3 15,N5,3,0,0,0,0
3 15,N10,1,1,0,1,0
3 15,N10,2,0,0,1,0
3 15,N10,3,0,0,0,0
3 15,E5,1,1,0,1,0
3 15,E5,2,0,0,1,0
3 15,E5,3,0,0,0,0
3 15,E10,1,1,0,0,0
3 15,E10,2,0,0,0,0
3 15,E10,3,0,0,0,0
3 15,S5,1,1,1,0,0
3 15,S5,2,0,0,0,0
3 15,S5,3,0,0,0,0
3 15,S10,1,1,0,0,0
3 15,S10,2,1,0,0,0
3 15,S10,3,0,0,0,0
3 15,W5,1,1,0,1,0
3 15,W5,2,1,0,1,0
3 15,W5,3,0,0,0,0
3 15,W10,1,1,0,0,0
3 15,W10,2,1,0,0,0
3 15,W10,3,0,0,0,0
3 16,N5,1,1,0,0,0
3 16,N5,2,1,0,0,0
3 16,N5,3,0,0,0,0
3 16,N10,1,1,0,0,0
3 16,N10,2,0,0,0,0
3 16,N10,3,0,0,0,0
3 16,E5,1,0,0,0,0
3 16,E5,2,0,0,0,0
3 16,E5,3,0,0,0,0
3 16,E10,1,1,0,0,0
3 16,E10,2,1,0,0,0
3 16,E10,3,0,0,0,0
3 16,S5,1,0,0,0,0
3 16,S5,2,0,0,0,0
3 16,S5,3,0,0,0,0
3 16,S10,1,0,0,0,0
3 16,S10,2,0,0,0,0
3 16,S10,3,0,0,0,0
3 16,W5,1,0,0,0,0
3 16,W5,2,0,0,0,0
3 16,W5,3,0,0,0,0
3 16,W10,1,1,0,1,0
3 16,W10,2,0,0,0,0
3 16,W10,3,0,0,1,0
3 17,N5,1,0,0,0,0
3 17,N5,2,0,0,0,0
3 17,N5,3,0,0,0,0
3 17,N10,1,0,1,0,0
3 17,N10,2,0,0,0,0
3 17,N10,3,0,0,0,0
3 17,E5,1,1,0,1,0
3 17,E5,2,0,0,0,0
3 17,E5,3,0,0,0,0
3 17,E10,1,1,0,1,0
3 17,E10,2,1,0,1,0
3 17,E10,3,0,0,0,0
3 17,S5,1,0,0,0,0
3 17,S5,2,0,0,0,0
3 17,S5,3,0,0,0,0
3 17,S10,1,0,1,0,0
3 17,S10,2,1,0,0,0
3 17,S10,3,0,0,0,0
3 17,W5,1,0,0,0,0
3 17,W5,2,1,0,0,0
3 17,W5,3,0,0,0,0
3 17,W10,1,0,0,0,0
3 17,W10,2,0,0,0,0
3 17,W10,3,0,0,0,0
3 19,N5,1,1,0,0,0
3 19,N5,2,1,0,0,0
3 19,N5,3,0,0,0,0
3 19,N10,1,1,0,0,0
3 19,N10,2,1,0,0,0
3 19,N10,3,0,0,0,0
3 19,E5,1,1,0,0,0
3 19,E5,2,1,0,1,0
3 19,E5,3,0,0,0,0
3 19,E10,1,0,0,0,0
3 19,E10,2,1,0,0,0
3 19,E10,3,0,0,0,0
3 19,S5,1,0,1,0,0
3 19,S5,2,1,0,0,0
3 19,S5,3,0,0,0,0
3 19,S10,1,0,1,0,0
3 19,S10,2,0,1,0,0
3 19,S10,3,0,0,0,0
3 19,W5,1,1,1,0,0
3 19,W5,2,0,1,0,0
3 19,W5,3,0,0,0,0
3 19,W10,1,1,1,0,0
3 19,W10,2,1,1,0,0
3 19,W10,3,0,0,0,0
3 20,N5,1,0,0,0,0
3 20,N5,2,1,1,0,0
3 20,N5,3,0,0,0,0
3 20,N10,1,1,1,0,0
3 20,N10,2,1,0,0,0
3 20,N10,3,0,0,0,0
3 20,E5,1,1,0,0,0
3 20,E5,2,1,0,0,0
3 20,E5,3,0,0,0,0
3 20,E10,1,0,1,0,0
3 20,E10,2,1,0,0,0
3 20,E10,3,0,0,0,0
3 20,S5,1,1,1,0,0
3 20,S5,2,1,0,0,0
3 20,S5,3,0,0,0,0
3 20,S10,1,1,1,0,0
3 20,S10,2,0,0,0,0
3 20,S10,3,0,0,0,0
3 20,W5,1,1,0,0,0
3 20,W5,2,1,0,0,0
3 20,W5,3,0,0,0,0
3 20,W10,1,1,0,0,0
3 20,W10,2,0,1,0,0
3 20,W10,3,0,0,0,0
3 21,N5,1,0,0,1,0
3 21,N5,2,0,0,0,0
3 21,N5,3,0,0,0,0
3 21,N10,1,1,0,1,0
3 21,N10,2,0,0,0,0
3 21,N10,3,0,0,0,0
3 21,E5,1,1,0,1,0
3 21,E5,2,0,0,0,0
3 21,E5,3,0,0,0,0
3 21,E10,1,1,0,0,0
3 21,E10,2,0,0,0,0
3 21,E10,3,0,0,0,0
3 21,S5,1,1,0,0,0
3 21,S5,2,0,0,0,0
3 21,S5,3,0,0,0,0
3 21,S10,1,1,0,0,0
3 21,S10,2,0,0,0,0
3 21,S10,3,0,0,0,0
3 21,W5,1,0,0,0,0
3 21,W5,2,0,0,0,0
3 21,W5,3,0,0,0,0
3 21,W10,1,0,0,0,0
3 21,W10,2,0,0,0,0
3 21,W10,3,0,0,0,0
3 22,N5,1,1,0,0,0
3 22,N5,2,1,0,0,0
3 22,N5,3,0,0,0,0
3 22,N10,1,1,0,0,0
3 22,N10,2,0,0,0,0
3 22,N10,3,0,0,0,0
3 22,E5,1,0,0,0,0
3 22,E5,2,0,0,0,0
3 22,E5,3,0,0,0,0
3 22,E10,1,0,0,0,0
3 22,E10,2,1,0,0,0
3 22,E10,3,0,0,0,0
3 22,S5,1,1,0,0,0
3 22,S5,2,1,0,0,0
3 22,S5,3,0,0,0,0
3 22,S10,1,0,0,0,0
3 22,S10,2,0,0,0,0
3 22,S10,3,0,0,0,0
3 22,W5,1,1,0,0,0
3 22,W5,2,1,0,1,0
3 22,W5,3,0,0,0,0
3 22,W10,1,1,0,0,0
3 22,W10,2,0,0,0,0
3 22,W10,3,0,0,0,0
3 25,N5,1,0,0,1,0
3 25,N5,2,0,0,0,0
3 25,N5,3,0,0,0,0
3 25,N10,1,1,0,1,0
3 25,N10,2,0,0,0,0
3 25,N10,3,0,0,0,0
3 25,E5,1,1,1,0,0
3 25,E5,2,0,0,0,0
3 25,E5,3,0,0,0,0
3 25,E10,1,1,0,0,0
3 25,E10,2,0,0,0,0
3 25,E10,3,0,0,0,0
3 25,S5,1,1,0,0,0
3 25,S5,2,0,0,0,0
3 25,S5,3,0,0,0,0
3 25,S10,1,1,0,0,0
3 25,S10,2,0,0,0,0
3 25,S10,3,0,0,0,0
3 25,W5,1,1,0,0,0
3 25,W5,2,0,0,0,0
3 25,W5,3,0,0,0,0
3 25,W10,1,0,0,0,0
3 25,W10,2,0,0,0,0
3 25,W10,3,0,0,0,0
3 27,N5,1,1,0,0,0
3 27,N5,2,0,0,0,0
3 27,N5,3,0,0,0,0
3 27,N10,1,1,0,0,0
3 27,N10,2,0,0,0,0
3 27,N10,3,0,0,0,0
3 27,E5,1,1,1,0,0
3 27,E5,2,0,0,0,0
3 27,E5,3,0,0,0,0
3 27,E10,1,0,0,0,0
3 27,E10,2,0,0,0,0
3 27,E10,3,0,0,0,0
3 27,S5,1,1,0,0,0
3 27,S5,2,0,0,0,0
3 27,S5,3,0,0,0,0
3 27,S10,1,0,0,0,0
3 27,S10,2,0,0,0,0
3 27,S10,3,0,0,0,0
3 27,W5,1,1,0,0,0
3 27,W5,2,0,0,0,0
3 27,W5,3,0,0,0,0
3 27,W10,1,1,0,1,0
3 27,W10,2,0,0,0,0
3 27,W10,3,0,0,0,0
3 28,N5,1,0,0,0,0
3 28,N5,2,0,0,0,0
3 28,N5,3,0,0,0,0
3 28,N10,1,1,1,0,0
3 28,N10,2,0,0,0,0
3 28,N10,3,0,0,0,0
3 28,E5,1,0,0,0,0
3 28,E5,2,0,0,0,0
3 28,E5,3,0,0,0,0
3 28,E10,1,0,0,0,0
3 28,E10,2,0,0,0,0
3 28,E10,3,0,0,0,0
3 28,S5,1,1,1,0,0
3 28,S5,2,0,0,0,0
3 28,S5,3,0,0,0,0
3 28,S10,1,0,1,0,0
3 28,S10,2,0,0,0,0
3 28,S10,3,0,0,0,0
3 28,W5,1,0,0,0,0
3 28,W5,2,0,0,0,0
3 28,W5,3,0,1,0,0
3 28,W10,1,0,0,0,0
3 28,W10,2,0,0,0,0
3 28,W10,3,0,0,0,0
3 29,N5,1,1,1,0,0
3 29,N5,2,0,0,0,0
3 29,N5,3,0,0,0,0
3 29,N10,1,1,1,0,0
3 29,N10,2,0,1,0,0
3 29,N10,3,0,0,0,0
3 29,E5,1,1,1,0,0
3 29,E5,2,0,0,0,0
3 29,E5,3,0,0,0,0
3 29,E10,1,1,1,0,0
3 29,E10,2,1,0,0,0
3 29,E10,3,0,0,0,0
3 29,S5,1,1,1,0,0
3 29,S5,2,0,0,0,0
3 29,S5,3,0,0,0,0
3 29,S10,1,1,1,0,0
3 29,S10,2,1,0,0,0
3 29,S10,3,0,0,0,0
3 29,W5,1,1,0,0,0
3 29,W5,2,0,0,0,0
3 29,W5,3,0,0,0,0
3 29,W10,1,1,1,0,0
3 29,W10,2,0,0,0,0
3 29,W10,3,0,0,0,0
3 30,N5,1,1,0,0,0
3 30,N5,2,0,0,0,0
3 30,N5,3,0,0,0,0
3 30,N10,1,1,0,0,0
3 30,N10,2,0,0,0,0
3 30,N10,3,0,0,0,0
3 30,E5,1,0,0,0,0
3 30,E5,2,0,0,0,0
3 30,E5,3,0,0,0,0
3 30,E10,1,1,0,0,0
3 30,E10,2,1,0,0,0
3 30,E10,3,0,0,0,0
3 30,S5,1,1,0,0,0
3 30,S5,2,0,0,0,0
3 30,S5,3,0,0,0,0
3 30,S10,1,1,0,0,0
3 30,S10,2,0,0,0,0
3 30,S10,3,0,0,0,0
3 30,W5,1,0,0,0,0
3 30,W5,2,0,0,0,0
3 30,W5,3,0,0,0,0
3 30,W10,1,1,0,0,0
3 30,W10,2,0,0,0,0
3 30,W10,3,0,0,0,0
3 32,N5,1,0,0,0,0
3 32,N5,2,0,0,0,0
3 32,N5,3,0,0,0,0
3 32,N10,1,0,0,0,0
3 32,N10,2,0,0,0,0
3 32,N10,3,0,0,0,0
3 32,E5,1,0,0,0,0
3 32,E5,2,0,0,0,0
3 32,E5,3,0,0,0,0
3 32,E10,1,0,0,0,0
3 32,E10,2,0,0,0,0
3 32,E10,3,0,0,0,0
3 32,S5,1,0,0,0,0
3 32,S5,2,0,0,0,0
3 32,S5,3,0,0,0,0
3 32,S10,1,0,0,0,0
3 32,S10,2,0,0,0,0
3 32,S10,3,0,0,0,0
3 32,W5,1,0,0,0,0
3 32,W5,2,0,0,0,0
3 32,W5,3,0,0,0,0
3 32,W10,1,1,0,0,0
3 32,W10,2,0,0,0,0
3 32,W10,3,0,0,0,0
3 35,N5,1,0,1,0,0
3 35,N5,2,0,0,0,0
3 35,N5,3,0,0,0,0
3 35,N10,1,0,0,0,0
3 35,N10,2,0,0,0,0
3 35,N10,3,0,0,0,0
3 35,E5,1,0,1,0,0
3 35,E5,2,0,0,0,0
3 35,E5,3,0,0,0,0
3 35,E10,1,0,1,0,0
3 35,E10,2,0,0,0,0
3 35,E10,3,0,0,0,0
3 35,S5,1,0,0,0,0
3 35,S5,2,0,0,0,0
3 35,S5,3,0,0,0,0
3 35,S10,1,0,0,0,0
3 35,S10,2,0,0,0,0
3 35,S10,3,0,0,0,0
3 35,W5,1,0,1,0,0
3 35,W5,2,0,0,0,0
3 35,W5,3,0,0,0,0
3 35,W10,1,1,1,0,0
3 35,W10,2,0,0,0,0
3 35,W10,3,0,0,0,0
3 39,N5,1,0,0,0,0
3 39,N5,2,0,0,1,0
3 39,N5,3,0,0,0,0
3 39,N10,1,0,0,0,0
3 39,N10,2,0,0,0,0
3 39,N10,3,0,0,0,0
3 39,E5,1,0,0,0,0
3 39,E5,2,1,0,0,0
3 39,E5,3,0,0,0,0
3 39,E10,1,0,0,0,0
3 39,E10,2,0,1,0,0
3 39,E10,3,0,0,0,0
3 39,S5,1,0,0,0,0
3 39,S5,2,1,0,0,0
3 39,S5,3,0,0,0,0
3 39,S10,1,0,0,0,0
3 39,S10,2,1,0,0,0
3 39,S10,3,0,0,0,0
3 39,W5,1,0,0,0,0
3 39,W5,2,0,0,0,0
3 39,W5,3,0,0,0,0
3 39,W10,1,0,0,0,0
3 39,W10,2,0,0,0,0
3 39,W10,3,0,0,0,0
3 49,N5,1,1,0,0,0
3 49,N5,2,0,0,0,0
3 49,N5,3,0,0,0,0
3 49,N10,1,0,0,0,0
3 49,N10,2,0,0,0,0
3 49,N10,3,0,0,0,0
3 49,E5,1,1,1,0,0
3 49,E5,2,0,0,0,0
3 49,E5,3,0,0,0,0
3 49,E10,1,1,0,0,0
3 49,E10,2,0,0,0,0
3 49,E10,3,0,0,0,0
3 49,S5,1,0,0,0,0
3 49,S5,2,0,0,0,0
3 49,S5,3,0,0,0,0
3 49,S10,1,0,0,0,0
3 49,S10,2,1,0,0,0
3 49,S10,3,0,0,0,0
3 49,W5,1,1,0,0,0
3 49,W5,2,0,0,0,0
3 49,W5,3,0,0,0,0
3 49,W10,1,0,0,0,0
3 49,W10,2,0,0,0,0
3 49,W10,3,0,0,0,0
3 54,N5,1,1,0,1,0
3 54,N5,2,0,0,1,0
3 54,N5,3,0,0,0,0
3 54,N10,1,1,0,1,0
3 54,N10,2,0,0,1,0
3 54,N10,3,0,0,0,0
3 54,E5,1,1,1,1,0
3 54,E5,2,0,0,0,0
3 54,E5,3,0,0,0,0
3 54,E10,1,1,0,1,0
3 54,E10,2,0,0,0,0
3 54,E10,3,0,0,0,0
3 54,S5,1,0,0,1,0
3 54,S5,2,0,0,0,0
3 54,S5,3,0,0,0,0
3 54,S10,1,1,0,1,0
3 54,S10,2,0,0,0,0
3 54,S10,3,0,0,0,0
3 54,W5,1,0,0,1,0
3 54,W5,2,0,0,0,0
3 54,W5,3,0,0,0,0
3 54,W10,1,1,1,1,0
3 54,W10,2,0,0,0,0
3 54,W10,3,0,0,0,0
3 55,N5,1,0,1,0,0
3 55,N5,2,0,0,0,0
3 55,N5,3,0,0,0,0
3 55,N10,1,1,1,0,0
3 55,N10,2,0,0,0,0
3 55,N10,3,0,0,0,0
3 55,E5,1,1,0,1,0
3 55,E5,2,1,0,1,0
3 55,E5,3,0,0,0,0
3 55,E10,1,1,1,0,0
3 55,E10,2,0,0,0,0
3 55,E10,3,0,0,0,0
3 55,S5,1,1,1,0,0
3 55,S5,2,0,0,0,0
3 55,S5,3,0,0,0,0
3 55,S10,1,1,0,1,0
3 55,S10,2,0,0,1,0
3 55,S10,3,0,0,0,0
3 55,W5,1,1,0,0,0
3 55,W5,2,1,0,0,0
3 55,W5,3,0,0,0,0
3 55,W10,1,1,1,0,0
3 55,W10,2,1,0,0,0
3 55,W10,3,0,0,0,0
3 60,N5,1,0,0,0,0
3 60,N5,2,0,0,0,0
3 60,N5,3,0,0,0,0
3 60,N10,1,0,0,0,0
3 60,N10,2,0,0,0,0
3 60,N10,3,0,0,0,0
3 60,E5,1,0,0,0,0
3 60,E5,2,0,0,0,0
3 60,E5,3,0,0,0,0
3 60,E10,1,0,0,0,0
3 60,E10,2,0,0,0,0
3 60,E10,3,0,0,0,0
3 60,S5,1,0,0,0,0
3 60,S5,2,0,0,0,0
3 60,S5,3,0,0,0,0
3 60,S10,1,0,0,0,0
3 60,S10,2,0,0,0,0
3 60,S10,3,0,0,0,0
3 60,W5,1,0,0,0,0
3 60,W5,2,0,0,0,0
3 60,W5,3,0,0,0,0
3 60,W10,1,0,0,0,0
3 60,W10,2,0,0,0,0
3 60,W10,3,0,0,0,0
3 62,N5,1,1,1,0,0
3 62,N5,2,0,0,0,0
3 62,N5,3,0,0,0,0
3 62,N10,1,0,1,0,0
3 62,N10,2,1,0,0,0
3 62,N10,3,0,0,0,0
3 62,E5,1,1,1,0,0
3 62,E5,2,1,0,0,0
3 62,E5,3,0,0,0,0
3 62,E10,1,0,1,0,0
3 62,E10,2,0,0,0,0
3 62,E10,3,0,0,0,0
3 62,S5,1,0,0,0,0
3 62,S5,2,0,1,0,0
3 62,S5,3,0,0,0,0
3 62,S10,1,1,0,0,0
3 62,S10,2,0,0,0,0
3 62,S10,3,0,0,0,0
3 62,W5,1,1,0,0,0
3 62,W5,2,1,1,0,0
3 62,W5,3,0,0,0,0
3 62,W10,1,1,0,0,0
3 62,W10,2,0,0,0,0
3 62,W10,3,0,0,0,0
3 63,N5,1,1,0,1,0
3 63,N5,2,0,0,0,0
3 63,N5,3,0,0,0,0
3 63,N10,1,1,0,0,0
3 63,N10,2,0,0,0,0
3 63,N10,3,0,0,0,0
3 63,E5,1,1,0,0,0
3 63,E5,2,0,0,0,0
3 63,E5,3,0,0,0,0
3 63,E10,1,1,0,0,0
3 63,E10,2,0,0,0,0
3 63,E10,3,0,0,0,0
3 63,S5,1,0,0,0,0
3 63,S5,2,0,0,0,0
3 63,S5,3,0,0,0,0
3 63,S10,1,1,0,0,0
3 63,S10,2,0,0,0,0
3 63,S10,3,0,0,0,0
3 63,W5,1,0,0,0,0
3 63,W5,2,0,0,0,0
3 63,W5,3,0,0,0,0
3 63,W10,1,0,0,0,0
3 63,W10,2,0,0,0,0
3 63,W10,3,0,0,0,0
3 71,N5,1,1,0,0,0
3 71,N5,2,0,0,0,0
3 71,N5,3,0,0,0,0
3 71,N10,1,1,0,0,0
3 71,N10,2,0,0,0,0
3 71,N10,3,0,0,0,0
3 71,E5,1,1,1,0,0
3 71,E5,2,0,0,0,0
3 71,E5,3,0,0,0,0
3 71,E10,1,1,0,0,0
3 71,E10,2,1,0,0,0
3 71,E10,3,0,0,0,0
3 71,S5,1,1,0,0,0
3 71,S5,2,0,0,0,0
3 71,S5,3,0,0,0,0
3 71,S10,1,1,0,0,0
3 71,S10,2,1,0,0,0
3 71,S10,3,0,0,0,0
3 71,W5,1,1,0,0,0
3 71,W5,2,0,0,0,0
3 71,W5,3,0,0,0,0
3 71,W10,1,1,0,0,0
3 71,W10,2,1,0,0,0
3 71,W10,3,0,0,0,0
3 73,N5,1,1,0,0,0
3 73,N5,2,0,0,0,0
3 73,N5,3,0,0,0,0
3 73,N10,1,1,0,0,0
3 73,N10,2,0,0,0,0
3 73,N10,3,0,0,0,0
3 73,E5,1,1,0,0,0
3 73,E5,2,0,0,0,0
3 73,E5,3,0,0,0,0
3 73,E10,1,1,0,0,0
3 73,E10,2,0,0,0,0
3 73,E10,3,0,0,0,0
3 73,S5,1,1,0,0,0
3 73,S5,2,0,0,0,0
3 73,S5,3,0,0,0,0
3 73,S10,1,1,1,0,0
3 73,S10,2,0,0,0,0
3 73,S10,3,0,0,0,0
3 73,W5,1,1,0,0,0
3 73,W5,2,0,0,0,0
3 73,W5,3,0,0,0,0
3 73,W10,1,0,0,0,0
3 73,W10,2,0,0,0,0
3 73,W10,3,0,0,0,0
3 74,N5,1,0,0,0,0
3 74,N5,2,0,0,0,0
3 74,N5,3,0,0,0,0
3 74,N10,1,1,0,1,0
3 74,N10,2,0,0,0,0
3 74,N10,3,0,0,0,0
3 74,E5,1,1,0,0,0
3 74,E5,2,0,0,0,0
3 74,E5,3,0,0,0,0
3 74,E10,1,1,0,0,0
3 74,E10,2,0,0,0,0
3 74,E10,3,0,0,0,0
3 74,S5,1,1,0,0,0
3 74,S5,2,0,0,0,0
3 74,S5,3,0,0,0,0
3 74,S10,1,1,0,0,0
3 74,S10,2,0,0,0,0
3 74,S10,3,0,0,0,0
3 74,W5,1,1,0,0,0
3 74,W5,2,1,0,0,0
3 74,W5,3,0,0,0,0
3 74,W10,1,1,0,0,0
3 74,W10,2,0,0,0,0
3 74,W10,3,0,0,0,0
3 75,N5,1,1,0,0,0
3 75,N5,2,0,0,0,0
3 75,N5,3,0,0,0,0
3 75,N10,1,1,0,1,0
3 75,N10,2,0,0,0,0
3 75,N10,3,0,0,0,0
3 75,E5,1,0,0,0,0
3 75,E5,2,0,0,0,0
3 75,E5,3,0,0,0,0
3 75,E10,1,1,0,0,0
3 75,E10,2,1,0,0,0
3 75,E10,3,0,0,0,0
3 75,S5,1,0,0,0,0
3 75,S5,2,0,0,0,0
3 75,S5,3,0,0,0,0
3 75,S10,1,1,0,0,0
3 75,S10,2,1,0,0,0
3 75,S10,3,0,0,0,0
3 75,W5,1,1,0,0,0
3 75,W5,2,1,0,0,0
3 75,W5,3,0,0,0,0
3 75,W10,1,1,0,0,0
3 75,W10,2,1,0,0,0
3 75,W10,3,0,0,0,0
3 77,N5,1,0,0,0,0
3 77,N5,2,0,0,0,0
3 77,N5,3,0,0,0,0
3 77,N10,1,0,1,0,0
3 77,N10,2,0,0,0,0
3 77,N10,3,0,0,0,0
3 77,E5,1,1,0,0,0
3 77,E5,2,0,0,0,0
3 77,E5,3,0,0,0,0
3 77,E10,1,0,0,0,0
3 77,E10,2,0,0,0,0
3 77,E10,3,0,0,0,0
3 77,S5,1,1,0,0,0
3 77,S5,2,0,0,0,0
3 77,S5,3,0,0,0,0
3 77,S10,1,0,1,0,0
3 77,S10,2,0,0,0,0
3 77,S10,3,0,0,0,0
3 77,W5,1,0,0,0,0
3 77,W5,2,0,0,0,0
3 77,W5,3,0,0,0,0
3 77,W10,1,0,0,0,0
3 77,W10,2,0,0,0,0
3 77,W10,3,0,0,0,0
3 78,N5,1,0,0,1,0
3 78,N5,2,0,0,0,0
3 78,N5,3,0,0,0,0
3 78,N10,1,0,0,0,0
3 78,N10,2,0,0,0,0
3 78,N10,3,0,0,0,0
3 78,E5,1,0,0,0,0
3 78,E5,2,0,0,0,0
3 78,E5,3,0,0,0,0
3 78,E10,1,0,1,0,0
3 78,E10,2,0,0,0,0
3 78,E10,3,0,0,0,0
3 78,S5,1,1,0,0,0
3 78,S5,2,0,0,0,0
3 78,S5,3,0,0,0,0
3 78,S10,1,0,0,0,0
3 78,S10,2,0,0,0,0
3 78,S10,3,0,0,0,0
3 78,W5,1,0,0,0,0
3 78,W5,2,1,0,0,0
3 78,W5,3,0,0,0,0
3 78,W10,1,0,0,0,0
3 78,W10,2,0,0,0,0
3 78,W10,3,0,0,0,0
3 79,N5,1,1,0,0,0
3 79,N5,2,0,0,0,0
3 79,N5,3,0,0,0,0
3 79,N10,1,1,0,0,0
3 79,N10,2,0,0,0,0
3 79,N10,3,0,0,0,0
3 79,E5,1,1,0,0,0
3 79,E5,2,0,0,0,0
3 79,E5,3,0,0,0,0
3 79,E10,1,1,0,0,0
3 79,E10,2,0,0,0,0
3 79,E10,3,0,0,0,0
3 79,S5,1,1,0,0,0
3 79,S5,2,0,0,0,0
3 79,S5,3,0,0,0,0
3 79,S10,1,1,0,0,0
3 79,S10,2,0,0,0,0
3 79,S10,3,0,0,0,0
3 79,W5,1,0,0,1,0
3 79,W5,2,0,0,0,0
3 79,W5,3,0,0,0,0
3 79,W10,1,1,0,1,0
3 79,W10,2,0,0,0,0
3 79,W10,3,0,0,0,0
3 80,N5,1,0,1,1,0
3 80,N5,2,0,0,0,0
3 80,N5,3,0,0,0,0
3 80,N10,1,0,0,1,0
3 80,N10,2,0,0,0,0
3 80,N10,3,0,0,0,0
3 80,E5,1,0,0,0,0
3 80,E5,2,0,0,0,0
3 80,E5,3,0,0,0,0
3 80,E10,1,0,0,1,0
3 80,E10,2,0,0,0,0
3 80,E10,3,0,0,0,0
3 80,S5,1,0,0,1,0
3 80,S5,2,0,0,0,0
3 80,S5,3,0,0,0,0
3 80,S10,1,0,0,1,0
3 80,S10,2,0,0,0,0
3 80,S10,3,0,0,0,0
3 80,W5,1,0,0,1,0
3 80,W5,2,0,0,0,0
3 80,W5,3,0,0,0,0
3 80,W10,1,1,1,1,0
3 80,W10,2,0,0,0,0
3 80,W10,3,0,0,0,0
3 83,N5,1,1,0,0,0
3 83,N5,2,0,0,0,0
3 83,N5,3,0,0,0,0
3 83,N10,1,1,0,0,0
3 83,N10,2,0,0,0,0
3 83,N10,3,0,0,0,0
3 83,E5,1,1,0,0,0
3 83,E5,2,0,0,0,0
3 83,E5,3,0,0,0,0
3 83,E10,1,1,0,0,0
3 83,E10,2,0,0,0,0
3 83,E10,3,0,0,0,0
3 83,S5,1,1,0,0,0
3 83,S5,2,0,0,0,0
3 83,S5,3,0,0,0,0
3 83,S10,1,0,0,0,0
3 83,S10,2,0,0,0,0
3 83,S10,3,0,0,0,0
3 83,W5,1,1,0,0,0
3 83,W5,2,0,0,0,0
3 83,W5,3,0,0,0,0
3 83,W10,1,0,0,0,0
3 83,W10,2,0,0,0,0
3 83,W10,3,0,0,0,0
3 85,N5,1,1,0,0,0
3 85,N5,2,0,0,0,0
3 85,N5,3,0,0,0,0
3 85,N10,1,1,1,0,0
3 85,N10,2,0,0,0,0
3 85,N10,3,0,0,0,0
3 85,E5,1,1,1,0,0
3 85,E5,2,0,0,0,0
3 85,E5,3,0,0,0,0
3 85,E10,1,1,1,1,0
3 85,E10,2,0,0,0,0
3 85,E10,3,0,0,0,0
3 85,S5,1,1,0,0,0
3 85,S5,2,0,0,0,0
3 85,S5,3,0,0,0,0
3 85,S10,1,1,0,0,0
3 85,S10,2,0,0,0,0
3 85,S10,3,0,0,0,0
3 85,W5,1,1,0,1,0
3 85,W5,2,0,0,0,0
3 85,W5,3,0,0,0,0
3 85,W10,1,1,0,0,0
3 85,W10,2,0,0,0,0
3 85,W10,3,0,0,0,0
3 88,N5,1,0,0,0,0
3 88,N5,2,0,0,0,0
3 88,N5,3,0,0,0,0
3 88,N10,1,0,0,0,0
3 88,N10,2,0,0,0,0
3 88,N10,3,0,0,0,0
3 88,E5,1,0,0,0,0
3 88,E5,2,0,0,0,0
3 88,E5,3,0,0,0,0
3 88,E10,1,0,0,0,0
3 88,E10,2,0,0,0,0
3 88,E10,3,0,0,0,0
3 88,S5,1,0,0,0,0
3 88,S5,2,0,0,0,0
3 88,S5,3,0,0,0,0
3 88,S10,1,1,1,0,0
3 88,S10,2,1,0,0,0
3 88,S10,3,0,0,0,0
3 88,W5,1,0,0,0,0
3 88,W5,2,0,0,0,0
3 88,W5,3,0,0,0,0
3 88,W10,1,1,1,0,0
3 88,W10,2,0,0,0,0
3 88,W10,3,0,0,0,0
3 96,N5,1,0,0,0,0
3 96,N5,2,0,0,0,0
3 96,N5,3,0,0,0,0
3 96,N10,1,0,1,1,0
3 96,N10,2,0,0,1,0
3 96,N10,3,0,0,0,0
3 96,E5,1,0,1,0,0
3 96,E5,2,0,0,0,0
3 96,E5,3,0,0,0,0
3 96,E10,1,0,0,0,0
3 96,E10,2,0,0,0,0
3 96,E10,3,0,0,0,0
3 96,S5,1,0,1,0,0
3 96,S5,2,0,0,0,0
3 96,S5,3,0,0,0,0
3 96,S10,1,0,1,1,0
3 96,S10,2,0,0,0,0
3 96,S10,3,0,0,0,0
3 96,W5,1,0,1,0,0
3 96,W5,2,0,0,0,0
3 96,W5,3,0,0,0,0
3 96,W10,1,0,0,0,0
3 96,W10,2,0,0,0,0
3 96,W10,3,0,0,0,0
3 97,N5,1,1,0,1,0
3 97,N5,2,0,0,1,0
3 97,N5,3,0,0,0,0
3 97,N10,1,1,0,1,0
3 97,N10,2,0,0,0,0
3 97,N10,3,0,0,0,0
3 97,E5,1,1,1,1,0
3 97,E5,2,0,0,0,0
3 97,E5,3,0,0,0,0
3 97,E10,1,1,1,1,0
3 97,E10,2,0,0,0,0
3 97,E10,3,0,0,0,0
3 97,S5,1,0,0,1,0
3 97,S5,2,0,0,1,0
3 97,S5,3,0,0,0,0
3 97,S10,1,0,0,1,0
3 97,S10,2,0,0,1,0
3 97,S10,3,0,0,0,0
3 97,W5,1,0,0,1,0
3 97,W5,2,0,0,1,0
3 97,W5,3,0,0,0,0
3 97,W10,1,1,0,1,0
3 97,W10,2,0,0,1,0
3 97,W10,3,0,0,0,0
3 99,N5,1,0,0,0,0
3 99,N5,2,0,0,0,0
3 99,N5,3,0,0,0,0
3 99,N10,1,0,0,0,0
3 99,N10,2,0,0,0,0
3 99,N10,3,0,0,0,0
3 99,E5,1,0,0,0,0
3 99,E5,2,1,0,0,0
3 99,E5,3,0,0,0,0
3 99,E10,1,0,0,0,0
3 99,E10,2,0,0,0,0
3 99,E10,3,0,0,0,0
3 99,S5,1,1,0,0,0
3 99,S5,2,1,0,0,0
3 99,S5,3,0,0,0,0
3 99,S10,1,0,0,0,0
3 99,S10,2,0,0,0,0
3 99,S10,3,0,0,0,0
3 99,W5,1,1,0,0,0
3 99,W5,2,1,0,0,0
3 99,W5,3,0,0,0,0
3 99,W10,1,0,0,0,0
3 99,W10,2,0,0,0,0
3 99,W10,3,0,0,0,0
4 12,N5,1,0,0,0,0
4 12,N5,2,0,0,0,0
4 12,N5,3,0,0,0,0
4 12,N10,1,0,0,0,0
4 12,N10,2,0,0,0,0
4 12,N10,3,0,0,0,0
4 12,E5,1,0,0,0,0
4 12,E5,2,0,0,0,0
4 12,E5,3,0,0,0,0
4 12,E10,1,0,0,0,0
4 12,E10,2,0,0,0,0
4 12,E10,3,0,0,0,0
4 12,S5,1,1,0,0,0
4 12,S5,2,0,0,0,0
4 12,S5,3,0,0,0,0
4 12,S10,1,0,0,0,0
4 12,S10,2,0,0,0,0
4 12,S10,3,0,0,0,0
4 12,W5,1,0,0,0,0
4 12,W5,2,0,0,0,0
4 12,W5,3,0,0,0,0
4 12,W10,1,0,0,0,0
4 12,W10,2,0,0,0,0
4 12,W10,3,0,0,0,0
4 13,N5,1,0,0,0,0
4 13,N5,2,0,0,0,0
4 13,N5,3,0,0,0,0
4 13,N10,1,0,0,0,0
4 13,N10,2,0,0,0,0
4 13,N10,3,0,0,0,0
4 13,E5,1,0,0,0,0
4 13,E5,2,0,0,0,0
4 13,E5,3,0,0,0,0
4 13,E10,1,1,0,0,0
4 13,E10,2,0,0,0,0
4 13,E10,3,0,0,0,0
4 13,S5,1,0,0,0,0
4 13,S5,2,0,0,0,0
4 13,S5,3,0,0,0,0
4 13,S10,1,0,0,0,0
4 13,S10,2,0,0,0,0
4 13,S10,3,0,0,0,0
4 13,W5,1,0,0,0,0
4 13,W5,2,0,0,0,0
4 13,W5,3,0,0,0,0
4 13,W10,1,0,0,0,0
4 13,W10,2,0,0,0,0
4 13,W10,3,0,0,0,0
4 16,N5,1,0,0,1,0
4 16,N5,2,0,0,0,0
4 16,N5,3,0,0,0,0
4 16,N10,1,0,0,1,0
4 16,N10,2,0,0,0,0
4 16,N10,3,0,0,0,0
4 16,E5,1,1,1,0,0
4 16,E5,2,1,0,0,0
4 16,E5,3,0,0,0,0
4 16,E10,1,1,1,0,0
4 16,E10,2,0,0,0,0
4 16,E10,3,0,0,0,0
4 16,S5,1,0,0,0,0
4 16,S5,2,0,0,0,0
4 16,S5,3,0,0,0,0
4 16,S10,1,0,0,0,0
4 16,S10,2,0,0,0,0
4 16,S10,3,0,0,0,0
4 16,W5,1,1,0,0,0
4 16,W5,2,0,0,0,0
4 16,W5,3,0,0,0,0
4 16,W10,1,0,0,1,0
4 16,W10,2,0,0,0,0
4 16,W10,3,0,0,0,0
4 17,N5,1,1,0,0,0
4 17,N5,2,0,0,0,0
4 17,N5,3,0,0,0,0
4 17,N10,1,1,0,0,0
4 17,N10,2,0,0,0,0
4 17,N10,3,0,0,0,0
4 17,E5,1,1,0,0,0
4 17,E5,2,0,0,0,0
4 17,E5,3,0,0,0,0
4 17,E10,1,1,0,0,0
4 17,E10,2,0,0,0,0
4 17,E10,3,0,0,0,0
4 17,S5,1,1,0,0,0
4 17,S5,2,0,0,0,0
4 17,S5,3,0,0,0,0
4 17,S10,1,1,0,0,0
4 17,S10,2,0,0,0,0
4 17,S10,3,0,0,0,0
4 17,W5,1,1,1,0,0
4 17,W5,2,0,0,0,0
4 17,W5,3,0,0,0,0
4 17,W10,1,1,1,0,0
4 17,W10,2,0,0,0,0
4 17,W10,3,0,0,0,0
4 25,N5,1,1,0,0,0
4 25,N5,2,0,0,0,0
4 25,N5,3,0,0,0,0
4 25,N10,1,1,0,0,0
4 25,N10,2,0,0,0,0
4 25,N10,3,0,0,0,0
4 25,E5,1,1,0,0,0
4 25,E5,2,0,0,0,0
4 25,E5,3,0,0,0,0
4 25,E10,1,0,0,0,0
4 25,E10,2,0,0,0,0
4 25,E10,3,0,0,0,0
4 25,S5,1,0,0,0,0
4 25,S5,2,1,0,0,0
4 25,S5,3,0,0,0,0
4 25,S10,1,1,0,0,0
4 25,S10,2,0,0,0,0
4 25,S10,3,0,0,0,0
4 25,W5,1,1,0,0,0
4 25,W5,2,0,0,0,0
4 25,W5,3,0,0,0,0
4 25,W10,1,1,0,0,0
4 25,W10,2,0,0,0,0
4 25,W10,3,0,0,0,0
4 26,N5,1,1,0,0,0
4 26,N5,2,0,0,0,0
4 26,N5,3,0,0,0,0
4 26,N10,1,1,0,0,0
4 26,N10,2,1,0,0,0
4 26,N10,3,0,0,0,0
4 26,E5,1,1,0,0,0
4 26,E5,2,0,0,0,0
4 26,E5,3,0,0,0,0
4 26,E10,1,1,0,0,0
4 26,E10,2,0,0,0,0
4 26,E10,3,0,0,0,0
4 26,S5,1,1,0,0,0
4 26,S5,2,0,0,0,0
4 26,S5,3,0,0,0,0
4 26,S10,1,1,0,0,0
4 26,S10,2,0,0,0,0
4 26,S10,3,0,0,0,0
4 26,W5,1,1,0,0,0
4 26,W5,2,1,0,0,0
4 26,W5,3,0,0,0,0
4 26,W10,1,1,0,0,0
4 26,W10,2,1,0,0,0
4 26,W10,3,0,0,0,0
4 27,N5,1,1,0,0,0
4 27,N5,2,0,0,0,0
4 27,N5,3,0,0,0,0
4 27,N10,1,1,0,0,0
4 27,N10,2,0,0,0,0
4 27,N10,3,0,0,0,0
4 27,E5,1,1,0,0,0
4 27,E5,2,0,0,0,0
4 27,E5,3,0,0,0,0
4 27,E10,1,1,0,0,0
4 27,E10,2,0,0,0,0
4 27,E10,3,0,0,0,0
4 27,S5,1,1,0,0,0
4 27,S5,2,0,0,0,0
4 27,S5,3,0,0,0,0
4 27,S10,1,1,0,0,0
4 27,S10,2,1,0,0,0
4 27,S10,3,0,0,0,0
4 27,W5,1,1,0,0,0
4 27,W5,2,1,0,0,0
4 27,W5,3,0,0,0,0
4 27,W10,1,1,0,0,0
4 27,W10,2,0,0,0,0
4 27,W10,3,0,0,0,0
4 31,N5,1,0,0,0,0
4 31,N5,2,0,0,0,0
4 31,N5,3,0,0,0,0
4 31,N10,1,0,0,0,0
4 31,N10,2,0,0,0,0
4 31,N10,3,0,0,0,0
4 31,E5,1,0,0,0,0
4 31,E5,2,0,0,0,0
4 31,E5,3,0,0,0,0
4 31,E10,1,1,0,0,0
4 31,E10,2,0,0,0,0
4 31,E10,3,0,0,0,0
4 31,S5,1,1,0,0,0
4 31,S5,2,0,0,0,0
4 31,S5,3,0,0,0,0
4 31,S10,1,0,0,0,0
4 31,S10,2,0,0,0,0
4 31,S10,3,0,0,0,0
4 31,W5,1,1,0,0,0
4 31,W5,2,0,0,0,0
4 31,W5,3,0,0,0,0
4 31,W10,1,1,0,0,0
4 31,W10,2,0,0,0,0
4 31,W10,3,0,0,0,0
4 33,N5,1,1,0,0,0
4 33,N5,2,0,0,0,0
4 33,N5,3,0,0,0,0
4 33,N10,1,0,0,0,0
4 33,N10,2,0,0,0,0
4 33,N10,3,0,0,0,0
4 33,E5,1,1,1,0,0
4 33,E5,2,0,0,0,0
4 33,E5,3,0,0,0,0
4 33,E10,1,1,0,0,0
4 33,E10,2,0,0,0,0
4 33,E10,3,0,0,0,0
4 33,S5,1,1,0,0,0
4 33,S5,2,0,0,0,0
4 33,S5,3,0,0,0,0
4 33,S10,1,1,0,1,0
4 33,S10,2,0,0,0,0
4 33,S10,3,0,0,0,0
4 33,W5,1,1,0,0,0
4 33,W5,2,0,0,1,0
4 33,W5,3,0,0,0,0
4 33,W10,1,0,0,0,0
4 33,W10,2,0,0,0,0
4 33,W10,3,0,0,0,0
4 35,N5,1,0,0,0,0
4 35,N5,2,0,0,0,0
4 35,N5,3,0,0,0,0
4 35,N10,1,0,0,0,0
4 35,N10,2,0,0,0,0
4 35,N10,3,0,0,0,0
4 35,E5,1,0,0,0,0
4 35,E5,2,0,0,0,0
4 35,E5,3,0,0,0,0
4 35,E10,1,0,0,0,0
4 35,E10,2,0,0,0,0
4 35,E10,3,0,0,0,0
4 35,S5,1,0,0,0,0
4 35,S5,2,0,0,0,0
4 35,S5,3,0,0,0,0
4 35,S10,1,0,0,0,0
4 35,S10,2,0,0,0,0
4 35,S10,3,0,0,0,0
4 35,W5,1,1,0,0,0
4 35,W5,2,0,0,0,0
4 35,W5,3,0,0,0,0
4 35,W10,1,0,0,0,0
4 35,W10,2,0,0,0,0
4 35,W10,3,0,0,0,0
4 37,N5,1,1,0,0,0
4 37,N5,2,0,0,0,0
4 37,N5,3,0,0,0,0
4 37,N10,1,0,0,0,0
4 37,N10,2,0,0,0,0
4 37,N10,3,0,0,0,0
4 37,E5,1,1,1,0,0
4 37,E5,2,0,0,0,0
4 37,E5,3,0,0,0,0
4 37,E10,1,0,0,0,0
4 37,E10,2,0,0,0,0
4 37,E10,3,0,0,0,0
4 37,S5,1,0,0,0,0
4 37,S5,2,0,0,0,0
4 37,S5,3,0,0,0,0
4 37,S10,1,0,0,0,0
4 37,S10,2,0,0,0,0
4 37,S10,3,0,0,0,0
4 37,W5,1,0,0,0,0
4 37,W5,2,0,0,0,0
4 37,W5,3,0,0,0,0
4 37,W10,1,0,0,0,0
4 37,W10,2,0,0,0,0
4 37,W10,3,0,0,0,0
4 39,N5,1,0,0,0,0
4 39,N5,2,0,0,0,0
4 39,N5,3,0,0,0,0
4 39,N10,1,0,0,0,0
4 39,N10,2,0,0,0,0
4 39,N10,3,0,0,0,0
4 39,E5,1,1,0,0,0
4 39,E5,2,0,0,0,0
4 39,E5,3,0,0,0,0
4 39,E10,1,1,0,0,0
4 39,E10,2,0,0,0,0
4 39,E10,3,0,0,0,0
4 39,S5,1,1,0,0,0
4 39,S5,2,0,0,0,0
4 39,S5,3,0,0,0,0
4 39,S10,1,1,0,0,0
4 39,S10,2,0,0,0,0
4 39,S10,3,0,0,0,0
4 39,W5,1,1,0,0,0
4 39,W5,2,0,0,0,0
4 39,W5,3,0,0,0,0
4 39,W10,1,1,0,0,0
4 39,W10,2,0,0,0,0
4 39,W10,3,0,0,0,0
4 40,N5,1,1,0,0,0
4 40,N5,2,0,0,0,0
4 40,N5,3,0,0,0,0
4 40,N10,1,1,0,0,0
4 40,N10,2,0,0,0,0
4 40,N10,3,0,0,0,0
4 40,E5,1,1,0,0,0
4 40,E5,2,0,0,0,0
4 40,E5,3,0,0,0,0
4 40,E10,1,1,0,0,0
4 40,E10,2,0,0,0,0
4 40,E10,3,0,0,0,0
4 40,S5,1,1,0,0,0
4 40,S5,2,0,0,0,0
4 40,S5,3,0,0,0,0
4 40,S10,1,1,0,0,0
4 40,S10,2,0,0,0,0
4 40,S10,3,0,0,0,0
4 40,W5,1,1,0,0,0
4 40,W5,2,0,0,0,0
4 40,W5,3,0,0,0,0
4 40,W10,1,1,0,0,0
4 40,W10,2,0,0,0,0
4 40,W10,3,0,0,0,0
4 43,N5,1,1,0,0,0
4 43,N5,2,0,0,0,0
4 43,N5,3,0,0,0,0
4 43,N10,1,1,0,0,0
4 43,N10,2,0,0,0,0
4 43,N10,3,0,0,0,0
4 43,E5,1,1,0,0,0
4 43,E5,2,0,0,0,0
4 43,E5,3,0,0,0,0
4 43,E10,1,1,0,0,0
4 43,E10,2,0,0,0,0
4 43,E10,3,0,0,0,0
4 43,S5,1,1,0,0,0
4 43,S5,2,0,0,0,0
4 43,S5,3,0,0,0,0
4 43,S10,1,1,0,1,0
4 43,S10,2,0,0,0,0
4 43,S10,3,0,0,0,0
4 43,W5,1,1,0,0,0
4 43,W5,2,0,0,0,0
4 43,W5,3,0,0,0,0
4 43,W10,1,0,0,0,0
4 43,W10,2,0,0,0,0
4 43,W10,3,0,0,0,0
4 44,N5,1,1,0,0,0
4 44,N5,2,0,0,0,0
4 44,N5,3,0,0,0,0
4 44,N10,1,1,0,0,0
4 44,N10,2,0,0,0,0
4 44,N10,3,0,0,0,0
4 44,E5,1,1,0,0,0
4 44,E5,2,0,0,0,0
4 44,E5,3,0,0,0,0
4 44,E10,1,1,0,0,0
4 44,E10,2,0,0,0,0
4 44,E10,3,0,0,0,0
4 44,S5,1,1,0,0,0
4 44,S5,2,0,0,0,0
4 44,S5,3,0,0,0,0
4 44,S10,1,0,0,0,0
4 44,S10,2,0,0,0,0
4 44,S10,3,0,0,0,0
4 44,W5,1,1,0,0,0
4 44,W5,2,0,0,0,0
4 44,W5,3,0,0,0,0
4 44,W10,1,1,0,0,0
4 44,W10,2,0,0,0,0
4 44,W10,3,0,0,0,0
4 53,N5,1,0,1,0,0
4 53,N5,2,0,0,0,0
4 53,N5,3,0,0,0,0
4 53,N10,1,0,1,0,0
4 53,N10,2,1,0,0,0
4 53,N10,3,0,0,0,0
4 53,E5,1,0,0,0,0
4 53,E5,2,0,0,0,0
4 53,E5,3,0,0,0,0
4 53,E10,1,0,0,0,0
4 53,E10,2,0,0,0,0
4 53,E10,3,0,0,0,0
4 53,S5,1,0,0,0,0
4 53,S5,2,0,0,0,0
4 53,S5,3,0,0,0,0
4 53,S10,1,0,1,0,0
4 53,S10,2,0,0,0,0
4 53,S10,3,0,0,0,0
4 53,W5,1,1,0,0,0
4 53,W5,2,0,0,0,0
4 53,W5,3,0,0,0,0
4 53,W10,1,1,0,0,0
4 53,W10,2,0,0,0,0
4 53,W10,3,0,0,0,0
4 56,N5,1,1,0,0,0
4 56,N5,2,0,0,0,0
4 56,N5,3,0,0,0,0
4 56,N10,1,0,0,0,0
4 56,N10,2,0,0,0,0
4 56,N10,3,0,0,0,0
4 56,E5,1,1,0,0,0
4 56,E5,2,0,0,0,0
4 56,E5,3,0,0,0,0
4 56,E10,1,0,0,0,0
4 56,E10,2,0,0,0,0
4 56,E10,3,0,0,0,0
4 56,S5,1,0,0,0,0
4 56,S5,2,0,0,0,0
4 56,S5,3,0,0,0,0
4 56,S10,1,0,0,0,0
4 56,S10,2,0,0,0,0
4 56,S10,3,0,0,0,0
4 56,W5,1,1,0,0,0
4 56,W5,2,0,0,0,0
4 56,W5,3,0,0,0,0
4 56,W10,1,0,0,0,0
4 56,W10,2,0,0,0,0
4 56,W10,3,0,0,0,0
4 57,N5,1,0,0,0,0
4 57,N5,2,0,0,0,0
4 57,N5,3,0,0,0,0
4 57,N10,1,0,0,0,0
4 57,N10,2,0,0,0,0
4 57,N10,3,0,0,0,0
4 57,E5,1,0,0,0,0
4 57,E5,2,0,0,0,0
4 57,E5,3,0,0,0,0
4 57,E10,1,0,0,0,0
4 57,E10,2,0,0,0,0
4 57,E10,3,0,0,0,0
4 57,S5,1,0,0,0,0
4 57,S5,2,0,0,0,0
4 57,S5,3,0,0,0,0
4 57,S10,1,0,0,0,0
4 57,S10,2,0,0,0,0
4 57,S10,3,0,0,0,0
4 57,W5,1,1,0,0,0
4 57,W5,2,0,0,0,0
4 57,W5,3,0,0,0,0
4 57,W10,1,0,0,0,0
4 57,W10,2,0,0,0,0
4 57,W10,3,0,0,0,0
4 60,N5,1,1,0,1,0
4 60,N5,2,0,0,0,0
4 60,N5,3,0,0,0,0
4 60,N10,1,1,0,1,0
4 60,N10,2,0,0,0,0
4 60,N10,3,0,0,0,0
4 60,E5,1,1,0,1,0
4 60,E5,2,0,0,1,0
4 60,E5,3,0,0,0,0
4 60,E10,1,1,0,0,0
4 60,E10,2,0,0,0,0
4 60,E10,3,0,0,0,0
4 60,S5,1,1,0,0,0
4 60,S5,2,0,0,0,0
4 60,S5,3,0,0,0,0
4 60,S10,1,0,0,0,0
4 60,S10,2,0,0,0,0
4 60,S10,3,0,0,0,0
4 60,W5,1,1,0,0,0
4 60,W5,2,0,0,0,0
4 60,W5,3,0,0,0,0
4 60,W10,1,1,0,0,0
4 60,W10,2,0,0,0,0
4 60,W10,3,0,0,0,0
4 62,N5,1,0,0,0,0
4 62,N5,2,1,0,0,0
4 62,N5,3,0,0,0,0
4 62,N10,1,1,0,0,0
4 62,N10,2,0,0,0,0
4 62,N10,3,0,0,0,0
4 62,E5,1,0,0,0,0
4 62,E5,2,1,0,0,0
4 62,E5,3,0,0,0,0
4 62,E10,1,0,0,0,0
4 62,E10,2,1,0,0,0
4 62,E10,3,0,0,0,0
4 62,S5,1,1,0,0,0
4 62,S5,2,1,0,0,0
4 62,S5,3,0,0,0,0
4 62,S10,1,1,0,0,0
4 62,S10,2,1,0,0,0
4 62,S10,3,0,0,0,0
4 62,W5,1,1,0,0,0
4 62,W5,2,0,0,0,0
4 62,W5,3,0,0,0,0
4 62,W10,1,1,0,0,0
4 62,W10,2,1,0,0,0
4 62,W10,3,0,0,0,0
4 63,N5,1,1,0,0,0
4 63,N5,2,0,0,0,0
4 63,N5,3,0,0,0,0
4 63,N10,1,1,0,0,0
4 63,N10,2,0,0,0,0
4 63,N10,3,0,0,0,0
4 63,E5,1,1,0,0,0
4 63,E5,2,0,0,0,0
4 63,E5,3,0,0,0,0
4 63,E10,1,1,0,0,0
4 63,E10,2,1,0,0,0
4 63,E10,3,0,0,0,0
4 63,S5,1,1,0,0,0
4 63,S5,2,0,0,0,0
4 63,S5,3,0,0,0,0
4 63,S10,1,1,0,0,0
4 63,S10,2,0,0,0,0
4 63,S10,3,0,0,0,0
4 63,W5,1,1,0,0,0
4 63,W5,2,1,0,0,0
4 63,W5,3,0,0,0,0
4 63,W10,1,1,0,0,0
4 63,W10,2,0,0,0,0
4 63,W10,3,0,0,0,0
4 64,N5,1,0,0,0,0
4 64,N5,2,0,0,0,0
4 64,N5,3,0,0,0,0
4 64,N10,1,0,0,0,0
4 64,N10,2,0,0,0,0
4 64,N10,3,0,0,0,0
4 64,E5,1,0,0,0,0
4 64,E5,2,0,0,0,0
4 64,E5,3,0,0,0,0
4 64,E10,1,0,0,0,0
4 64,E10,2,0,0,0,0
4 64,E10,3,0,0,0,0
4 64,S5,1,0,0,0,0
4 64,S5,2,0,0,0,0
4 64,S5,3,0,0,0,0
4 64,S10,1,0,0,0,0
4 64,S10,2,0,0,0,0
4 64,S10,3,0,0,0,0
4 64,W5,1,0,0,0,0
4 64,W5,2,0,0,0,0
4 64,W5,3,0,0,0,0
4 64,W10,1,0,0,0,0
4 64,W10,2,0,0,0,0
4 64,W10,3,1,1,0,0
4 67,N5,1,0,0,0,0
4 67,N5,2,0,0,0,0
4 67,N5,3,0,0,0,0
4 67,N10,1,0,0,0,0
4 67,N10,2,0,0,0,0
4 67,N10,3,0,0,0,0
4 67,E5,1,0,0,0,0
4 67,E5,2,0,0,0,0
4 67,E5,3,0,0,0,0
4 67,E10,1,0,0,0,0
4 67,E10,2,0,0,0,0
4 67,E10,3,0,0,0,0
4 67,S5,1,0,0,0,0
4 67,S5,2,0,0,0,0
4 67,S5,3,0,0,0,0
4 67,S10,1,0,0,0,0
4 67,S10,2,0,0,0,0
4 67,S10,3,0,0,0,0
4 67,W5,1,1,0,0,0
4 67,W5,2,0,0,0,0
4 67,W5,3,0,0,0,0
4 67,W10,1,1,0,0,0
4 67,W10,2,0,0,0,0
4 67,W10,3,0,0,0,0
4 68,N5,1,0,0,0,0
4 68,N5,2,0,0,0,0
4 68,N5,3,0,0,0,0
4 68,N10,1,0,0,0,0
4 68,N10,2,0,0,0,0
4 68,N10,3,0,0,0,0
4 68,E5,1,1,0,0,0
4 68,E5,2,1,0,0,0
4 68,E5,3,0,0,0,0
4 68,E10,1,0,0,0,0
4 68,E10,2,0,0,0,0
4 68,E10,3,0,0,0,0
4 68,S5,1,0,0,0,0
4 68,S5,2,0,0,0,0
4 68,S5,3,0,0,0,0
4 68,S10,1,0,0,0,0
4 68,S10,2,1,0,0,0
4 68,S10,3,0,0,0,0
4 68,W5,1,0,0,0,0
4 68,W5,2,0,0,0,0
4 68,W5,3,0,0,0,0
4 68,W10,1,0,0,0,0
4 68,W10,2,0,0,0,0
4 68,W10,3,0,0,0,0
4 72,N5,1,0,0,0,0
4 72,N5,2,0,0,0,0
4 72,N5,3,0,0,0,0
4 72,N10,1,0,0,0,0
4 72,N10,2,0,0,0,0
4 72,N10,3,0,0,0,0
4 72,E5,1,1,0,0,0
4 72,E5,2,0,0,0,0
4 72,E5,3,0,0,0,0
4 72,E10,1,1,0,0,0
4 72,E10,2,0,0,0,0
4 72,E10,3,0,0,0,0
4 72,S5,1,0,0,0,0
4 72,S5,2,0,0,0,0
4 72,S5,3,0,0,0,0
4 72,S10,1,0,0,0,0
4 72,S10,2,0,0,0,0
4 72,S10,3,0,0,0,0
4 72,W5,1,0,0,0,0
4 72,W5,2,0,0,0,0
4 72,W5,3,0,0,0,0
4 72,W10,1,1,0,0,0
4 72,W10,2,0,0,0,0
4 72,W10,3,0,0,0,0
4 74,N5,1,0,0,0,0
4 74,N5,2,0,0,0,0
4 74,N5,3,0,0,0,0
4 74,N10,1,0,0,0,0
4 74,N10,2,0,0,0,0
4 74,N10,3,0,0,0,0
4 74,E5,1,1,0,0,0
4 74,E5,2,0,0,0,0
4 74,E5,3,0,0,0,0
4 74,E10,1,1,0,0,0
4 74,E10,2,0,0,0,0
4 74,E10,3,0,0,0,0
4 74,S5,1,1,0,0,0
4 74,S5,2,1,0,0,0
4 74,S5,3,0,0,0,0
4 74,S10,1,1,0,0,0
4 74,S10,2,0,0,0,0
4 74,S10,3,0,0,0,0
4 74,W5,1,1,0,0,0
4 74,W5,2,1,0,0,0
4 74,W5,3,0,0,0,0
4 74,W10,1,1,0,0,0
4 74,W10,2,0,0,0,0
4 74,W10,3,0,0,0,0
4 76,N5,1,1,0,0,0
4 76,N5,2,0,0,0,0
4 76,N5,3,0,0,0,0
4 76,N10,1,0,1,0,0
4 76,N10,2,0,0,0,0
4 76,N10,3,0,0,0,0
4 76,E5,1,1,0,0,0
4 76,E5,2,0,0,0,0
4 76,E5,3,0,0,0,0
4 76,E10,1,1,0,0,0
4 76,E10,2,0,0,0,0
4 76,E10,3,0,0,0,0
4 76,S5,1,0,1,0,0
4 76,S5,2,0,0,0,0
4 76,S5,3,0,0,0,0
4 76,S10,1,1,0,0,0
4 76,S10,2,0,0,0,0
4 76,S10,3,0,0,0,0
4 76,W5,1,1,1,0,0
4 76,W5,2,0,0,0,0
4 76,W5,3,0,0,0,0
4 76,W10,1,1,0,0,0
4 76,W10,2,0,0,0,0
4 76,W10,3,0,0,0,0
4 77,N5,1,0,0,0,0
4 77,N5,2,0,0,0,0
4 77,N5,3,0,0,0,0
4 77,N10,1,0,0,0,0
4 77,N10,2,0,0,0,0
4 77,N10,3,0,0,0,0
4 77,E5,1,1,0,0,0
4 77,E5,2,1,0,0,0
4 77,E5,3,0,0,0,0
4 77,E10,1,0,0,0,0
4 77,E10,2,0,0,0,0
4 77,E10,3,0,0,0,0
4 77,S5,1,1,0,0,0
4 77,S5,2,0,0,0,0
4 77,S5,3,0,0,0,0
4 77,S10,1,1,0,0,0
4 77,S10,2,0,0,0,0
4 77,S10,3,0,0,0,0
4 77,W5,1,0,0,0,0
4 77,W5,2,0,0,0,0
4 77,W5,3,0,0,0,0
4 77,W10,1,0,0,0,0
4 77,W10,2,0,0,0,0
4 77,W10,3,0,0,0,0
4 85,N5,1,0,0,0,0
4 85,N5,2,0,0,0,0
4 85,N5,3,0,0,0,0
4 85,N10,1,0,0,0,0
4 85,N10,2,0,0,0,0
4 85,N10,3,0,0,0,0
4 85,E5,1,1,0,0,0
4 85,E5,2,0,0,0,0
4 85,E5,3,0,0,0,0
4 85,E10,1,0,0,0,0
4 85,E10,2,0,0,0,0
4 85,E10,3,0,0,0,0
4 85,S5,1,1,0,0,0
4 85,S5,2,0,0,0,0
4 85,S5,3,0,0,0,0
4 85,S10,1,0,0,0,0
4 85,S10,2,0,0,0,0
4 85,S10,3,0,0,0,0
4 85,W5,1,1,0,0,0
4 85,W5,2,0,0,0,0
4 85,W5,3,0,0,0,0
4 85,W10,1,0,0,0,0
4 85,W10,2,0,0,0,0
4 85,W10,3,0,0,0,0
4 87,N5,1,1,0,0,0
4 87,N5,2,0,0,0,0
4 87,N5,3,0,0,0,0
4 87,N10,1,1,0,0,0
4 87,N10,2,0,0,0,0
4 87,N10,3,0,0,0,0
4 87,E5,1,1,0,0,0
4 87,E5,2,0,0,0,0
4 87,E5,3,0,0,0,0
4 87,E10,1,0,0,0,0
4 87,E10,2,0,0,0,0
4 87,E10,3,0,0,0,0
4 87,S5,1,0,0,0,0
4 87,S5,2,0,0,0,0
4 87,S5,3,0,0,0,0
4 87,S10,1,0,0,0,0
4 87,S10,2,0,0,0,0
4 87,S10,3,0,0,0,0
4 87,W5,1,1,0,0,0
4 87,W5,2,0,0,0,0
4 87,W5,3,0,0,0,0
4 87,W10,1,1,0,0,0
4 87,W10,2,0,0,0,0
4 87,W10,3,0,0,0,0
4 90,N5,1,0,0,0,0
4 90,N5,2,0,0,0,0
4 90,N5,3,0,0,0,0
4 90,N10,1,0,0,0,0
4 90,N10,2,1,0,0,0
4 90,N10,3,0,0,0,0
4 90,E5,1,0,0,0,0
4 90,E5,2,1,0,0,0
4 90,E5,3,0,0,0,0
4 90,E10,1,1,0,0,0
4 90,E10,2,1,0,0,0
4 90,E10,3,0,0,0,0
4 90,S5,1,1,0,0,0
4 90,S5,2,1,0,0,0
4 90,S5,3,0,0,0,0
4 90,S10,1,1,0,0,0
4 90,S10,2,0,0,0,0
4 90,S10,3,0,0,0,0
4 90,W5,1,0,0,0,0
4 90,W5,2,1,0,0,0
4 90,W5,3,0,0,0,0
4 90,W10,1,1,0,0,0
4 90,W10,2,0,0,0,0
4 90,W10,3,0,0,0,0
4 93,N5,1,1,0,0,0
4 93,N5,2,0,0,0,0
4 93,N5,3,0,0,0,0
4 93,N10,1,1,0,1,0
4 93,N10,2,1,0,1,0
4 93,N10,3,0,0,0,0
4 93,E5,1,1,0,0,0
4 93,E5,2,1,0,0,0
4 93,E5,3,0,0,0,0
4 93,E10,1,1,0,0,0
4 93,E10,2,1,0,0,0
4 93,E10,3,0,0,0,0
4 93,S5,1,1,0,0,0
4 93,S5,2,0,0,0,0
4 93,S5,3,0,0,0,0
4 93,S10,1,1,0,0,0
4 93,S10,2,0,0,0,0
4 93,S10,3,0,0,0,0
4 93,W5,1,1,0,0,0
4 93,W5,2,0,0,0,0
4 93,W5,3,0,0,0,0
4 93,W10,1,1,0,0,0
4 93,W10,2,0,0,0,0
4 93,W10,3,0,0,0,0
4 96,N5,1,0,0,0,0
4 96,N5,2,0,0,0,0
4 96,N5,3,0,0,0,0
4 96,N10,1,0,0,0,0
4 96,N10,2,0,0,0,0
4 96,N10,3,0,0,0,0
4 96,E5,1,1,1,0,0
4 96,E5,2,0,0,0,0
4 96,E5,3,0,0,0,0
4 96,E10,1,0,0,0,0
4 96,E10,2,0,0,0,0
4 96,E10,3,0,0,0,0
4 96,S5,1,0,0,0,0
4 96,S5,2,0,0,0,0
4 96,S5,3,0,0,0,0
4 96,S10,1,1,0,0,0
4 96,S10,2,0,0,0,0
4 96,S10,3,0,0,0,0
4 96,W5,1,1,0,0,0
4 96,W5,2,0,0,0,0
4 96,W5,3,0,0,0,0
4 96,W10,1,0,0,0,0
4 96,W10,2,0,0,0,0
4 96,W10,3,0,0,0,0
4 97,N5,1,0,0,0,0
4 97,N5,2,0,0,0,0
4 97,N5,3,0,0,0,0
4 97,N10,1,0,0,0,0
4 97,N10,2,0,0,0,0
4 97,N10,3,0,0,0,0
4 97,E5,1,0,0,0,0
4 97,E5,2,0,0,0,0
4 97,E5,3,0,0,0,0
4 97,E10,1,1,0,0,0
4 97,E10,2,0,0,0,0
4 97,E10,3,0,0,0,0
4 97,S5,1,1,0,0,0
4 97,S5,2,0,0,0,0
4 97,S5,3,0,0,0,0
4 97,S10,1,0,0,0,0
4 97,S10,2,0,0,0,0
4 97,S10,3,0,0,0,0
4 97,W5,1,0,0,0,0
4 97,W5,2,0,0,0,0
4 97,W5,3,0,0,0,0
4 97,W10,1,0,0,0,0
4 97,W10,2,0,0,0,0
4 97,W10,3,0,0,0,0
5 00,N5,1,1,0,0,0
5 00,N5,2,0,0,0,0
5 00,N5,3,0,0,0,0
5 00,N10,1,1,1,0,0
5 00,N10,2,0,1,0,0
5 00,N10,3,0,0,1,0
5 00,E5,1,1,1,0,0
5 00,E5,2,0,1,0,0
5 00,E5,3,0,0,0,0
5 00,E10,1,1,0,0,0
5 00,E10,2,0,1,0,0
5 00,E10,3,0,0,0,0
5 00,S5,1,0,1,0,0
5 00,S5,2,0,0,0,0
5 00,S5,3,0,0,0,0
5 00,S10,1,1,1,0,0
5 00,S10,2,0,0,0,0
5 00,S10,3,0,0,0,0
5 00,W5,1,0,1,0,0
5 00,W5,2,0,0,0,0
5 00,W5,3,0,0,0,0
5 00,W10,1,0,1,0,0
5 00,W10,2,0,1,0,0
5 00,W10,3,0,1,0,0
5 06,N5,1,0,0,0,0
5 06,N5,2,0,0,0,0
5 06,N5,3,0,0,0,0
5 06,N10,1,0,0,0,0
5 06,N10,2,0,0,0,0
5 06,N10,3,0,0,0,0
5 06,E5,1,0,1,0,0
5 06,E5,2,0,0,0,0
5 06,E5,3,0,0,0,0
5 06,E10,1,0,0,0,0
5 06,E10,2,0,0,0,0
5 06,E10,3,0,0,0,0
5 06,S5,1,1,0,0,0
5 06,S5,2,1,0,0,0
5 06,S5,3,0,0,0,0
5 06,S10,1,0,0,0,0
5 06,S10,2,0,0,0,0
5 06,S10,3,0,0,0,0
5 06,W5,1,0,0,0,0
5 06,W5,2,0,0,0,0
5 06,W5,3,0,0,0,0
5 06,W10,1,0,0,0,0
5 06,W10,2,1,0,0,0
5 06,W10,3,0,0,0,0
5 07,N5,1,1,0,0,0
5 07,N5,2,0,0,0,0
5 07,N5,3,0,0,0,0
5 07,N10,1,1,0,0,0
5 07,N10,2,0,0,0,0
5 07,N10,3,0,0,0,0
5 07,E5,1,1,0,0,0
5 07,E5,2,0,0,0,0
5 07,E5,3,0,0,0,0
5 07,E10,1,1,0,0,0
5 07,E10,2,0,0,0,0
5 07,E10,3,0,0,0,0
5 07,S5,1,0,0,1,0
5 07,S5,2,0,0,0,0
5 07,S5,3,0,0,0,0
5 07,S10,1,0,0,1,0
5 07,S10,2,0,0,0,0
5 07,S10,3,0,0,0,0
5 07,W5,1,1,0,1,0
5 07,W5,2,0,0,0,0
5 07,W5,3,0,0,0,0
5 07,W10,1,1,0,0,0
5 07,W10,2,0,0,0,0
5 07,W10,3,0,0,0,0
5 09,N5,1,1,0,0,0
5 09,N5,2,0,0,0,0
5 09,N5,3,0,0,0,0
5 09,N10,1,1,0,0,0
5 09,N10,2,0,0,0,0
5 09,N10,3,0,0,0,0
5 09,E5,1,1,0,0,0
5 09,E5,2,0,0,0,0
5 09,E5,3,0,0,0,0
5 09,E10,1,0,0,0,0
5 09,E10,2,0,0,0,0
5 09,E10,3,0,0,0,0
5 09,S5,1,1,0,0,0
5 09,S5,2,0,0,0,0
5 09,S5,3,0,0,0,0
5 09,S10,1,0,0,0,0
5 09,S10,2,0,0,0,0
5 09,S10,3,0,0,0,0
5 09,W5,1,1,0,0,0
5 09,W5,2,0,0,0,0
5 09,W5,3,0,0,0,0
5 09,W10,1,0,0,0,0
5 09,W10,2,1,0,0,0
5 09,W10,3,0,0,0,0
5 10,N5,1,0,0,0,0
5 10,N5,2,0,0,0,0
5 10,N5,3,0,0,0,0
5 10,N10,1,1,0,1,0
5 10,N10,2,0,0,0,0
5 10,N10,3,0,0,0,0
5 10,E5,1,0,0,0,0
5 10,E5,2,0,0,0,0
5 10,E5,3,0,0,0,0
5 10,E10,1,0,0,0,0
5 10,E10,2,0,0,0,0
5 10,E10,3,0,0,0,0
5 10,S5,1,0,0,0,0
5 10,S5,2,0,0,0,0
5 10,S5,3,0,0,0,0
5 10,S10,1,1,0,0,0
5 10,S10,2,0,0,0,0
5 10,S10,3,0,0,0,0
5 10,W5,1,0,0,0,0
5 10,W5,2,0,0,0,0
5 10,W5,3,0,0,0,0
5 10,W10,1,0,0,0,0
5 10,W10,2,0,0,0,0
5 10,W10,3,0,0,0,0
5 12,N5,1,0,0,0,0
5 12,N5,2,0,0,0,0
5 12,N5,3,0,0,0,0
5 12,N10,1,0,0,0,0
5 12,N10,2,0,0,0,0
5 12,N10,3,0,0,0,0
5 12,E5,1,0,0,0,0
5 12,E5,2,0,0,0,0
5 12,E5,3,0,0,0,0
5 12,E10,1,1,0,0,0
5 12,E10,2,0,0,0,0
5 12,E10,3,0,0,0,0
5 12,S5,1,0,0,0,0
5 12,S5,2,0,0,0,0
5 12,S5,3,0,0,0,0
5 12,S10,1,0,0,0,0
5 12,S10,2,0,0,0,0
5 12,S10,3,0,0,0,0
5 12,W5,1,0,0,0,0
5 12,W5,2,0,0,0,0
5 12,W5,3,0,0,0,0
5 12,W10,1,0,0,0,0
5 12,W10,2,0,0,0,0
5 12,W10,3,0,0,0,0
5 15,N5,1,0,0,0,0
5 15,N5,2,0,0,0,0
5 15,N5,3,0,0,0,0
5 15,N10,1,0,0,0,0
5 15,N10,2,0,0,0,0
5 15,N10,3,0,0,0,0
5 15,E5,1,0,0,0,0
5 15,E5,2,0,0,0,0
5 15,E5,3,0,0,0,0
5 15,E10,1,1,0,0,0
5 15,E10,2,0,0,0,0
5 15,E10,3,0,0,0,0
5 15,S5,1,0,0,0,0
5 15,S5,2,0,0,0,0
5 15,S5,3,0,0,0,0
5 15,S10,1,0,0,1,0
5 15,S10,2,0,0,0,0
5 15,S10,3,0,0,0,0
5 15,W5,1,0,0,0,0
5 15,W5,2,0,0,0,0
5 15,W5,3,0,0,0,0
5 15,W10,1,0,0,0,0
5 15,W10,2,0,0,0,0
5 15,W10,3,0,0,0,0
5 20,N5,1,1,0,0,0
5 20,N5,2,0,0,0,0
5 20,N5,3,0,0,0,0
5 20,N10,1,0,0,0,0
5 20,N10,2,0,0,0,0
5 20,N10,3,0,0,0,0
5 20,E5,1,0,0,0,0
5 20,E5,2,0,0,0,0
5 20,E5,3,0,0,0,0
5 20,E10,1,0,0,0,0
5 20,E10,2,0,0,0,0
5 20,E10,3,0,0,0,0
5 20,S5,1,0,0,0,0
5 20,S5,2,0,0,0,0
5 20,S5,3,0,0,0,0
5 20,S10,1,1,0,0,0
5 20,S10,2,0,0,0,0
5 20,S10,3,0,0,0,0
5 20,W5,1,0,0,0,0
5 20,W5,2,0,0,0,0
5 20,W5,3,0,0,0,0
5 20,W10,1,0,0,0,0
5 20,W10,2,0,0,0,0
5 20,W10,3,0,0,0,0
5 24,N5,1,0,0,0,0
5 24,N5,2,0,0,0,0
5 24,N5,3,0,0,0,0
5 24,N10,1,0,0,0,0
5 24,N10,2,0,0,0,0
5 24,N10,3,0,0,0,0
5 24,E5,1,0,0,0,0
5 24,E5,2,0,0,0,0
5 24,E5,3,0,0,0,0
5 24,E10,1,1,0,0,0
5 24,E10,2,0,0,0,0
5 24,E10,3,0,0,0,0
5 24,S5,1,0,0,0,0
5 24,S5,2,0,0,0,0
5 24,S5,3,0,0,0,0
5 24,S10,1,1,0,0,0
5 24,S10,2,0,0,0,0
5 24,S10,3,0,0,0,0
5 24,W5,1,0,0,0,0
5 24,W5,2,0,0,0,0
5 24,W5,3,0,0,0,0
5 24,W10,1,0,0,0,0
5 24,W10,2,0,0,0,0
5 24,W10,3,0,0,0,0
5 26,N5,1,0,0,1,0
5 26,N5,2,0,0,0,0
5 26,N5,3,0,0,0,0
5 26,N10,1,0,1,0,0
5 26,N10,2,0,0,0,0
5 26,N10,3,0,0,0,0
5 26,E5,1,0,0,0,0
5 26,E5,2,0,0,0,0
5 26,E5,3,0,0,0,0
5 26,E10,1,0,0,0,0
5 26,E10,2,0,0,0,0
5 26,E10,3,0,0,0,0
5 26,S5,1,0,0,1,0
5 26,S5,2,0,0,0,0
5 26,S5,3,0,0,0,0
5 26,S10,1,0,0,0,0
5 26,S10,2,0,0,0,0
5 26,S10,3,0,0,0,0
5 26,W5,1,1,0,0,0
5 26,W5,2,0,0,0,0
5 26,W5,3,0,0,0,0
5 26,W10,1,0,0,0,0
5 26,W10,2,0,0,0,0
5 26,W10,3,0,0,0,0
5 27,N5,1,1,0,0,0
5 27,N5,2,0,0,0,0
5 27,N5,3,0,0,0,0
5 27,N10,1,0,0,0,0
5 27,N10,2,0,0,0,0
5 27,N10,3,0,0,0,0
5 27,E5,1,0,0,0,0
5 27,E5,2,0,0,0,0
5 27,E5,3,0,0,0,0
5 27,E10,1,0,1,0,0
5 27,E10,2,0,0,0,0
5 27,E10,3,0,0,0,0
5 27,S5,1,0,1,0,0
5 27,S5,2,0,0,0,0
5 27,S5,3,0,0,0,0
5 27,S10,1,1,0,0,0
5 27,S10,2,0,0,0,0
5 27,S10,3,0,0,0,0
5 27,W5,1,0,0,0,0
5 27,W5,2,0,0,0,0
5 27,W5,3,0,0,0,0
5 27,W10,1,0,0,0,0
5 27,W10,2,0,0,0,0
5 27,W10,3,0,0,0,0
5 30,N5,1,0,0,0,0
5 30,N5,2,0,0,0,0
5 30,N5,3,0,0,0,0
5 30,N10,1,0,0,1,0
5 30,N10,2,0,0,0,0
5 30,N10,3,0,0,0,0
5 30,E5,1,0,0,0,0
5 30,E5,2,0,0,0,0
5 30,E5,3,0,0,0,0
5 30,E10,1,1,0,0,0
5 30,E10,2,0,0,0,0
5 30,E10,3,0,0,0,0
5 30,S5,1,0,0,1,0
5 30,S5,2,0,0,0,0
5 30,S5,3,0,0,0,0
5 30,S10,1,0,0,1,0
5 30,S10,2,0,0,0,0
5 30,S10,3,0,0,0,0
5 30,W5,1,1,0,0,0
5 30,W5,2,0,0,0,0
5 30,W5,3,0,0,0,0
5 30,W10,1,0,0,0,0
5 30,W10,2,0,1,1,0
5 30,W10,3,0,0,0,0
5 32,N5,1,0,0,0,0
5 32,N5,2,0,0,0,0
5 32,N5,3,0,0,0,0
5 32,N10,1,1,1,0,0
5 32,N10,2,0,0,0,0
5 32,N10,3,0,0,0,0
5 32,E5,1,0,0,0,0
5 32,E5,2,0,0,0,0
5 32,E5,3,0,0,0,0
5 32,E10,1,0,0,0,0
5 32,E10,2,0,0,0,0
5 32,E10,3,0,0,0,0
5 32,S5,1,0,1,0,0
5 32,S5,2,0,0,0,0
5 32,S5,3,0,0,0,0
5 32,S10,1,1,1,0,0
5 32,S10,2,0,0,0,0
5 32,S10,3,0,0,0,0
5 32,W5,1,0,1,0,0
5 32,W5,2,0,0,0,0
5 32,W5,3,1,0,0,0
5 32,W10,1,0,1,0,0
5 32,W10,2,0,0,0,0
5 32,W10,3,0,0,0,0
5 38,N5,1,1,0,0,0
5 38,N5,2,0,0,0,0
5 38,N5,3,0,0,0,0
5 38,N10,1,1,0,1,0
5 38,N10,2,0,0,0,0
5 38,N10,3,0,0,0,0
5 38,E5,1,1,0,0,0
5 38,E5,2,0,0,0,0
5 38,E5,3,0,0,0,0
5 38,E10,1,1,0,1,0
5 38,E10,2,0,0,0,0
5 38,E10,3,0,0,0,0
5 38,S5,1,0,0,0,0
5 38,S5,2,0,0,0,0
5 38,S5,3,0,0,0,0
5 38,S10,1,0,1,0,0
5 38,S10,2,0,0,0,0
5 38,S10,3,0,0,0,0
5 38,W5,1,0,1,0,0
5 38,W5,2,0,0,0,0
5 38,W5,3,0,0,0,0
5 38,W10,1,1,1,0,0
5 38,W10,2,1,0,0,0
5 38,W10,3,0,0,0,0
5 54,N5,1,1,0,0,0
5 54,N5,2,0,0,0,0
5 54,N5,3,0,0,0,0
5 54,N10,1,1,0,0,0
5 54,N10,2,0,0,0,0
5 54,N10,3,0,0,1,0
5 54,E5,1,0,0,0,1
5 54,E5,2,0,0,0,0
5 54,E5,3,0,0,0,0
5 54,E10,1,1,0,0,0
5 54,E10,2,0,0,0,0
5 54,E10,3,0,0,0,0
5 54,S5,1,1,0,0,1
5 54,S5,2,0,0,0,0
5 54,S5,3,0,0,0,0
5 54,S10,1,1,0,0,0
5 54,S10,2,0,0,0,0
5 54,S10,3,0,0,0,0
5 54,W5,1,1,0,0,0
5 54,W5,2,0,0,1,0
5 54,W5,3,0,0,0,0
5 54,W10,1,1,0,0,0
5 54,W10,2,0,0,1,0
5 54,W10,3,0,0,0,0
5 55,N5,1,1,0,0,0
5 55,N5,2,0,0,0,0
5 55,N5,3,0,0,0,0
5 55,N10,1,1,0,0,0
5 55,N10,2,0,0,0,0
5 55,N10,3,0,0,0,0
5 55,E5,1,1,1,0,0
5 55,E5,2,0,0,0,0
5 55,E5,3,0,0,0,0
5 55,E10,1,1,0,1,0
5 55,E10,2,0,0,0,0
5 55,E10,3,0,0,0,0
5 55,S5,1,1,0,0,0
5 55,S5,2,0,0,0,0
5 55,S5,3,0,0,0,0
5 55,S10,1,1,1,0,0
5 55,S10,2,0,0,0,0
5 55,S10,3,0,0,0,0
5 55,W5,1,1,0,0,0
5 55,W5,2,0,0,0,0
5 55,W5,3,0,0,0,0
5 55,W10,1,1,0,0,0
5 55,W10,2,0,0,0,0
5 55,W10,3,0,0,0,0
5 56,N5,1,1,0,0,0
5 56,N5,2,0,0,0,0
5 56,N5,3,0,0,1,0
5 56,N10,1,1,0,0,0
5 56,N10,2,0,0,0,0
5 56,N10,3,0,0,0,0
5 56,E5,1,0,0,0,0
5 56,E5,2,0,0,0,0
5 56,E5,3,0,0,0,0
5 56,E10,1,0,0,0,0
5 56,E10,2,0,0,0,0
5 56,E10,3,0,0,0,0
5 56,S5,1,1,0,1,0
5 56,S5,2,0,0,0,0
5 56,S5,3,0,0,0,0
5 56,S10,1,0,0,1,0
5 56,S10,2,0,0,0,0
5 56,S10,3,0,0,0,0
5 56,W5,1,0,0,1,0
5 56,W5,2,0,0,0,0
5 56,W5,3,0,0,0,0
5 56,W10,1,1,0,1,0
5 56,W10,2,1,0,0,0
5 56,W10,3,0,0,0,0
5 58,N5,1,1,1,1,0
5 58,N5,2,0,0,0,0
5 58,N5,3,0,0,0,0
5 58,N10,1,0,0,1,0
5 58,N10,2,0,0,1,0
5 58,N10,3,0,0,0,0
5 58,E5,1,0,1,0,0
5 58,E5,2,0,0,0,0
5 58,E5,3,0,0,0,0
5 58,E10,1,1,1,1,0
5 58,E10,2,0,0,0,0
5 58,E10,3,0,0,1,0
5 58,S5,1,0,0,0,0
5 58,S5,2,0,0,0,0
5 58,S5,3,0,0,1,0
5 58,S10,1,1,1,0,0
5 58,S10,2,0,0,1,0
5 58,S10,3,0,0,0,0
5 58,W5,1,1,1,0,0
5 58,W5,2,0,0,0,0
5 58,W5,3,0,0,0,0
5 58,W10,1,1,1,0,0
5 58,W10,2,0,0,0,0
5 58,W10,3,0,0,0,0
5 59,N5,1,1,0,0,0
5 59,N5,2,0,0,0,0
5 59,N5,3,0,0,0,0
5 59,N10,1,1,0,0,0
5 59,N10,2,0,0,0,0
5 59,N10,3,0,0,0,0
5 59,E5,1,1,0,0,0
5 59,E5,2,0,0,0,0
5 59,E5,3,0,0,0,0
5 59,E10,1,1,0,0,0
5 59,E10,2,0,0,0,0
5 59,E10,3,0,0,0,0
5 59,S5,1,1,0,0,0
5 59,S5,2,0,0,0,0
5 59,S5,3,0,0,0,0
5 59,S10,1,1,0,0,0
5 59,S10,2,0,0,0,0
5 59,S10,3,0,0,0,0
5 59,W5,1,0,0,0,0
5 59,W5,2,0,0,0,0
5 59,W5,3,0,0,0,0
5 59,W10,1,1,0,0,0
5 59,W10,2,0,0,0,0
5 59,W10,3,0,0,0,0
5 64,N5,1,0,0,0,0
5 64,N5,2,1,0,0,0
5 64,N5,3,0,0,0,0
5 64,N10,1,1,0,0,0
5 64,N10,2,0,0,0,0
5 64,N10,3,0,0,0,0
5 64,E5,1,1,0,0,0
5 64,E5,2,0,0,0,0
5 64,E5,3,0,0,0,0
5 64,E10,1,1,0,1,0
5 64,E10,2,0,0,0,0
5 64,E10,3,0,0,0,0
5 64,S5,1,1,0,1,0
5 64,S5,2,0,0,0,0
5 64,S5,3,0,0,0,0
5 64,S10,1,0,0,1,0
5 64,S10,2,0,0,0,0
5 64,S10,3,0,0,0,0
5 64,W5,1,1,0,1,0
5 64,W5,2,0,0,0,0
5 64,W5,3,0,0,0,0
5 64,W10,1,0,0,1,0
5 64,W10,2,0,0,0,0
5 64,W10,3,0,0,0,0
5 65,N5,1,1,1,0,0
5 65,N5,2,0,0,0,0
5 65,N5,3,0,0,0,0
5 65,N10,1,1,0,1,0
5 65,N10,2,0,0,0,0
5 65,N10,3,0,0,0,0
5 65,E5,1,1,0,0,0
5 65,E5,2,0,0,0,0
5 65,E5,3,0,0,0,0
5 65,E10,1,1,1,0,0
5 65,E10,2,0,0,0,0
5 65,E10,3,0,0,0,0
5 65,S5,1,1,0,0,0
5 65,S5,2,0,0,0,0
5 65,S5,3,0,0,0,0
5 65,S10,1,1,0,0,0
5 65,S10,2,0,0,0,0
5 65,S10,3,0,0,0,0
5 65,W5,1,1,0,0,0
5 65,W5,2,0,0,0,0
5 65,W5,3,0,0,0,0
5 65,W10,1,1,0,0,0
5 65,W10,2,0,0,0,0
5 65,W10,3,0,0,0,0
5 75,N5,1,0,0,0,0
5 75,N5,2,0,0,0,0
5 75,N5,3,0,0,0,0
5 75,N10,1,0,0,0,0
5 75,N10,2,0,0,0,0
5 75,N10,3,1,0,0,0
5 75,E5,1,0,0,0,0
5 75,E5,2,0,0,0,0
5 75,E5,3,0,0,0,0
5 75,E10,1,0,0,0,0
5 75,E10,2,0,0,0,0
5 75,E10,3,0,0,0,0
5 75,S5,1,0,0,0,0
5 75,S5,2,0,0,0,0
5 75,S5,3,0,0,0,0
5 75,S10,1,0,0,0,0
5 75,S10,2,0,0,0,0
5 75,S10,3,0,0,0,0
5 75,W5,1,1,0,0,0
5 75,W5,2,0,0,0,0
5 75,W5,3,0,0,0,0
5 75,W10,1,0,0,0,0
5 75,W10,2,0,0,0,0
5 75,W10,3,0,0,0,0
5 77,N5,1,0,0,0,0
5 77,N5,2,0,0,0,0
5 77,N5,3,0,0,0,0
5 77,N10,1,0,0,0,0
5 77,N10,2,0,0,0,0
5 77,N10,3,0,0,0,0
5 77,E5,1,0,0,0,0
5 77,E5,2,0,0,0,0
5 77,E5,3,0,0,0,0
5 77,E10,1,1,0,0,0
5 77,E10,2,0,0,0,0
5 77,E10,3,0,0,0,0
5 77,S5,1,0,0,0,0
5 77,S5,2,0,0,0,0
5 77,S5,3,0,0,0,0
5 77,S10,1,1,0,0,0
5 77,S10,2,0,0,0,0
5 77,S10,3,0,0,0,0
5 77,W5,1,1,0,0,0
5 77,W5,2,0,0,0,0
5 77,W5,3,0,0,0,0
5 77,W10,1,0,0,0,0
5 77,W10,2,0,0,0,0
5 77,W10,3,0,0,0,0
5 81,N5,1,1,0,0,0
5 81,N5,2,0,0,0,0
5 81,N5,3,0,0,0,0
5 81,N10,1,1,1,0,0
5 81,N10,2,0,0,0,0
5 81,N10,3,0,0,0,0
5 81,E5,1,1,0,0,0
5 81,E5,2,0,0,0,0
5 81,E5,3,0,0,0,0
5 81,E10,1,1,0,0,0
5 81,E10,2,0,0,0,0
5 81,E10,3,0,0,0,0
5 81,S5,1,1,0,0,0
5 81,S5,2,0,0,0,0
5 81,S5,3,0,0,0,0
5 81,S10,1,1,0,0,0
5 81,S10,2,0,0,0,0
5 81,S10,3,0,0,0,0
5 81,W5,1,1,0,0,0
5 81,W5,2,0,0,0,0
5 81,W5,3,0,0,0,0
5 81,W10,1,1,0,0,0
5 81,W10,2,0,0,0,0
5 81,W10,3,0,0,0,0
5 85,N5,1,1,1,1,0
5 85,N5,2,0,0,0,0
5 85,N5,3,0,0,0,0
5 85,N10,1,1,0,0,0
5 85,N10,2,0,0,0,0
5 85,N10,3,0,0,0,0
5 85,E5,1,1,0,0,0
5 85,E5,2,0,0,0,0
5 85,E5,3,0,0,0,0
5 85,E10,1,1,0,0,0
5 85,E10,2,0,0,0,0
5 85,E10,3,0,0,0,0
5 85,S5,1,1,1,0,0
5 85,S5,2,0,0,0,0
5 85,S5,3,0,0,0,0
5 85,S10,1,1,0,0,0
5 85,S10,2,0,0,0,0
5 85,S10,3,0,0,0,0
5 85,W5,1,1,0,0,0
5 85,W5,2,0,0,0,0
5 85,W5,3,0,0,0,0
5 85,W10,1,1,0,0,0
5 85,W10,2,0,0,0,0
5 85,W10,3,0,0,0,0
5 86,N5,1,0,0,0,0
5 86,N5,2,1,0,0,0
5 86,N5,3,0,0,1,0
5 86,N10,1,1,0,1,0
5 86,N10,2,0,0,0,0
5 86,N10,3,0,0,0,0
5 86,E5,1,1,0,0,0
5 86,E5,2,0,0,0,0
5 86,E5,3,0,0,0,0
5 86,E10,1,0,0,0,0
5 86,E10,2,1,0,0,0
5 86,E10,3,0,0,0,0
5 86,S5,1,1,0,0,0
5 86,S5,2,1,0,1,0
5 86,S5,3,0,0,0,0
5 86,S10,1,1,0,0,0
5 86,S10,2,0,0,0,0
5 86,S10,3,0,0,0,0
5 86,W5,1,1,0,0,0
5 86,W5,2,0,0,0,0
5 86,W5,3,1,0,0,0
5 86,W10,1,1,0,0,0
5 86,W10,2,0,0,0,0
5 86,W10,3,0,0,0,0
5 87,N5,1,1,0,0,0
5 87,N5,2,0,0,0,0
5 87,N5,3,0,0,0,0
5 87,N10,1,0,0,0,0
5 87,N10,2,0,0,0,0
5 87,N10,3,0,0,0,0
5 87,E5,1,0,1,0,0
5 87,E5,2,0,0,0,0
5 87,E5,3,0,0,0,0
5 87,E10,1,0,0,0,0
5 87,E10,2,0,0,0,0
5 87,E10,3,0,0,0,0
5 87,S5,1,0,0,0,0
5 87,S5,2,0,0,0,0
5 87,S5,3,0,0,0,0
5 87,S10,1,0,0,0,0
5 87,S10,2,0,0,0,0
5 87,S10,3,0,0,0,0
5 87,W5,1,0,0,0,0
5 87,W5,2,0,0,0,0
5 87,W5,3,0,0,0,0
5 87,W10,1,0,0,0,0
5 87,W10,2,0,0,0,0
5 88,W10,3,0,0,1,0
5 88,N5,2,0,0,0,0
5 88,N5,3,0,0,0,0
5 88,N10,1,0,0,0,0
5 88,N10,2,0,0,0,0
5 88,N10,3,0,0,0,0
5 88,E5,1,0,0,0,0
5 88,E5,2,0,0,0,0
5 88,E5,3,0,0,0,0
5 88,E10,1,0,0,0,0
5 88,E10,2,0,0,0,0
5 88,E10,3,0,0,0,0
5 88,S5,1,1,0,1,0
5 88,S5,2,0,0,0,0
5 88,S5,3,0,0,0,0
5 88,S10,1,1,0,0,0
5 88,S10,2,0,0,0,0
5 88,S10,3,0,0,0,0
5 88,W5,1,0,0,1,0
5 88,W5,2,0,0,0,0
5 88,W5,3,0,0,0,0
5 88,W10,1,0,0,0,0
5 88,W10,2,0,0,0,0
5 88,W10,3,0,0,0,0
5 90,N5,1,1,0,0,0
5 90,N5,2,0,0,0,0
5 90,N5,3,0,0,0,0
5 90,N10,1,0,0,0,0
5 90,N10,2,0,0,0,0
5 90,N10,3,0,0,0,0
5 90,E5,1,1,0,0,0
5 90,E5,2,0,0,0,0
5 90,E5,3,0,0,0,0
5 90,E10,1,1,0,0,0
5 90,E10,2,1,0,0,0
5 90,E10,3,1,0,0,0
5 90,S5,1,1,1,0,0
5 90,S5,2,0,0,0,0
5 90,S5,3,0,0,0,0
5 90,S10,1,1,0,1,0
5 90,S10,2,1,0,0,0
5 90,S10,3,0,0,0,0
5 90,W5,1,1,0,0,0
5 90,W5,2,0,0,0,0
5 90,W5,3,0,0,0,0
5 90,W10,1,1,0,0,0
5 90,W10,2,0,0,0,0
5 90,W10,3,0,0,0,0
5 91,N5,1,1,0,1,0
5 91,N5,2,0,0,1,0
5 91,N5,3,0,0,0,0
5 91,N10,1,1,0,0,0
5 91,N10,2,0,0,0,0
5 91,N10,3,0,0,0,0
5 91,E5,1,0,0,0,0
5 91,E5,2,0,0,0,0
5 91,E5,3,0,0,0,0
5 91,E10,1,0,0,0,0
5 91,E10,2,0,0,0,0
5 91,E10,3,0,0,0,0
5 91,S5,1,0,0,0,0
5 91,S5,2,0,0,0,0
5 91,S5,3,0,0,0,0
5 91,S10,1,1,0,0,0
5 91,S10,2,0,0,0,0
5 91,S10,3,0,0,0,0
5 91,W5,1,1,0,1,0
5 91,W5,2,0,0,0,0
5 91,W5,3,0,0,0,0
5 91,W10,1,1,0,0,0
5 91,W10,2,0,0,1,0
5 91,W10,3,0,0,0,0
5 92,N5,1,1,0,0,0
5 92,N5,2,0,0,0,0
5 92,N5,3,0,0,0,0
5 92,N10,1,1,0,0,0
5 92,N10,2,0,0,0,0
5 92,N10,3,0,0,0,0
5 92,E5,1,1,0,0,0
5 92,E5,2,0,0,0,0
5 92,E5,3,0,0,0,0
5 92,E10,1,1,0,0,0
5 92,E10,2,0,0,0,0
5 92,E10,3,0,0,0,0
5 92,S5,1,1,0,0,0
5 92,S5,2,0,0,0,0
5 92,S5,3,0,0,0,0
5 92,S10,1,1,0,0,0
5 92,S10,2,0,0,0,0
5 92,S10,3,0,0,0,0
5 92,W5,1,1,0,0,0
5 92,W5,2,0,0,0,0
5 92,W5,3,0,0,0,0
5 92,W10,1,1,0,0,0
5 92,W10,2,0,0,0,0
5 92,W10,3,0,0,0,0
5 97,N5,1,0,0,0,0
5 97,N5,2,0,0,0,0
5 97,N5,3,0,0,0,0
5 97,N10,1,0,0,0,0
5 97,N10,2,0,0,0,0
5 97,N10,3,0,0,0,0
5 97,E5,1,0,0,1,0
5 97,E5,2,0,0,0,0
5 97,E5,3,0,0,0,0
5 97,E10,1,0,0,0,0
5 97,E10,2,0,0,0,0
5 97,E10,3,0,0,0,0
5 97,S5,1,0,0,1,0
5 97,S5,2,0,0,0,0
5 97,S5,3,0,0,0,0
5 97,S10,1,0,0,0,0
5 97,S10,2,0,0,0,0
5 97,S10,3,0,0,0,0
5 97,W5,1,0,1,0,0
5 97,W5,2,0,0,0,0
5 97,W5,3,0,0,0,0
5 97,W10,1,0,0,1,0
5 97,W10,2,0,0,0,0
5 97,W10,3,0,0,0,0
5 98,N5,1,1,0,0,0
5 98,N5,2,0,0,0,0
5 98,N5,3,0,0,0,0
5 98,N10,1,1,1,0,0
5 98,N10,2,0,0,0,0
5 98,N10,3,0,0,0,0
5 98,E5,1,1,1,0,0
5 98,E5,2,0,0,0,0
5 98,E5,3,0,0,0,0
5 98,E10,1,1,0,0,0
5 98,E10,2,0,0,0,0
5 98,E10,3,0,0,0,0
5 98,S5,1,1,0,0,0
5 98,S5,2,1,0,0,0
5 98,S5,3,1,0,0,0
5 98,S10,1,1,0,0,0
5 98,S10,2,0,0,0,0
5 98,S10,3,0,0,1,0
5 98,W5,1,1,0,0,0
5 98,W5,2,0,0,0,0
5 98,W5,3,0,0,0,0
5 98,W10,1,1,0,0,0
5 98,W10,2,0,0,0,0
5 98,W10,3,0,0,0,0
6 01,N5,1,1,0,0,0
6 01,N5,2,0,0,0,0
6 01,N5,3,0,0,0,0
6 01,N10,1,1,0,0,0
6 01,N10,2,0,0,0,0
6 01,N10,3,0,0,0,0
6 01,E5,1,1,1,0,0
6 01,E5,2,0,0,0,0
6 01,E5,3,0,0,0,0
6 01,E10,1,0,0,0,0
6 01,E10,2,0,0,0,0
6 01,E10,3,0,0,0,0
6 01,S5,1,1,0,1,0
6 01,S5,2,0,0,0,0
6 01,S5,3,0,0,0,0
6 01,S10,1,1,0,0,0
6 01,S10,2,0,0,0,0
6 01,S10,3,0,0,0,0
6 01,W5,1,1,0,0,0
6 01,W5,2,0,0,0,0
6 01,W5,3,0,0,0,0
6 01,W10,1,1,0,0,0
6 01,W10,2,0,0,0,0
6 01,W10,3,0,0,0,0
6 03,N5,1,1,0,0,0
6 03,N5,2,0,0,0,0
6 03,N5,3,0,0,0,0
6 03,N10,1,1,0,0,0
6 03,N10,2,0,0,0,0
6 03,N10,3,0,0,0,0
6 03,E5,1,0,0,0,0
6 03,E5,2,0,0,0,0
6 03,E5,3,0,0,0,0
6 03,E10,1,1,0,0,0
6 03,E10,2,0,0,0,0
6 03,E10,3,0,0,0,0
6 03,S5,1,0,0,0,0
6 03,S5,2,0,0,0,0
6 03,S5,3,0,0,0,0
6 03,S10,1,0,0,0,0
6 03,S10,2,0,0,0,0
6 03,S10,3,0,0,0,0
6 03,W5,1,1,0,0,0
6 03,W5,2,0,0,0,0
6 03,W5,3,0,0,0,0
6 03,W10,1,1,0,0,0
6 03,W10,2,0,0,0,0
6 03,W10,3,0,0,0,0
6 04,N5,1,1,0,0,0
6 04,N5,2,0,0,0,0
6 04,N5,3,0,0,0,0
6 04,N10,1,1,0,0,0
6 04,N10,2,1,0,0,0
6 04,N10,3,0,0,0,0
6 04,E5,1,1,0,0,0
6 04,E5,2,0,0,0,0
6 04,E5,3,0,0,0,0
6 04,E10,1,1,0,0,0
6 04,E10,2,0,0,0,0
6 04,E10,3,0,0,0,0
6 04,S5,1,1,1,0,0
6 04,S5,2,0,0,0,0
6 04,S5,3,0,0,0,0
6 04,S10,1,1,0,0,0
6 04,S10,2,0,0,0,0
6 04,S10,3,0,0,0,0
6 04,W5,1,0,0,0,0
6 04,W5,2,0,0,0,0
6 04,W5,3,0,0,0,0
6 04,W10,1,1,0,0,0
6 04,W10,2,0,0,0,0
6 04,W10,3,0,0,0,0
6 05,N5,1,1,0,0,0
6 05,N5,2,0,0,0,0
6 05,N5,3,0,0,0,0
6 05,N10,1,1,0,0,0
6 05,N10,2,0,0,0,0
6 05,N10,3,0,0,0,0
6 05,E5,1,1,0,0,0
6 05,E5,2,0,0,0,0
6 05,E5,3,0,0,0,0
6 05,E10,1,0,0,0,0
6 05,E10,2,0,0,0,0
6 05,E10,3,0,0,0,0
6 05,S5,1,1,1,0,0
6 05,S5,2,0,0,0,0
6 05,S5,3,0,0,0,0
6 05,S10,1,1,0,0,0
6 05,S10,2,0,0,0,0
6 05,S10,3,0,0,0,0
6 05,W5,1,0,0,0,0
6 05,W5,2,0,0,0,0
6 05,W5,3,0,0,0,0
6 05,W10,1,1,0,0,0
6 05,W10,2,0,0,0,0
6 05,W10,3,0,0,0,0
6 08,N5,1,1,0,0,0
6 08,N5,2,0,0,0,0
6 08,N5,3,0,0,0,0
6 08,N10,1,0,0,0,0
6 08,N10,2,0,0,0,0
6 08,N10,3,0,0,0,0
6 08,E5,1,1,0,0,0
6 08,E5,2,0,0,0,0
6 08,E5,3,0,0,0,0
6 08,E10,1,1,0,0,0
6 08,E10,2,0,0,0,0
6 08,E10,3,0,0,0,0
6 08,S5,1,1,0,1,0
6 08,S5,2,0,0,0,0
6 08,S5,3,0,0,0,0
6 08,S10,1,1,0,1,0
6 08,S10,2,0,0,1,0
6 08,S10,3,0,0,0,0
6 08,W5,1,1,0,0,0
6 08,W5,2,0,0,0,0
6 08,W5,3,0,0,0,0
6 08,W10,1,1,0,0,0
6 08,W10,2,1,0,0,0
6 08,W10,3,0,0,0,0
6 11,N5,1,1,0,1,0
6 11,N5,2,0,0,0,0
6 11,N5,3,0,0,0,0
6 11,N10,1,1,0,0,0
6 11,N10,2,1,0,0,0
6 11,N10,3,0,0,1,0
6 11,E5,1,1,0,0,0
6 11,E5,2,0,0,0,0
6 11,E5,3,0,0,0,0
6 11,E10,1,1,0,0,0
6 11,E10,2,0,0,0,0
6 11,E10,3,0,0,0,0
6 11,S5,1,0,0,0,0
6 11,S5,2,0,0,0,0
6 11,S5,3,0,0,0,0
6 11,S10,1,1,0,0,0
6 11,S10,2,0,0,0,0
6 11,S10,3,0,0,0,0
6 11,W5,1,1,0,0,0
6 11,W5,2,0,0,0,0
6 11,W5,3,0,0,0,0
6 11,W10,1,1,0,0,0
6 11,W10,2,0,0,0,0
6 11,W10,3,0,0,0,0
6 12,N5,1,1,0,0,0
6 12,N5,2,0,0,0,0
6 12,N5,3,0,0,0,0
6 12,N10,1,1,0,0,0
6 12,N10,2,1,0,0,0
6 12,N10,3,0,0,0,0
6 12,E5,1,0,0,0,0
6 12,E5,2,0,0,0,0
6 12,E5,3,0,0,0,0
6 12,E10,1,0,0,0,0
6 12,E10,2,0,0,0,0
6 12,E10,3,0,0,0,0
6 12,S5,1,0,1,0,0
6 12,S5,2,0,0,0,0
6 12,S5,3,0,0,0,0
6 12,S10,1,0,1,0,0
6 12,S10,2,0,0,0,0
6 12,S10,3,0,0,0,0
6 12,W5,1,1,1,0,0
6 12,W5,2,0,0,0,0
6 12,W5,3,0,0,0,0
6 12,W10,1,0,0,0,0
6 12,W10,2,1,0,0,0
6 12,W10,3,0,0,0,0
6 13,N5,1,0,0,0,0
6 13,N5,2,0,0,0,0
6 13,N5,3,0,0,0,0
6 13,N10,1,0,0,0,0
6 13,N10,2,0,0,0,0
6 13,N10,3,0,0,0,0
6 13,E5,1,0,0,0,0
6 13,E5,2,0,0,0,0
6 13,E5,3,0,0,0,0
6 13,E10,1,0,0,0,0
6 13,E10,2,0,0,0,0
6 13,E10,3,0,0,0,0
6 13,S5,1,0,0,0,0
6 13,S5,2,0,1,0,0
6 13,S5,3,0,0,0,0
6 13,S10,1,0,0,0,0
6 13,S10,2,1,1,0,0
6 13,S10,3,0,1,0,0
6 13,W5,1,0,0,0,0
6 13,W5,2,0,0,0,0
6 13,W5,3,0,0,0,0
6 13,W10,1,0,0,0,0
6 13,W10,2,0,0,0,0
6 13,W10,3,0,0,0,0
6 19,N5,1,1,1,0,0
6 19,N5,2,0,0,0,0
6 19,N5,3,0,0,0,0
6 19,N10,1,1,0,0,0
6 19,N10,2,0,0,0,0
6 19,N10,3,0,0,0,0
6 19,E5,1,0,0,0,0
6 19,E5,2,1,0,0,0
6 19,E5,3,0,0,0,0
6 19,E10,1,0,0,0,0
6 19,E10,2,0,0,0,0
6 19,E10,3,0,0,0,0
6 19,S5,1,1,1,0,0
6 19,S5,2,0,0,0,0
6 19,S5,3,0,0,0,0
6 19,S10,1,1,1,1,0
6 19,S10,2,0,0,0,0
6 19,S10,3,0,0,0,0
6 19,W5,1,1,1,1,0
6 19,W5,2,0,0,0,0
6 19,W5,3,0,0,0,0
6 19,W10,1,1,1,1,0
6 19,W10,2,0,0,1,0
6 19,W10,3,0,0,0,0
6 23,N5,1,1,0,1,0
6 23,N5,2,0,0,0,0
6 23,N5,3,0,0,0,0
6 23,N10,1,1,0,0,0
6 23,N10,2,0,0,0,0
6 23,N10,3,0,0,0,0
6 23,E5,1,0,0,1,0
6 23,E5,2,1,0,0,0
6 23,E5,3,0,0,0,0
6 23,E10,1,0,0,1,0
6 23,E10,2,0,0,0,0
6 23,E10,3,0,0,0,0
6 23,S5,1,0,0,1,0
6 23,S5,2,0,0,0,0
6 23,S5,3,0,0,0,0
6 23,S10,1,0,0,1,0
6 23,S10,2,0,0,0,0
6 23,S10,3,0,0,0,0
6 23,W5,1,0,0,1,0
6 23,W5,2,0,0,0,0
6 23,W5,3,0,0,0,0
6 23,W10,1,0,0,0,0
6 23,W10,2,0,0,1,0
6 23,W10,3,0,0,0,0
6 24,N5,1,0,0,0,0
6 24,N5,2,0,0,0,0
6 24,N5,3,0,0,0,0
6 24,N10,1,0,0,1,0
6 24,N10,2,0,0,1,0
6 24,N10,3,0,0,0,0
6 24,E5,1,0,0,0,0
6 24,E5,2,0,0,0,0
6 24,E5,3,0,0,0,0
6 24,E10,1,0,0,0,0
6 24,E10,2,0,0,0,0
6 24,E10,3,0,0,0,0
6 24,S5,1,1,0,0,0
6 24,S5,2,0,0,0,0
6 24,S5,3,0,0,0,0
6 24,S10,1,0,0,0,0
6 24,S10,2,0,0,0,0
6 24,S10,3,0,0,0,0
6 24,W5,1,0,0,0,0
6 24,W5,2,0,0,0,0
6 24,W5,3,0,0,0,0
6 24,W10,1,0,0,0,0
6 24,W10,2,0,0,0,0
6 24,W10,3,0,0,0,0
6 28,N5,1,1,0,0,0
6 28,N5,2,0,0,0,0
6 28,N5,3,0,0,0,0
6 28,N10,1,1,0,0,0
6 28,N10,2,0,0,0,0
6 28,N10,3,0,0,0,0
6 28,E5,1,1,0,0,0
6 28,E5,2,0,0,0,0
6 28,E5,3,0,0,0,0
6 28,E10,1,1,1,0,0
6 28,E10,2,0,0,0,0
6 28,E10,3,0,0,0,0
6 28,S5,1,1,0,0,0
6 28,S5,2,0,0,0,0
6 28,S5,3,0,0,0,0
6 28,S10,1,1,1,0,0
6 28,S10,2,0,0,0,0
6 28,S10,3,0,0,0,0
6 28,W5,1,1,0,0,0
6 28,W5,2,0,0,0,0
6 28,W5,3,0,0,0,0
6 28,W10,1,1,0,0,0
6 28,W10,2,0,0,0,0
6 28,W10,3,0,0,0,0
6 29,N5,1,1,0,0,0
6 29,N5,2,0,1,1,0
6 29,N5,3,0,0,0,0
6 29,N10,1,1,1,0,0
6 29,N10,2,1,0,1,0
6 29,N10,3,0,0,0,0
6 29,E5,1,1,0,1,0
6 29,E5,2,0,0,0,0
6 29,E5,3,0,0,0,0
6 29,E10,1,0,0,1,0
6 29,E10,2,0,1,1,0
6 29,E10,3,0,0,0,0
6 29,S5,1,0,0,1,0
6 29,S5,2,0,0,1,0
6 29,S5,3,0,0,0,0
6 29,S10,1,1,0,0,0
6 29,S10,2,0,0,1,0
6 29,S10,3,0,0,0,0
6 29,W5,1,1,0,0,0
6 29,W5,2,0,0,0,0
6 29,W5,3,0,0,0,0
6 29,W10,1,1,0,1,0
6 29,W10,2,0,0,0,0
6 29,W10,3,0,0,0,0
6 33,N5,1,0,0,0,0
6 33,N5,2,0,0,0,0
6 33,N5,3,0,0,0,0
6 33,N10,1,1,0,1,0
6 33,N10,2,0,0,0,0
6 33,N10,3,0,0,0,0
6 33,E5,1,0,0,0,0
6 33,E5,2,0,0,0,0
6 33,E5,3,0,0,0,0
6 33,E10,1,0,0,0,0
6 33,E10,2,0,0,0,0
6 33,E10,3,0,0,0,0
6 33,S5,1,0,1,1,0
6 33,S5,2,0,0,0,0
6 33,S5,3,0,0,0,0
6 33,S10,1,0,0,0,0
6 33,S10,2,0,0,0,0
6 33,S10,3,0,0,0,0
6 33,W5,1,0,0,0,0
6 33,W5,2,0,0,0,0
6 33,W5,3,0,0,0,0
6 33,W10,1,0,1,0,0
6 33,W10,2,0,0,0,0
6 33,W10,3,0,0,0,0
6 35,N5,1,0,0,0,0
6 35,N5,2,0,0,0,0
6 35,N5,3,0,0,0,0
6 35,N10,1,0,0,0,0
6 35,N10,2,0,0,1,0
6 35,N10,3,0,0,0,0
6 35,E5,1,0,0,0,0
6 35,E5,2,0,0,0,0
6 35,E5,3,0,0,0,0
6 35,E10,1,0,0,1,0
6 35,E10,2,0,0,0,0
6 35,E10,3,0,0,0,0
6 35,S5,1,0,0,0,0
6 35,S5,2,0,0,0,0
6 35,S5,3,0,0,0,0
6 35,S10,1,0,0,0,0
6 35,S10,2,0,0,0,0
6 35,S10,3,0,0,0,0
6 35,W5,1,0,0,0,0
6 35,W5,2,0,0,0,0
6 35,W5,3,0,0,0,0
6 35,W10,1,0,0,0,0
6 35,W10,2,0,0,1,0
6 35,W10,3,0,0,0,0
6 37,N5,1,1,1,0,0
6 37,N5,2,0,0,1,0
6 37,N5,3,0,0,0,0
6 37,N10,1,0,0,1,0
6 37,N10,2,0,0,0,0
6 37,N10,3,0,0,0,0
6 37,E5,1,1,1,1,0
6 37,E5,2,0,0,1,0
6 37,E5,3,0,0,0,0
6 37,E10,1,0,0,1,0
6 37,E10,2,0,0,1,0
6 37,E10,3,0,0,0,0
6 37,S5,1,1,0,1,0
6 37,S5,2,0,0,1,0
6 37,S5,3,0,0,0,0
6 37,S10,1,0,1,1,0
6 37,S10,2,0,0,0,0
6 37,S10,3,0,0,0,0
6 37,W5,1,1,1,1,0
6 37,W5,2,0,0,1,0
6 37,W5,3,0,0,0,0
6 37,W10,1,1,0,1,0
6 37,W10,2,0,0,0,0
6 37,W10,3,0,0,0,0
6 42,N5,1,0,0,0,0
6 42,N5,2,0,0,0,0
6 42,N5,3,0,0,0,0
6 42,N10,1,0,0,0,0
6 42,N10,2,0,0,0,0
6 42,N10,3,0,0,0,0
6 42,E5,1,0,0,0,0
6 42,E5,2,1,0,0,0
6 42,E5,3,0,0,0,0
6 42,E10,1,1,1,0,0
6 42,E10,2,0,1,0,0
6 42,E10,3,0,0,0,0
6 42,S5,1,0,0,0,0
6 42,S5,2,0,0,0,0
6 42,S5,3,0,0,0,0
6 42,S10,1,1,0,0,0
6 42,S10,2,0,0,0,0
6 42,S10,3,0,0,0,0
6 42,W5,1,1,0,0,0
6 42,W5,2,0,0,0,0
6 42,W5,3,0,0,0,0
6 42,W10,1,1,0,1,0
6 42,W10,2,0,0,0,0
6 42,W10,3,0,0,0,0
6 46,N5,1,1,0,0,0
6 46,N5,2,1,0,0,0
6 46,N5,3,0,0,0,0
6 46,N10,1,1,0,0,0
6 46,N10,2,0,0,0,0
6 46,N10,3,0,0,0,0
6 46,E5,1,1,1,0,0
6 46,E5,2,0,0,1,0
6 46,E5,3,0,0,0,0
6 46,E10,1,1,0,0,0
6 46,E10,2,0,0,0,0
6 46,E10,3,0,0,0,0
6 46,S5,1,1,0,0,0
6 46,S5,2,0,0,0,0
6 46,S5,3,0,0,0,0
6 46,S10,1,1,0,0,0
6 46,S10,2,0,0,0,0
6 46,S10,3,0,0,0,0
6 46,W5,1,1,0,0,0
6 46,W5,2,0,0,0,0
6 46,W5,3,0,0,0,0
6 46,W10,1,1,0,0,0
6 46,W10,2,0,0,0,0
6 46,W10,3,0,0,0,0
6 47,N5,1,0,0,0,0
6 47,N5,2,0,0,0,0
6 47,N5,3,0,0,0,0
6 47,N10,1,0,0,0,0
6 47,N10,2,0,0,0,0
6 47,N10,3,0,0,0,0
6 47,E5,1,0,0,0,0
6 47,E5,2,0,0,0,0
6 47,E5,3,0,0,0,0
6 47,E10,1,0,0,0,0
6 47,E10,2,0,0,0,0
6 47,E10,3,0,0,0,0
6 47,S5,1,0,0,0,0
6 47,S5,2,0,0,0,0
6 47,S5,3,0,0,0,0
6 47,S10,1,0,0,0,0
6 47,S10,2,0,0,0,0
6 47,S10,3,0,0,0,0
6 47,W5,1,1,0,0,0
6 47,W5,2,0,0,0,0
6 47,W5,3,0,0,0,0
6 47,W10,1,0,0,0,0
6 47,W10,2,0,0,0,0
6 47,W10,3,0,0,0,0
6 50,N5,1,0,0,0,0
6 50,N5,2,0,0,0,0
6 50,N5,3,0,0,0,0
6 50,N10,1,0,0,0,0
6 50,N10,2,0,0,0,0
6 50,N10,3,0,0,0,0
6 50,E5,1,0,0,0,0
6 50,E5,2,0,0,0,0
6 50,E5,3,0,0,0,0
6 50,E10,1,0,0,0,0
6 50,E10,2,0,0,0,0
6 50,E10,3,0,0,0,0
6 50,S5,1,0,0,0,0
6 50,S5,2,0,0,0,0
6 50,S5,3,0,0,0,0
6 50,S10,1,0,0,0,0
6 50,S10,2,0,0,0,0
6 50,S10,3,0,0,0,0
6 50,W5,1,0,0,0,0
6 50,W5,2,0,0,0,0
6 50,W5,3,0,0,0,0
6 50,W10,1,0,0,0,0
6 50,W10,2,0,0,0,0
6 50,W10,3,0,0,0,0
6 53,N5,1,0,0,0,0
6 53,N5,2,0,0,0,0
6 53,N5,3,0,0,0,0
6 53,N10,1,0,0,0,0
6 53,N10,2,0,0,0,0
6 53,N10,3,0,0,0,0
6 53,E5,1,0,0,0,0
6 53,E5,2,0,0,0,0
6 53,E5,3,0,0,0,0
6 53,E10,1,0,0,0,0
6 53,E10,2,0,0,0,0
6 53,E10,3,0,0,0,0
6 53,S5,1,0,0,0,0
6 53,S5,2,0,0,0,0
6 53,S5,3,0,0,0,0
6 53,S10,1,0,0,0,0
6 53,S10,2,0,0,0,0
6 53,S10,3,0,0,0,0
6 53,W5,1,0,0,0,0
6 53,W5,2,0,0,0,0
6 53,W5,3,0,0,0,0
6 53,W10,1,0,0,0,0
6 53,W10,2,0,0,0,0
6 53,W10,3,0,0,0,0
6 56,N5,1,0,1,0,0
6 56,N5,2,0,0,0,0
6 56,N5,3,0,0,0,0
6 56,N10,1,0,0,1,0
6 56,N10,2,0,0,0,0
6 56,N10,3,0,0,0,0
6 56,E5,1,1,0,1,0
6 56,E5,2,0,0,0,0
6 56,E5,3,0,0,0,0
6 56,E10,1,0,0,0,0
6 56,E10,2,0,0,0,0
6 56,E10,3,0,0,0,0
6 56,S5,1,1,1,0,0
6 56,S5,2,0,0,0,0
6 56,S5,3,0,0,0,0
6 56,S10,1,0,0,0,0
6 56,S10,2,0,0,0,0
6 56,S10,3,0,0,0,0
6 56,W5,1,1,1,1,0
6 56,W5,2,0,0,0,0
6 56,W5,3,0,0,0,0
6 56,W10,1,0,0,1,0
6 56,W10,2,0,0,0,0
6 56,W10,3,0,0,0,0
6 59,N5,1,0,1,0,0
6 59,N5,2,0,0,0,0
6 59,N5,3,0,0,1,0
6 59,N10,1,0,0,0,0
6 59,N10,2,1,0,0,0
6 59,N10,3,0,0,0,0
6 59,E5,1,0,0,0,0
6 59,E5,2,0,0,0,0
6 59,E5,3,0,0,0,0
6 59,E10,1,1,0,0,0
6 59,E10,2,0,0,0,0
6 59,E10,3,0,0,0,0
6 59,S5,1,0,0,0,0
6 59,S5,2,0,0,0,0
6 59,S5,3,0,0,0,0
6 59,S10,1,0,0,0,0
6 59,S10,2,0,0,0,0
6 59,S10,3,0,0,0,0
6 59,W5,1,1,0,0,0
6 59,W5,2,0,0,0,0
6 59,W5,3,0,0,0,0
6 59,W10,1,0,1,0,0
6 59,W10,2,0,0,0,0
6 59,W10,3,0,0,0,0
6 60,N5,1,0,0,0,0
6 60,N5,2,0,0,0,0
6 60,N5,3,0,0,0,0
6 60,N10,1,0,0,0,0
6 60,N10,2,0,0,0,0
6 60,N10,3,0,0,0,0
6 60,E5,1,0,0,0,0
6 60,E5,2,0,0,0,0
6 60,E5,3,0,0,0,0
6 60,E10,1,0,0,0,0
6 60,E10,2,0,0,0,0
6 60,E10,3,0,0,0,0
6 60,S5,1,0,0,0,0
6 60,S5,2,0,0,0,0
6 60,S5,3,1,0,0,0
6 60,S10,1,0,0,0,0
6 60,S10,2,0,0,0,0
6 60,S10,3,0,0,0,0
6 60,W5,1,1,0,0,0
6 60,W5,2,0,0,0,0
6 60,W5,3,0,0,0,0
6 60,W10,1,0,0,0,0
6 60,W10,2,0,0,0,0
6 60,W10,3,0,0,0,0
6 65,N5,1,1,1,0,0
6 65,N5,2,0,1,1,0
6 65,N5,3,0,0,0,0
6 65,N10,1,0,0,0,0
6 65,N10,2,0,0,0,0
6 65,N10,3,0,0,0,0
6 65,E5,1,0,1,0,0
6 65,E5,2,0,1,0,0
6 65,E5,3,0,0,0,0
6 65,E10,1,0,1,1,0
6 65,E10,2,0,0,1,0
6 65,E10,3,0,0,0,0
6 65,S5,1,0,1,1,0
6 65,S5,2,0,0,0,0
6 65,S5,3,0,0,0,0
6 65,S10,1,1,1,1,0
6 65,S10,2,0,0,0,0
6 65,S10,3,0,0,0,0
6 65,W5,1,0,1,1,0
6 65,W5,2,0,0,0,0
6 65,W5,3,0,0,0,0
6 65,W10,1,1,1,0,0
6 65,W10,2,0,0,0,0
6 65,W10,3,0,0,0,0
6 66,N5,1,0,0,0,0
6 66,N5,2,0,0,0,0
6 66,N5,3,0,0,0,0
6 66,N10,1,0,0,0,0
6 66,N10,2,0,0,0,0
6 66,N10,3,0,0,0,0
6 66,E5,1,1,0,0,0
6 66,E5,2,0,0,0,0
6 66,E5,3,0,0,0,0
6 66,E10,1,1,0,0,0
6 66,E10,2,0,0,0,0
6 66,E10,3,0,0,0,0
6 66,S5,1,0,0,0,0
6 66,S5,2,0,0,0,0
6 66,S5,3,0,0,0,0
6 66,S10,1,0,0,0,0
6 66,S10,2,0,0,0,0
6 66,S10,3,0,0,0,0
6 66,W5,1,1,0,1,0
6 66,W5,2,0,0,0,0
6 66,W5,3,0,0,0,0
6 66,W10,1,0,1,0,0
6 66,W10,2,0,0,0,0
6 66,W10,3,0,0,0,0
6 67,N5,1,1,0,0,1
6 67,N5,2,0,0,0,0
6 67,N5,3,0,0,0,0
6 67,N10,1,1,1,0,0
6 67,N10,2,1,0,0,0
6 67,N10,3,0,0,0,0
6 67,E5,1,1,0,0,0
6 67,E5,2,0,0,0,0
6 67,E5,3,0,0,0,0
6 67,E10,1,1,0,0,0
6 67,E10,2,0,0,0,0
6 67,E10,3,0,0,0,0
6 67,S5,1,1,0,0,0
6 67,S5,2,0,0,0,0
6 67,S5,3,0,0,0,0
6 67,S10,1,1,0,0,0
6 67,S10,2,1,0,0,0
6 67,S10,3,0,0,0,0
6 67,W5,1,1,0,0,0
6 67,W5,2,0,0,0,0
6 67,W5,3,0,0,0,0
6 67,W10,1,1,1,0,0
6 67,W10,2,0,0,0,0
6 67,W10,3,0,0,0,0
6 68,N5,1,0,0,0,0
6 68,N5,2,1,0,0,0
6 68,N5,3,0,0,0,0
6 68,N10,1,0,0,0,0
6 68,N10,2,0,0,0,0
6 68,N10,3,0,0,0,0
6 68,E5,1,1,0,1,0
6 68,E5,2,0,0,0,0
6 68,E5,3,0,0,0,0
6 68,E10,1,1,0,1,0
6 68,E10,2,0,0,0,0
6 68,E10,3,0,0,0,0
6 68,S5,1,0,0,0,0
6 68,S5,2,0,0,0,0
6 68,S5,3,0,0,0,0
6 68,S10,1,1,0,0,0
6 68,S10,2,0,0,0,0
6 68,S10,3,0,0,0,0
6 68,W5,1,1,0,0,0
6 68,W5,2,0,0,0,0
6 68,W5,3,0,0,0,0
6 68,W10,1,1,0,0,0
6 68,W10,2,0,0,0,0
6 68,W10,3,0,0,0,0
6 69,N5,1,1,0,0,0
6 69,N5,2,1,0,0,0
6 69,N5,3,0,0,0,0
6 69,N10,1,0,0,0,0
6 69,N10,2,0,0,0,0
6 69,N10,3,0,0,0,0
6 69,E5,1,0,0,0,0
6 69,E5,2,0,0,0,0
6 69,E5,3,0,0,0,0
6 69,E10,1,1,0,0,0
6 69,E10,2,0,0,0,0
6 69,E10,3,0,0,0,0
6 69,S5,1,0,0,0,0
6 69,S5,2,0,0,0,0
6 69,S5,3,0,0,0,0
6 69,S10,1,0,0,0,0
6 69,S10,2,0,0,0,0
6 69,S10,3,0,0,0,0
6 69,W5,1,0,0,0,0
6 69,W5,2,1,0,0,0
6 69,W5,3,0,0,0,0
6 69,W10,1,1,0,0,0
6 69,W10,2,0,0,0,0
6 69,W10,3,0,0,0,0
6 70,N5,1,1,0,0,0
6 70,N5,2,0,0,0,0
6 70,N5,3,0,0,0,0
6 70,N10,1,0,0,0,0
6 70,N10,2,0,0,0,0
6 70,N10,3,0,0,0,0
6 70,E5,1,0,0,0,0
6 70,E5,2,0,1,0,0
6 70,E5,3,0,0,0,0
6 70,E10,1,1,0,0,0
6 70,E10,2,0,0,0,0
6 70,E10,3,0,0,0,0
6 70,S5,1,0,0,0,0
6 70,S5,2,0,0,0,0
6 70,S5,3,0,0,0,0
6 70,S10,1,1,0,0,0
6 70,S10,2,1,0,0,0
6 70,S10,3,0,0,0,0
6 70,W5,1,1,0,0,0
6 70,W5,2,0,0,0,0
6 70,W5,3,0,0,0,0
6 70,W10,1,1,0,0,0
6 70,W10,2,0,0,0,0
6 70,W10,3,0,0,0,0
6 72,N5,1,1,0,0,0
6 72,N5,2,0,0,0,0
6 72,N5,3,0,0,0,0
6 72,N10,1,1,0,0,0
6 72,N10,2,0,0,0,0
6 72,N10,3,0,0,0,0
6 72,E5,1,1,0,0,0
6 72,E5,2,0,0,0,0
6 72,E5,3,0,0,0,0
6 72,E10,1,1,0,0,0
6 72,E10,2,0,0,0,0
6 72,E10,3,0,0,0,0
6 72,S5,1,1,0,0,0
6 72,S5,2,0,0,0,0
6 72,S5,3,0,0,0,0
6 72,S10,1,1,0,0,0
6 72,S10,2,0,0,0,0
6 72,S10,3,0,0,0,0
6 72,W5,1,1,0,0,0
6 72,W5,2,0,0,0,0
6 72,W5,3,0,0,0,0
6 72,W10,1,1,0,1,0
6 72,W10,2,0,0,1,0
6 72,W10,3,0,0,0,0
6 77,N5,1,1,0,0,0
6 77,N5,2,0,0,0,0
6 77,N5,3,0,0,0,0
6 77,N10,1,1,0,0,0
6 77,N10,2,0,0,0,0
6 77,N10,3,0,0,0,0
6 77,E5,1,1,0,0,0
6 77,E5,2,0,0,0,0
6 77,E5,3,0,0,0,0
6 77,E10,1,1,0,0,0
6 77,E10,2,0,0,0,0
6 77,E10,3,0,0,0,0
6 77,S5,1,1,0,0,0
6 77,S5,2,0,0,0,0
6 77,S5,3,0,0,0,0
6 77,S10,1,1,0,0,0
6 77,S10,2,0,0,0,0
6 77,S10,3,0,0,0,0
6 77,W5,1,1,0,0,0
6 77,W5,2,0,0,0,0
6 77,W5,3,0,0,0,0
6 77,W10,1,0,0,0,0
6 77,W10,2,0,0,0,0
6 77,W10,3,0,0,0,0
6 78,N5,1,1,0,0,0
6 78,N5,2,0,0,0,0
6 78,N5,3,0,0,0,0
6 78,N10,1,1,0,0,0
6 78,N10,2,0,0,0,0
6 78,N10,3,0,0,0,0
6 78,E5,1,1,0,0,0
6 78,E5,2,0,0,0,0
6 78,E5,3,0,0,0,0
6 78,E10,1,1,0,0,0
6 78,E10,2,0,0,0,0
6 78,E10,3,0,0,0,0
6 78,S5,1,0,0,0,0
6 78,S5,2,0,0,0,0
6 78,S5,3,0,0,0,0
6 78,S10,1,1,0,0,0
6 78,S10,2,0,0,0,0
6 78,S10,3,0,0,0,0
6 78,W5,1,1,0,0,0
6 78,W5,2,0,0,0,0
6 78,W5,3,0,0,0,0
6 78,W10,1,1,0,0,0
6 78,W10,2,0,0,0,0
6 78,W10,3,0,0,0,0
6 81,N5,1,0,0,0,0
6 81,N5,2,0,0,0,0
6 81,N5,3,0,0,0,0
6 81,N10,1,0,0,0,0
6 81,N10,2,0,0,0,0
6 81,N10,3,0,0,0,0
6 81,E5,1,0,0,0,0
6 81,E5,2,0,0,0,0
6 81,E5,3,0,0,0,0
6 81,E10,1,0,0,0,0
6 81,E10,2,0,0,0,0
6 81,E10,3,0,0,0,0
6 81,S5,1,0,0,0,0
6 81,S5,2,1,0,0,0
6 81,S5,3,0,0,0,0
6 81,S10,1,0,0,0,0
6 81,S10,2,0,0,0,0
6 81,S10,3,0,0,0,0
6 81,W5,1,0,0,0,0
6 81,W5,2,0,0,0,0
6 81,W5,3,0,0,0,0
6 81,W10,1,0,0,0,0
6 81,W10,2,0,0,0,0
6 81,W10,3,1,1,0,0
6 82,N5,1,0,0,0,0
6 82,N5,2,0,0,0,0
6 82,N5,3,0,0,0,0
6 82,N10,1,0,0,0,0
6 82,N10,2,0,0,0,0
6 82,N10,3,0,0,0,0
6 82,E5,1,0,0,0,0
6 82,E5,2,0,0,0,0
6 82,E5,3,0,0,0,0
6 82,E10,1,0,0,0,0
6 82,E10,2,0,0,0,0
6 82,E10,3,0,0,0,0
6 82,S5,1,0,0,0,0
6 82,S5,2,0,0,1,0
6 82,S5,3,0,0,0,0
6 82,S10,1,0,0,0,0
6 82,S10,2,0,0,0,0
6 82,S10,3,0,0,0,0
6 82,W5,1,0,0,0,0
6 82,W5,2,0,0,0,0
6 82,W5,3,0,0,0,0
6 82,W10,1,0,0,0,0
6 82,W10,2,0,0,0,0
6 82,W10,3,0,0,0,0
6 84,N5,1,0,1,0,0
6 84,N5,2,0,0,0,0
6 84,N5,3,0,0,0,0
6 84,N10,1,0,1,1,0
6 84,N10,2,0,0,0,0
6 84,N10,3,0,0,0,0
6 84,E5,1,1,0,0,0
6 84,E5,2,1,0,0,0
6 84,E5,3,0,0,0,0
6 84,E10,1,1,0,0,0
6 84,E10,2,1,0,0,0
6 84,E10,3,1,0,0,0
6 84,S5,1,0,1,1,0
6 84,S5,2,0,0,0,0
6 84,S5,3,0,0,0,0
6 84,S10,1,0,1,1,0
6 84,S10,2,0,0,0,0
6 84,S10,3,0,0,0,0
6 84,W5,1,1,1,0,0
6 84,W5,2,0,0,0,0
6 84,W5,3,0,0,0,0
6 84,W10,1,1,0,0,0
6 84,W10,2,0,0,0,0
6 84,W10,3,0,0,0,0
6 85,N5,1,1,0,0,0
6 85,N5,2,0,0,0,0
6 85,N5,3,0,0,0,0
6 85,N10,1,1,0,0,0
6 85,N10,2,0,0,0,0
6 85,N10,3,0,0,0,0
6 85,E5,1,1,0,0,0
6 85,E5,2,0,0,0,0
6 85,E5,3,0,0,0,0
6 85,E10,1,1,0,0,0
6 85,E10,2,0,0,0,0
6 85,E10,3,0,0,0,0
6 85,S5,1,1,0,0,0
6 85,S5,2,0,0,0,0
6 85,S5,3,0,0,0,0
6 85,S10,1,1,0,0,0
6 85,S10,2,0,0,0,0
6 85,S10,3,0,0,0,0
6 85,W5,1,1,0,0,0
6 85,W5,2,0,0,0,0
6 85,W5,3,0,0,0,0
6 85,W10,1,1,0,0,0
6 85,W10,2,0,0,0,0
6 85,W10,3,0,0,0,0
6 88,N5,1,1,0,1,0
6 88,N5,2,0,0,0,0
6 88,N5,3,0,0,0,0
6 88,N10,1,0,0,0,0
6 88,N10,2,0,0,0,0
6 88,N10,3,0,0,0,0
6 88,E5,1,0,0,0,0
6 88,E5,2,0,0,0,0
6 88,E5,3,0,0,0,0
6 88,E10,1,1,0,0,0
6 88,E10,2,0,0,0,0
6 88,E10,3,0,0,0,0
6 88,S5,1,1,0,0,0
6 88,S5,2,0,0,0,0
6 88,S5,3,0,0,0,0
6 88,S10,1,0,0,0,0
6 88,S10,2,0,0,0,0
6 88,S10,3,0,0,0,0
6 88,W5,1,1,0,0,0
6 88,W5,2,0,0,0,0
6 88,W5,3,0,0,0,0
6 88,W10,1,1,0,1,0
6 88,W10,2,0,0,0,0
6 88,W10,3,0,0,0,0
6 89,N5,1,0,0,0,0
6 89,N5,2,1,0,0,0
6 89,N5,3,0,0,0,0
6 89,N10,1,1,0,0,0
6 89,N10,2,1,0,0,0
6 89,N10,3,0,0,0,0
6 89,E5,1,0,0,0,0
6 89,E5,2,0,0,0,0
6 89,E5,3,0,0,0,0
6 89,E10,1,0,0,0,0
6 89,E10,2,0,0,0,0
6 89,E10,3,0,0,0,0
6 89,S5,1,0,0,0,0
6 89,S5,2,0,0,0,0
6 89,S5,3,0,0,0,0
6 89,S10,1,0,0,0,0
6 89,S10,2,0,0,0,0
6 89,S10,3,0,0,0,0
6 89,W5,1,0,1,0,0
6 89,W5,2,0,0,0,0
6 89,W5,3,0,0,0,0
6 89,W10,1,0,0,0,0
6 89,W10,2,1,0,0,0
6 89,W10,3,0,0,0,0
6 90,N5,1,0,0,0,0
6 90,N5,2,0,0,0,0
6 90,N5,3,0,0,0,0
6 90,N10,1,1,0,0,0
6 90,N10,2,0,0,0,0
6 90,N10,3,0,0,0,0
6 90,E5,1,1,0,0,0
6 90,E5,2,0,0,0,0
6 90,E5,3,0,0,0,0
6 90,E10,1,1,0,0,0
6 90,E10,2,0,0,0,0
6 90,E10,3,0,0,0,0
6 90,S5,1,1,0,0,0
6 90,S5,2,0,0,0,0
6 90,S5,3,0,0,0,0
6 90,S10,1,1,0,1,0
6 90,S10,2,0,0,0,0
6 90,S10,3,0,0,0,0
6 90,W5,1,0,0,0,0
6 90,W5,2,0,0,0,0
6 90,W5,3,0,0,0,0
6 90,W10,1,1,0,0,0
6 90,W10,2,0,0,0,0
6 90,W10,3,0,0,0,0
6 91,N5,1,1,0,0,0
6 91,N5,2,0,0,0,0
6 91,N5,3,0,0,0,0
6 91,N10,1,1,0,0,0
6 91,N10,2,0,0,0,0
6 91,N10,3,0,0,0,0
6 91,E5,1,1,0,1,0
6 91,E5,2,0,0,0,0
6 91,E5,3,0,0,0,0
6 91,E10,1,1,0,0,0
6 91,E10,2,0,0,0,0
6 91,E10,3,0,0,0,0
6 91,S5,1,1,0,0,0
6 91,S5,2,0,0,0,0
6 91,S5,3,0,0,0,0
6 91,S10,1,1,1,0,0
6 91,S10,2,0,0,0,0
6 91,S10,3,0,0,0,0
6 91,W5,1,0,0,0,0
6 91,W5,2,0,0,0,0
6 91,W5,3,0,0,0,0
6 91,W10,1,1,0,1,0
6 91,W10,2,0,0,0,0
6 91,W10,3,0,0,0,0
6 92,N5,1,1,1,0,0
6 92,N5,2,0,0,0,0
6 92,N5,3,0,0,0,0
6 92,N10,1,1,0,0,0
6 92,N10,2,1,0,0,0
6 92,N10,3,0,0,0,0
6 92,E5,1,1,0,0,0
6 92,E5,2,0,0,0,0
6 92,E5,3,0,0,0,0
6 92,E10,1,1,0,0,0
6 92,E10,2,0,0,0,0
6 92,E10,3,0,0,0,0
6 92,S5,1,1,0,0,0
6 92,S5,2,0,0,0,0
6 92,S5,3,0,0,0,0
6 92,S10,1,1,0,0,0
6 92,S10,2,0,0,0,0
6 92,S10,3,0,0,0,0
6 92,W5,1,1,0,0,0
6 92,W5,2,0,0,0,0
6 92,W5,3,0,0,0,0
6 92,W10,1,0,0,0,0
6 92,W10,2,0,0,0,0
6 92,W10,3,0,0,0,0
6 93,N5,1,0,0,0,0
6 93,N5,2,0,0,0,0
6 93,N5,3,0,0,0,0
6 93,N10,1,1,0,0,0
6 93,N10,2,0,0,1,0
6 93,N10,3,0,0,0,0
6 93,E5,1,1,0,0,0
6 93,E5,2,0,2,0,0
6 93,E5,3,0,0,0,0
6 93,E10,1,1,0,0,0
6 93,E10,2,0,0,0,0
6 93,E10,3,0,0,0,0
6 93,S5,1,0,0,0,0
6 93,S5,2,0,0,1,0
6 93,S5,3,0,0,0,0
6 93,S10,1,1,0,1,0
6 93,S10,2,0,0,0,0
6 93,S10,3,0,0,0,0
6 93,W5,1,1,0,0,0
6 93,W5,2,0,0,0,0
6 93,W5,3,0,0,0,0
6 93,W10,1,1,0,0,0
6 93,W10,2,0,0,0,0
6 93,W10,3,0,0,0,0
6 96,N5,1,1,0,1,0
6 96,N5,2,0,0,0,0
6 96,N5,3,0,0,0,0
6 96,N10,1,1,0,0,0
6 96,N10,2,0,0,0,0
6 96,N10,3,0,0,0,0
6 96,E5,1,1,0,1,0
6 96,E5,2,0,0,0,0
6 96,E5,3,0,1,0,0
6 96,E10,1,0,0,0,0
6 96,E10,2,0,0,0,0
6 96,E10,3,0,0,0,0
6 96,S5,1,0,0,1,0
6 96,S5,2,0,1,1,0
6 96,S5,3,0,0,1,0
6 96,S10,1,1,0,1,0
6 96,S10,2,0,0,1,0
6 96,S10,3,0,0,1,0
6 96,W5,1,0,0,1,0
6 96,W5,2,0,0,1,0
6 96,W5,3,0,0,0,0
6 96,W10,1,0,0,0,0
6 96,W10,2,0,0,0,0
6 96,W10,3,0,0,0,0