plot,subplot,gesp,genus,species,count
S8,1,TSCA,Tsuga,canadensis,2
S8,1,ACSA,Acer,saccharum,15
S8,1,ACRU,Acer,rubrum,6
S8,1,BELE,Betula,lenta,7
S8,1,ACPE,Acer,pensylvanicum,2
S8,1,BEAL,Betula,alleghaniensis,15
S8,1,FAGR,Fagus,grandifolia,1
S8,2,FAGR,Fagus,grandifolia,3
S8,2,ACRU,Acer,rubrum,8
S8,2,PIST,Pinus,strobus,13
S8,2,BEAL,Betula,alleghaniensis,9
S8,2,BELE,Betula,lenta,4
S8,2,TSCA,Tsuga,canadensis,4
S8,2,PRSE,Prunus,serotina,1
S8,3,PIST,Pinus,strobus,18
S8,3,BELE,Betula,lenta,17
S8,3,TSCA,Tsuga,canadensis,7
S8,3,ACRU,Acer,rubrum,8
S8,3,BEAL,Betula,alleghaniensis,7
S8,3,FAGR,Fagus,grandifolia,1
S8,3,ACSA,Acer,saccharum,3
S8,3,PRSE,Prunus,serotina,2
S8,3,ACPE,Acer,pensylvanicum,2
Q9,3,PIST,Pinus,strobus,95
Q9,3,BELE,Betula,lenta,2
Q9,3,CADE,Castanea,dentata,1
Q9,3,ACRU,Acer,rubrum,3
Q9,3,PRSE,Prunus,serotina,2
Q9,3,BEAL,Betula,alleghaniensis,1
Q9,3,CAOV,Carya,ovata,1
QH,2,PIST,Pinus,strobus,4
QH,2,TSCA,Tsuga,canadensis,37
QH,2,BELE,Betula,lenta,1
QH,3,PIST,Pinus,strobus,89
QH,3,TSCA,Tsuga,canadensis,53
QH,1,PIST,Pinus,strobus,31
QH,1,TSCA,Tsuga,canadensis,9
QH,1,BELE,Betula,lenta,1
Q8,2,BELE,Betula,lenta,21
Q8,3,PIST,Pinus,strobus,2
Q8,3,BELE,Betula,lenta,1
SC,1,TSCA,Tsuga,canadensis,2
SC,2,BELE,Betula,lenta,3
SC,2,FAGR,Fagus,grandifolia,15
SC,2,ACPE,Acer,pensylvanicum,1
SC,2,CADE,Castanea,dentata,6
SC,2,TSCA,Tsuga,canadensis,3
SC,3,TSCA,Tsuga,canadensis,3
SC,3,CADE,Castanea,dentata,2
SC,3,FAGR,Fagus,grandifolia,1
Q1,1,ACRU,Acer,rubrum,2
Q1,1,BELE,Betula,lenta,1
Q1,2,CADE,Castanea,dentata,2
Q1,2,BELE,Betula,lenta,2
Q1,2,TSCA,Tsuga,canadensis,2
Q1,3,CRSP,Crataegus,sp,1
Q1,3,PIST,Pinus,strobus,4
Q1,3,TSCA,Tsuga,canadensis,3
Q1,3,ACRU,Acer,rubrum,2
Q3,1,BELE,Betula,lenta,13
Q3,1,CADE,Castanea,dentata,1
Q3,1,PIST,Pinus,strobus,11
Q3,2,BELE,Betula,lenta,54
Q3,2,PIST,Pinus,strobus,3
Q3,2,BEAL,Betula,alleghaniensis,6
Q3,3,BELE,Betula,lenta,34
Q3,3,PIST,Pinus,strobus,40
Q3,3,CADE,Castanea,dentata,3
Q3,3,BEAL,Betula,alleghaniensis,1
Q6,1,BELE,Betula,lenta,7
Q6,1,PIST,Pinus,strobus,39
Q6,1,BEAL,Betula,alleghaniensis,2
Q6,1,CADE,Castanea,dentata,25
Q6,1,ACRU,Acer,rubrum,3
Q6,1,QUVE,Quercus,velutina,1
Q6,2,PIST,Pinus,strobus,90
Q6,2,QURU,Quercus,rubra,2
Q6,2,ACRU,Acer,rubrum,2
Q6,2,CADE,Castanea,dentata,3
Q6,2,QUAL,Quercus,alba,1
Q6,3,PIST,Pinus,strobus,183
Q6,3,ACRU,Acer,rubrum,9
Q6,3,CADE,Castanea,dentata,14
Q6,3,BELE,Betula,lenta,1
Q6,3,BEAL,Betula,alleghaniensis,1
Q6,3,QUAL,Quercus,alba,1
Q5,1,BELE,Betula,lenta,3
Q5,2,BELE,Betula,lenta,9
Q5,2,ACRU,Acer,rubrum,6
Q5,2,CADE,Castanea,dentata,2
Q5,3,CASP,Carya,sp,1
Q5,3,ACRU,Acer,rubrum,1
Q10,1,PIST,Pinus,strobus,135
Q10,1,BELE,Betula,lenta,2
Q10,1,CADE,Castanea,dentata,13
Q10,1,ACRU,Acer,rubrum,10
Q10,1,BEAL,Betula,alleghaniensis,18
Q10,1,PRSE,Prunus,serotina,1
Q10,2,CADE,Castanea,dentata,13
Q10,2,PIST,Pinus,strobus,63
Q10,2,BEAL,Betula,alleghaniensis,24
Q10,2,ACRU,Acer,rubrum,1
Q10,3,PIST,Pinus,strobus,84
Q10,3,BEAL,Betula,alleghaniensis,63
Q10,3,BELE,Betula,lenta,16
Q10,3,CADE,Castanea,dentata,1
Q10,3,FRAM,Fraxinus,americana,1
Q9,1,PIST,Pinus,strobus,34
Q9,1,BELE,Betula,lenta,3
Q9,1,QUAL,Quercus,alba,2
Q9,2,BELE,Betula,lenta,3
Q9,2,PIST,Pinus,strobus,52
Q9,2,ACRU,Acer,rubrum,7
Q9,2,BEAL,Betula,alleghaniensis,8
Q9,2,FRAM,Fraxinus,americana,1
Q8,1,BELE,Betula,lenta,18
