plot,notes,161718cond,n.defol,forest.type,WGS84.lat,WGS84.lon,plot2019,plot2018,NSCplot,2018mean3by3,2017mean3by3,2016mean3by3,defol.sum,prop.oak,note2020
Q1,May be conifer-dominated,NYN,1,MIX,42.49707624,-72.2771696,Y,Y,Y,-0.804298,-1.52089,0.553846,-1.771,0.41666,could not find one nsc tree
Q3,Moderate in 17; low in 18,NYY,2,DEC,42.4916132,-72.2750153,Y,N,N,-0.955391,-2.75329,0.377107,-3.332,0.702873099,NA
Q5,maye be more conifer-dominated; 17/18 defoliation low-level,NYY,2,MIX,42.48709001,-72.2773038,Y,Y,Y,-1.07382,-1.37962,-0.240317,-2.694,0.695885889,NA
Q6,Severe in 16/17; Borderline deciduous/mixed,YYY,3,DEC,42.48487283,-72.2725523,Y,Y,Y,-1.64706,-2.49969,-2.35687,-6.504,0.75851494,could not find one nsc tree
Q8,Not defoliated in any year but does appear to be deciduous,NNN,0,DEC,42.47962651,-72.2696061,Y,Y,Y,0.170983,-0.144667,-0.153244,-0.127,0.192695156,NA
Q9,Moderate/low in 17/18,NYY,2,DEC,42.47751797,-72.2764984,Y,Y,Y,-1.11293,-2.34985,-0.352378,-3.815,0.836459079,Q9 nsc tree located between 2&3 close to N edge of subplot; flagging off
Q10,Moderate damage in all three years,YYY,3,DEC,42.47632012,-72.2715725,Y,Y,N,-2.41985,-2.72536,-2.27046,-7.416,0.933031833,NA
Q11,Severe damage in all three years; may be more conifer-dominated,YYY,3,MIX,42.47107309,-72.2715456,N,Y,N,-3.01365,-2.97012,-3.00203,-8.986,NA,NA
Q12,Borderline deciduous/mixed,NYN,1,DEC,42.46711277,-72.2755857,N,Y,N,0.140151,-1.68632,0.728367,-0.818,NA,NA
QH,Harris Hill,NNY,1,DEC,42.531091,-72.313361,Y,N,N,-1.91109,-0.178624,0.442769,-1.647,0.457056504,lots of hwa
SC,Slab City; Moderate in 2017; low/moderate in 2018,NYY,2,MIX,42.450813,-72.16759,Y,N,N,-1.68275,-2.0717,-0.0574927,-3.812,0.664632712,NA
S8,Simes Hemlock Removal Plot 8,NYN,1,DEC,42.46592,-72.21809,Y,N,N,-0.486063,-3.14592,-0.0953547,-3.727,0.575545216,NA
