plot,subplot,lifeform,genspe,cover.cl.2020,note,genus,species,other.name
Q8,1,tree,AMESPP,1,NA,Amelanchier,sp ,NA
Q8,1,tree,FRAAME,1,NA,Fraxinus,americana,NA
Q8,1,tree,ACERUB,1,NA,Acer,rubrum,NA
Q8,1,tree,PINSTR,1,NA,Pinus,strobus,NA
Q8,1,tree,QUERUB,1,NA,Quercus,rubra,NA
Q8,1,tree,BETLEN,1,NA,Betula,lenta,NA
Q8,1,grass/sedge/rush,CARSPP,1,NA,Carex,sp,NA
Q8,1,tree,QUEVEL,1,NA,Quercus,velutina,NA
Q8,1,tree,QUEALB,1,NA,Quercus,alba,NA
Q8,1,tree,PRUSER,1,NA,Prunus,serotina,NA
Q8,1,tree,CASDEN,1,NA,Castenea,dentata,NA
Q8,1,shrub,CRASPP,1,NA,Crataegus,sp ,NA
Q8,1,shrub,PARQUI,1,NA,Parthenocissus,quinquefolia,NA
Q8,1,shrub,VIBACE,1,NA,Viburnum,acerfolium,NA
Q8,1,shrub,HAMVIR,2,NA,Hamamelis ,virginiana,NA
Q8,1,shrub,RUBFLA,1,NA,Rubus,flagellaris,NA
Q8,1,shrub,CORCOR,1,NA,Corylus,cornuta,NA
Q8,1,shrub,MITREP,1,NA,Mitchella,repens,NA
Q8,1,shrub,VIBACE,1,NA,Viburnum,acerfolium,NA
Q8,1,shrub,VACCOR,1,NA,Vaccinium,corymbosum,NA
Q8,1,shrub,RIBSPP,1,NA,Ribes,sp,NA
Q8,1,shrub,RUBALL,1,NA,Rubus,allegheniensis,NA
Q8,1,shrub,VACANG,1,NA,Vaccinium,angustifolium,NA
Q8,1,fern/lycopod,THENOV,3,NA,Thelypteris,noveboracensis,NA
Q8,1,fern/lycopod,OSMCIN,3,NA,Osmunda,cinnamomea,NA
Q8,1,fern/lycopod,POLACR,1,NA,Polystichum,acrostichoides,christmas fern
Q8,1,fern/lycopod,OSMCLA,2,NA,Osmunda,claytoniana,NA
Q8,1,herb,UVUSES,1,NA,Uvularia,sessilifolia,NA
Q8,1,herb,MEDVIR,1,NA,Medeola,virginiana,NA
Q8,1,fern/lycopod,LYCOBS,1,NA,Lycopodium,obscurum,NA
Q8,1,grass/sedge/rush,CARPEN,1,NA,Carex,pensylvanica,NA
Q8,1,grass/sedge/rush,BRAERE,1,NA,Brachyelytrum,erectum,long awn wood grass
Q8,1,herb,MAICAN,1,NA,Maianthemum,canadense,NA
Q8,1,herb,VIOSPP,1,NA,Viola,sp,NA
Q8,1,herb,TRIBOR,1,NA,Trientalis,borealis,NA
Q8,1,herb,ASTDIV,1,NA,Aster,divaricatus,NA
Q8,1,herb,SOLSPP,1,NA,Solidago,sp,NA
Q8,1,herb,DESNUD,1,NA,Desmodium,nudiflorum,naked tick trefoil
Q8,1,grass/sedge/rush,UNKGRASS,1,NA,Unk,unk,NA
Q8,2,tree,CARSPP,1,NA,Carya,sp ,NA
Q8,2,tree,ACERUB,1,NA,Acer,rubrum,NA
Q8,2,tree,QUEVEL,1,NA,Quercus,velutina,NA
Q8,2,tree,BETLEN,1,NA,Betula,lenta,NA
Q8,2,shrub,CRASPP,1,NA,Crataegus,sp ,NA
Q8,2,tree,ACESAC,1,NA,Acer,saccharum,NA
Q8,2,tree,CASDEN,1,NA,Castenea,dentata,NA
Q8,2,tree,QUERUB,1,NA,Quercus,rubra,NA
Q8,2,tree,AMESPP,1,NA,Amelanchier,sp ,NA
Q8,2,tree,QUEALB,1,NA,Quercus,alba,NA
Q8,2,tree,PRUSER,1,NA,Prunus,serotina,NA
Q8,2,tree,PINSTR,1,NA,Pinus,strobus,NA
Q8,2,tree,FRAAME,1,NA,Fraxinus,americana,NA
Q8,2,shrub,HAMVIR,2,NA,Hamamelis ,virginiana,NA
Q8,2,shrub,VACCOR,1,NA,Vaccinium,corymbosum,NA
Q8,2,shrub,PARQUI,1,NA,Parthenocissus,quinquefolia,NA
Q8,2,shrub,SMIHER,1,NA,Smilax,herbacea,NA
Q8,2,shrub,RUBFLA,1,NA,Rubus,flagellaris,NA
Q8,2,shrub,VACANG,1,NA,Vaccinium,angustifolium,NA
Q8,2,shrub,MITREP,1,NA,Mitchella,repens,NA
Q8,2,shrub,CORSPP,1,NA,Cornus,sp,opposite dogwood
Q8,2,shrub,CORCOR,1,NA,Corylus,cornuta,NA
Q8,2,fern/lycopod,OSMCIN,3,NA,Osmunda,cinnamomea,NA
Q8,2,fern/lycopod,THENOV,3,NA,Thelypteris,noveboracensis,NA
Q8,2,herb,MEDVIR,1,NA,Medeola,virginiana,NA
Q8,2,herb,TRIBOR,1,NA,Trientalis,borealis,NA
Q8,2,herb,UVUSES,1,NA,Uvularia,sessilifolia,NA
Q8,2,herb,MAICAN,1,NA,Maianthemum,canadense,NA
Q8,2,grass/sedge/rush,BRAERE,1,NA,Brachyelytrum,erectum,long awn wood grass
Q8,2,grass/sedge/rush,CARPEN,1,NA,Carex,pensylvanica,NA
Q8,2,herb,VIOSPP,1,NA,Viola,sp,NA
Q8,2,herb,LYSQUA,1,NA,Lysimachia,quadrifolia,NA
Q8,2,herb,ASTDIV,1,NA,Aster,divaricatus,NA
Q8,2,herb,ARANUD,1,NA,Aralia,nudicaulis,NA
Q8,2,grass/sedge/rush,CARSPP,1,NA,Carex,sp,NA
Q8,2,fern/lycopod,LYCOBS,1,NA,Lycopodium,obscurum,NA
Q8,2,fern/lycopod,OSMCLA,1,NA,Osmunda,claytoniana,NA
Q8,2,fern/lycopod,LYCDIG,1,NA,Lycopodium,digitatum,NA
Q8,2,fern/lycopod,DENPUN,2,NA,Dennstaedtia,punctilobula,NA
Q8,3,tree,QUEALB,1,NA,Quercus,alba,NA
Q8,3,tree,ACERUB,1,NA,Acer,rubrum,NA
Q8,3,tree,CASDEN,1,NA,Castenea,dentata,NA
Q8,3,tree,BETALL,1,NA,Betula,alleghaniensis,NA
Q8,3,shrub,CRASPP,1,NA,Crataegus,sp ,NA
Q8,3,tree,CARSPP,1,NA,Carya,sp ,NA
Q8,3,tree,QUERUB,1,NA,Quercus,rubra,NA
Q8,3,tree,AMESPP,1,NA,Amelanchier,sp ,NA
Q8,3,tree,PINSTR,1,NA,Pinus,strobus,NA
Q8,3,tree,QUEVEL,1,NA,Quercus,velutina,NA
Q8,3,tree,CARCAR,1,NA,Carpinus,caroliniana,NA
Q8,3,shrub,CORCOR,2,NA,Corylus,cornuta,NA
Q8,3,shrub,HAMVIR,3,NA,Hamamelis ,virginiana,NA
Q8,3,shrub,RUBFLA,1,NA,Rubus,flagellaris,NA
Q8,3,shrub,MITREP,1,NA,Mitchella,repens,NA
Q8,3,shrub,VITSPP,1,NA,Vitus,sp,NA
Q8,3,shrub,SMIHER,1,NA,Smilax,herbacea,NA
Q8,3,shrub,VACCOR,1,NA,Vaccinium,corymbosum,NA
Q8,3,shrub,GAYBAC,1,NA,Gaylussacia,baccata,NA
Q8,3,shrub,VIBACE,1,NA,Viburnum,acerfolium,NA
Q8,3,shrub,ILEVER,1,NA,Ilex,verticillata,NA
Q8,3,shrub,PARQUI,1,NA,Parthenocissus,quinquefolia,NA
Q8,3,fern/lycopod,OSMCLA,2,NA,Osmunda,claytoniana,NA
Q8,3,fern/lycopod,OSMCIN,3,NA,Osmunda,cinnamomea,NA
Q8,3,fern/lycopod,THENOV,3,NA,Thelypteris,noveboracensis,NA
Q8,3,herb,MEDVIR,1,NA,Medeola,virginiana,NA
Q8,3,herb,UVUSES,1,NA,Uvularia,sessilifolia,NA
Q8,3,grass/sedge/rush,BRAERE,1,NA,Brachyelytrum,erectum,long awn wood grass
Q8,3,grass/sedge/rush,CARPEN,1,NA,Carex,pensylvanica,NA
Q8,3,fern/lycopod,POLACR,1,NA,Polystichum,acrostichoides,christmas fern
Q8,3,fern/lycopod,LYCOBS,1,NA,Lycopodium,obscurum,NA
Q8,3,fern/lycopod,DENPUN,2,NA,Dennstaedtia,punctilobula,NA
Q8,3,herb,TRIBOR,1,NA,Trientalis,borealis,NA
Q8,3,herb,MAIRAC,1,NA,Maianthemum,racemosum,NA
Q8,3,herb,ASTACU,1,NA,Aster,acuminatus,NA
Q8,3,herb,VIOSPP,1,NA,Viola,sp,NA
Q8,3,herb,ASTDIV,1,NA,Aster,divaricatus,NA
Q9,2,tree,QUEALB,2,NA,Quercus,alba,NA
Q9,2,tree,ACERUB,1,NA,Acer,rubrum,NA
Q9,2,tree,PINSTR,2,NA,Pinus,strobus,NA
Q9,2,tree,QUERUB,1,NA,Quercus,rubra,NA
Q9,2,tree,PRUSER,1,NA,Prunus,serotina,NA
Q9,2,tree,BETALL,1,NA,Betula,alleghaniensis,NA
Q9,2,tree,FRAAME,1,NA,Fraxinus,americana,NA
Q9,2,tree,AMESPP,1,NA,Amelanchier,sp ,NA
Q9,2,tree,QUEVEL,1,NA,Quercus,velutina,NA
Q9,2,shrub,VACCOR,2,NA,Vaccinium,corymbosum,NA
Q9,2,shrub,VITSPP,1,NA,Vitus,sp,NA
Q9,2,shrub,CORCOR,2,NA,Corylus,cornuta,NA
Q9,2,shrub,GAUPRO,1,NA,Gaultheria,procumbens,NA
Q9,2,shrub,MITREP,1,NA,Mitchella,repens,NA
Q9,2,shrub,HAMVIR,3,NA,Hamamelis ,virginiana,NA
Q9,2,shrub,VIBACE,1,NA,Viburnum,acerfolium,NA
Q9,2,shrub,CRASPP,1,NA,Crataegus,sp ,NA
Q9,2,shrub,RUBIDA,1,NA,Rubus,idaeus,red raspberry
Q9,2,shrub,VACANG,2,NA,Vaccinium,angustifolium,NA
Q9,2,shrub,GAYBAC,1,NA,Gaylussacia,baccata,NA
Q9,2,shrub,ILEVER,1,NA,Ilex,verticillata,NA
Q9,2,shrub,RUBFLA,1,NA,Rubus,flagellaris,NA
Q9,2,fern/lycopod,DENPUN,3,NA,Dennstaedtia,punctilobula,NA
Q9,2,fern/lycopod,LYCOBS,1,NA,Lycopodium,obscurum,NA
Q9,2,herb,TRIBOR,1,NA,Trientalis,borealis,NA
Q9,2,herb,MEDVIR,1,NA,Medeola,virginiana,NA
Q9,2,grass/sedge/rush,CARPEN,1,NA,Carex,pensylvanica,NA
Q9,2,herb,UVUSES,1,NA,Uvularia,sessilifolia,NA
Q9,2,herb,LYSQUA,1,NA,Lysimachia,quadrifolia,NA
Q9,2,grass/sedge/rush,BRAERE,1,NA,Brachyelytrum,erectum,long awn wood grass
Q9,2,fern/lycopod,PTEAQU,1,NA,Pteridium,aquilinum,NA
Q9,2,grass/sedge/rush,CARSPP,1,NA,Carex,sp,NA
Q9,3,tree,QUERUB,1,NA,Quercus,rubra,NA
Q9,3,tree,QUEALB,2,NA,Quercus,alba,NA
Q9,3,tree,PRUSER,1,NA,Prunus,serotina,NA
Q9,3,tree,ACERUB,1,NA,Acer,rubrum,NA
Q9,3,tree,CASDEN,1,NA,Castenea,dentata,NA
Q9,3,tree,FRAAME,1,NA,Fraxinus,americana,NA
Q9,3,tree,PINSTR,2,NA,Pinus,strobus,NA
Q9,3,tree,QUEVEL,1,NA,Quercus,velutina,NA
Q9,3,shrub,GAYBAC,2,NA,Gaylussacia,baccata,NA
Q9,3,shrub,CORCOR,2,NA,Corylus,cornuta,NA
Q9,3,shrub,VACCOR,1,NA,Vaccinium,corymbosum,NA
Q9,3,shrub,VACANG,2,NA,Vaccinium,angustifolium,NA
Q9,3,shrub,MITREP,1,NA,Mitchella,repens,NA
Q9,3,shrub,GAUPRO,1,NA,Gaultheria,procumbens,NA
Q9,3,shrub,VIBACE,1,NA,Viburnum,acerfolium,NA
Q9,3,shrub,CRASPP,1,NA,Crataegus,sp ,NA
Q9,3,shrub,HAMVIR,3,NA,Hamamelis ,virginiana,NA
Q9,3,shrub,ILEVER,1,NA,Ilex,verticillata,NA
Q9,3,shrub,VIBCAS,1,NA,Viburnum,cassinoides,NA
Q9,3,shrub,KALANG,1,NA,Kalmia,angustifolia,NA
Q9,3,shrub,VITSPP,1,NA,Vitus,sp,NA
Q9,3,shrub,PARQUI,1,NA,Parthenocissus,quinquefolia,NA
Q9,3,fern/lycopod,DENPUN,3,NA,Dennstaedtia,punctilobula,NA
Q9,3,herb,UVUSES,1,NA,Uvularia,sessilifolia,NA
Q9,3,herb,TRIBOR,1,NA,Trientalis,borealis,NA
Q9,3,fern/lycopod,PTEAQU,1,NA,Pteridium,aquilinum,NA
Q9,3,grass/sedge/rush,CARPEN,1,NA,Carex,pensylvanica,NA
Q9,3,herb,MAICAN,1,NA,Maianthemum,canadense,NA
Q9,3,fern/lycopod,LYCOBS,1,NA,Lycopodium,obscurum,NA
Q9,3,herb,LYSQUA,1,NA,Lysimachia,quadrifolia,NA
Q9,3,grass/sedge/rush,CARSPP,1,NA,Carex,sp,NA
Q9,1,tree,QUEALB,1,NA,Quercus,alba,NA
Q9,1,tree,PRUSER,1,NA,Prunus,serotina,NA
Q9,1,tree,PINSTR,2,NA,Pinus,strobus,NA
Q9,1,tree,ACERUB,1,NA,Acer,rubrum,NA
Q9,1,tree,QUEVEL,1,NA,Quercus,velutina,NA
Q9,1,tree,AMESPP,1,NA,Amelanchier,sp ,NA
Q9,1,tree,FRAAME,1,NA,Fraxinus,americana,NA
Q9,1,tree,QUERUB,1,NA,Quercus,rubra,NA
Q9,1,tree,CARSPP,1,NA,Carya,sp ,NA
Q9,1,shrub,HAMVIR,3,NA,Hamamelis ,virginiana,NA
Q9,1,shrub,GAUPRO,1,NA,Gaultheria,procumbens,NA
Q9,1,shrub,MITREP,1,NA,Mitchella,repens,NA
Q9,1,shrub,VACANG,1,NA,Vaccinium,angustifolium,NA
Q9,1,shrub,RUBFLA,1,NA,Rubus,flagellaris,NA
Q9,1,shrub,VACCOR,1,NA,Vaccinium,corymbosum,NA
Q9,1,shrub,CORCOR,2,NA,Corylus,cornuta,NA
Q9,1,shrub,VIBACE,1,NA,Viburnum,acerfolium,NA
Q9,1,shrub,KALANG,1,NA,Kalmia,angustifolia,NA
Q9,1,shrub,CRASPP,1,NA,Crataegus,sp ,NA
Q9,1,shrub,ILEVER,1,NA,Ilex,verticillata,NA
Q9,1,shrub,VITSPP,1,NA,Vitus,sp,NA
Q9,1,shrub,CELORB,1,NA,Celastrus,orbiculatus,NA
Q9,1,shrub,SMIHER,1,NA,Smilax,herbacea,NA
Q9,1,shrub,FRAALN,1,NA,Frangulus,alnus,glossy buckthorn
Q9,1,shrub,LYOLIG,1,NA,Lyonia,ligustrina,NA
Q9,1,shrub,GAYBAC,1,NA,Gaylussacia,baccata,NA
Q9,1,herb,TRIBOR,1,NA,Trientalis,borealis,NA
Q9,1,fern/lycopod,LYCOBS,1,NA,Lycopodium,obscurum,NA
Q9,1,herb,MEDVIR,1,NA,Medeola,virginiana,NA
Q9,1,fern/lycopod,DENPUN,3,NA,Dennstaedtia,punctilobula,NA
Q9,1,grass/sedge/rush,CARPEN,1,NA,Carex,pensylvanica,NA
Q9,1,herb,UVUSES,1,NA,Uvularia,sessilifolia,NA
Q9,1,grass/sedge/rush,CARSPP,1,NA,Carex,sp,NA
Q9,1,fern/lycopod,OSMCIN,2,NA,Osmunda,cinnamomea,NA
Q9,1,fern/lycopod,OSMCLA,2,NA,Osmunda,claytoniana,NA
Q9,1,herb,AMPBRA,1,NA,Amphicarpaea,bracteata,hog peanut
Q9,1,herb,SOLSPP,1,NA,Solidago,sp,NA
Q9,1,fern/lycopod,THENOV,2,NA,Thelypteris,noveboracensis,NA
Q9,1,fern/lycopod,POLACR,1,NA,Polystichum,acrostichoides,christmas fern
Q9,1,herb,VIOSPP,1,NA,Viola,sp,NA
Q9,1,herb,POTSIM,1,NA,Potentilla,simplex,NA
Q9,1,herb,ARITRI,1,NA,Arisaema,triphyllum,jack in the pulpit
Q9,1,herb,MAICAN,1,NA,Maianthemum,canadense,NA
Q9,1,fern/lycopod,ONOSEN,1,NA,Onoclea,sensibilis,sensitive fern
Q9,1,herb,ANEQUI,1,NA,Anemone,quinquefolia,NA
Q9,1,herb,MAIRAC,1,NA,Maianthemum,racemosum,NA
Q9,1,herb,LOBINF,1,NA,Lobelia,inflata,NA
Q10,3,tree,ACERUB,1,NA,Acer,rubrum,NA
Q10,3,tree,QUERUB,1,NA,Quercus,rubra,NA
Q10,3,tree,PRUSER,1,NA,Prunus,serotina,NA
Q10,3,tree,BETLEN,1,NA,Betula,lenta,NA
Q10,3,tree,BETALL,1,NA,Betula,alleghaniensis,NA
Q10,3,tree,PINSTR,1,NA,Pinus,strobus,NA
Q10,3,tree,FRAAME,1,NA,Fraxinus,americana,NA
Q10,3,tree,CASDEN,1,NA,Castenea,dentata,NA
Q10,3,shrub,CORCOR,2,NA,Corylus,cornuta,NA
Q10,3,shrub,HAMVIR,2,NA,Hamamelis ,virginiana,NA
Q10,3,fern/lycopod,LYCOBS,1,NA,Lycopodium,obscurum,NA
Q10,3,shrub,CELORB,1,NA,Celastrus,orbiculatus,NA
Q10,3,shrub,VIBACE,1,NA,Viburnum,acerfolium,NA
Q10,3,shrub,MITREP,1,NA,Mitchella,repens,NA
Q10,3,shrub,RUBFLA,1,NA,Rubus,flagellaris,NA
Q10,3,shrub,VACCOR,2,NA,Vaccinium,corymbosum,NA
Q10,3,shrub,VITSPP,1,NA,Vitus,sp,NA
Q10,3,shrub,LYOLIG,1,NA,Lyonia,ligustrina,NA
Q10,3,shrub,GAYBAC,1,NA,Gaylussacia,baccata,NA
Q10,3,shrub,RHONUD,1,NA,Rhododendron,nudiflorum,NA
Q10,3,shrub,GAUPRO,1,NA,Gaultheria,procumbens,NA
Q10,3,shrub,VACANG,1,NA,Vaccinium,angustifolium,NA
Q10,3,shrub,RUBALL,1,NA,Rubus,allegheniensis,NA
Q10,3,fern/lycopod,THENOV,2,NA,Thelypteris,noveboracensis,NA
Q10,3,fern/lycopod,OSMCIN,4,NA,Osmunda,cinnamomea,NA
Q10,3,fern/lycopod,OSMCLA,1,NA,Osmunda,claytoniana,NA
Q10,3,fern/lycopod,DENPUN,3,NA,Dennstaedtia,punctilobula,NA
Q10,3,herb,TRIBOR,1,NA,Trientalis,borealis,NA
Q10,3,grass/sedge/rush,CARPEN,1,NA,Carex,pensylvanica,NA
Q10,3,herb,MEDVIR,1,NA,Medeola,virginiana,NA
Q10,3,shrub,CHIMAC,1,NA,Chimaphila,maculata,NA
Q10,3,herb,UVUSES,1,NA,Uvularia,sessilifolia,NA
Q10,3,herb,MAICAN,1,NA,Maianthemum,canadense,NA
Q10,3,herb,ARANUD,1,NA,Aralia,nudicaulis,NA
Q10,3,fern/lycopod,PTEAQU,1,NA,Pteridium,aquilinum,NA
Q10,3,grass/sedge/rush,BRAERE,1,NA,Brachyelytrum,erectum,long awn wood grass
Q10,2,tree,PINSTR,1,NA,Pinus,strobus,NA
Q10,2,tree,BETALL,1,NA,Betula,alleghaniensis,NA
Q10,2,tree,ACERUB,1,NA,Acer,rubrum,NA
Q10,2,tree,FRAAME,1,NA,Fraxinus,americana,NA
Q10,2,tree,PRUSER,1,NA,Prunus,serotina,NA
Q10,2,tree,QUEVEL,1,NA,Quercus,velutina,NA
Q10,2,tree,CASDEN,1,NA,Castenea,dentata,NA
Q10,2,tree,QUERUB,1,NA,Quercus,rubra,NA
Q10,2,tree,QUEALB,1,NA,Quercus,alba,NA
Q10,2,fern/lycopod,LYCDIG,2,NA,Lycopodium,digitatum,NA
Q10,2,shrub,VACCOR,2,NA,Vaccinium,corymbosum,NA
Q10,2,shrub,GAYBAC,2,NA,Gaylussacia,baccata,NA
Q10,2,shrub,CHIMAC,1,NA,Chimaphila,maculata,NA
Q10,2,shrub,HAMVIR,1,NA,Hamamelis ,virginiana,NA
Q10,2,shrub,CORCOR,1,NA,Corylus,cornuta,NA
Q10,2,fern/lycopod,LYCCLA,1,NA,Lycopodium,clavatum,running clubmoss
Q10,2,shrub,KALANG,2,NA,Kalmia,angustifolia,NA
Q10,2,fern/lycopod,LYCOBS,1,NA,Lycopodium,obscurum,NA
Q10,2,shrub,PARQUI,1,NA,Parthenocissus,quinquefolia,NA
Q10,2,shrub,RUBFLA,2,NA,Rubus,flagellaris,NA
Q10,2,shrub,MITREP,1,NA,Mitchella,repens,NA
Q10,2,shrub,VITSPP,1,NA,Vitus,sp,NA
Q10,2,shrub,VACANG,2,NA,Vaccinium,angustifolium,NA
Q10,2,herb,TRIBOR,1,NA,Trientalis,borealis,NA
Q10,2,herb,MAICAN,1,NA,Maianthemum,canadense,NA
Q10,2,grass/sedge/rush,CARPEN,1,NA,Carex,pensylvanica,NA
Q10,2,fern/lycopod,DENPUN,3,NA,Dennstaedtia,punctilobula,NA
Q10,2,herb,MEDVIR,1,NA,Medeola,virginiana,NA
Q10,2,herb,ARANUD,1,NA,Aralia,nudicaulis,NA
Q10,2,herb,LYSQUA,1,NA,Lysimachia,quadrifolia,NA
Q10,2,fern/lycopod,PTEAQU,1,NA,Pteridium,aquilinum,NA
Q10,2,herb,GALSPP,1,NA,Gallium,,bedstraw
Q10,2,fern/lycopod,OSMCIN,2,NA,Osmunda,cinnamomea,NA
Q10,2,herb,ASTDIV,1,NA,Aster,divaricatus,NA
Q10,2,herb,UVUSES,1,NA,Uvularia,sessilifolia,NA
Q10,1,tree,ACERUB,1,NA,Acer,rubrum,NA
Q10,1,tree,BETALL,1,NA,Betula,alleghaniensis,NA
Q10,1,shrub,CRASPP,1,NA,Crataegus,sp ,NA
Q10,1,tree,PINSTR,1,NA,Pinus,strobus,NA
Q10,1,tree,QUERUB,1,NA,Quercus,rubra,NA
Q10,1,tree,CARSPP,1,NA,Carya,sp ,NA
Q10,1,tree,PRUSER,1,NA,Prunus,serotina,NA
Q10,1,tree,QUEALB,1,NA,Quercus,alba,NA
Q10,1,tree,QUEVEL,1,NA,Quercus,velutina,NA
Q10,1,tree,PRUPEN,1,NA,Prunus,pensylvanica,NA
Q10,1,tree,SASALB,1,NA,Sassafras,albidum,NA
Q10,1,tree,CASDEN,1,NA,Castenea,dentata,NA
Q10,1,tree,FRAAME,1,NA,Fraxinus,americana,NA
Q10,1,herb,LYSQUA,1,NA,Lysimachia,quadrifolia,NA
Q10,1,grass/sedge/rush,CARPEN,2,NA,Carex,pensylvanica,NA
Q10,1,herb,TRIBOR,1,NA,Trientalis,borealis,NA
Q10,1,herb,SOLSPP,1,NA,Solidago,sp,NA
Q10,1,herb,MEDVIR,1,NA,Medeola,virginiana,NA
Q10,1,herb,VIOSPP,1,NA,Viola,sp,NA
Q10,1,herb,MAICAN,1,NA,Maianthemum,canadense,NA
Q10,1,herb,UVUSES,1,NA,Uvularia,sessilifolia,NA
Q10,1,grass/sedge/rush,CARSPP,1,NA,Carex,sp,NA
Q10,1,herb,VERTHA,1,NA,Verbascum,thapsus,mullien
Q10,1,herb,GALSPP,1,NA,Gallium,,bedstraw
Q10,1,fern/lycopod,THENOV,1,NA,Thelypteris,noveboracensis,NA
Q10,1,herb,ARANUD,1,NA,Aralia,nudicaulis,NA
Q10,1,fern/lycopod,LYCDIG,1,NA,Lycopodium,digitatum,NA
Q10,1,shrub,VIBACE,1,NA,Viburnum,acerfolium,NA
Q10,1,shrub,VACANG,1,NA,Vaccinium,angustifolium,NA
Q10,1,shrub,CORCOR,1,NA,Corylus,cornuta,NA
Q10,1,shrub,CHIMAC,1,NA,Chimaphila,maculata,NA
Q10,1,shrub,HAMVIR,3,NA,Hamamelis ,virginiana,NA
Q10,1,shrub,CELORB,1,NA,Celastrus,orbiculatus,NA
Q10,1,shrub,VITSPP,1,NA,Vitus,sp,NA
Q10,1,shrub,GAUPRO,1,NA,Gaultheria,procumbens,NA
Q10,1,shrub,MITREP,1,NA,Mitchella,repens,NA
Q10,1,shrub,RUBOCC,1,NA,Rubus,occidentalis,black raspberry
Q10,1,shrub,VACCOR,2,NA,Vaccinium,corymbosum,NA
Q10,1,shrub,GAYBAC,2,NA,Gaylussacia,baccata,NA
Q10,1,herb,MAIRAC,1,NA,Maianthemum,racemosum,NA
Q10,1,fern/lycopod,LYCOBS,1,NA,Lycopodium,obscurum,NA
Q10,1,fern/lycopod,DENPUN,2,NA,Dennstaedtia,punctilobula,NA
Q10,1,shrub,RUBIDA,1,NA,Rubus,idaeus,red raspberry
Q10,1,fern/lycopod,OSMCIN,1,NA,Osmunda,cinnamomea,NA
Q10,1,shrub,RUBFLA,1,NA,Rubus,flagellaris,NA
Q10,1,herb,CIRLUT,1,NA,Circaea,lutetiana,enchanters nightshade
Q10,1,shrub,ROSSPP,1,NA,Rosa,sp,NA
Q10,1,grass/sedge/rush,UNKGRASS,1,NA,Unk,unk,NA
Q10,1,shrub,ILEVER,1,NA,Ilex,verticillata,NA
Q10,1,shrub,BERTHU,1,NA,Berberis,thunbergii,NA
Q10,1,shrub,LYOLIG,1,NA,Lyonia,ligustrina,NA
Q5,3,tree,ACERUB,1,NA,Acer,rubrum,NA
Q5,3,tree,FRAAME,1,NA,Fraxinus,americana,NA
Q5,3,tree,PRUSER,1,NA,Prunus,serotina,NA
Q5,3,tree,QUERUB,1,NA,Quercus,rubra,NA
Q5,3,tree,PINSTR,1,NA,Pinus,strobus,NA
Q5,3,tree,BETALL,1,NA,Betula,alleghaniensis,NA
Q5,3,tree,BETPAP,1,NA,Betula,papyrifera,NA
Q5,3,tree,CARSPP,1,NA,Carya,sp ,NA
Q5,3,tree,BETLEN,1,NA,Betula,lenta,NA
Q5,3,shrub,ILEVER,1,NA,Ilex,verticillata,NA
Q5,3,shrub,CORCOR,2,NA,Corylus,cornuta,NA
Q5,3,shrub,GAUPRO,1,NA,Gaultheria,procumbens,NA
Q5,3,shrub,HAMVIR,3,NA,Hamamelis ,virginiana,NA
Q5,3,shrub,VIBACE,1,NA,Viburnum,acerfolium,NA
Q5,3,shrub,MITREP,1,NA,Mitchella,repens,NA
Q5,3,herb,TOXRAD,1,NA,Toxicodendron,radicans,poison ivy
Q5,3,shrub,PARQUI,1,NA,Parthenocissus,quinquefolia,NA
Q5,3,shrub,RUBFLA,1,NA,Rubus,flagellaris,NA
Q5,3,shrub,VITSPP,1,NA,Vitus,sp,NA
Q5,3,shrub,RHONUD,1,NA,Rhododendron,nudiflorum,NA
Q5,3,shrub,VACCOR,1,NA,Vaccinium,corymbosum,NA
Q5,3,shrub,SMIHER,1,NA,Smilax,herbacea,NA
Q5,3,shrub,FRAALN,1,NA,Frangulus,alnus,glossy buckthorn
Q5,3,herb,POTSIM,1,NA,Potentilla,simplex,NA
Q5,3,fern/lycopod,DENPUN,2,NA,Dennstaedtia,punctilobula,NA
Q5,3,herb,MEDVIR,1,NA,Medeola,virginiana,NA
Q5,3,herb,UVUSES,1,NA,Uvularia,sessilifolia,NA
Q5,3,fern/lycopod,THENOV,2,NA,Thelypteris,noveboracensis,NA
Q5,3,fern/lycopod,LYCOBS,1,NA,Lycopodium,obscurum,NA
Q5,3,grass/sedge/rush,BRAERE,1,NA,Brachyelytrum,erectum,long awn wood grass
Q5,3,herb,TRIBOR,1,NA,Trientalis,borealis,NA
Q5,3,fern/lycopod,OSMCIN,1,NA,Osmunda,cinnamomea,NA
Q5,3,herb,SYMFOE,1,NA,Symplocarpus,foetidus,skunk cabbage
Q5,3,fern/lycopod,POLACR,1,NA,Polystichum,acrostichoides,christmas fern
Q5,3,fern/lycopod,OSMREG,1,NA,Osmunda,regalis,royal fern
Q5,3,fern/lycopod,OSMCLA,2,NA,Osmunda,claytoniana,NA
Q5,3,herb,ARITRI,1,NA,Arisaema,triphyllum,jack in the pulpit
Q5,3,herb,ASTDIV,1,NA,Aster,divaricatus,NA
Q5,3,fern/lycopod,ONOSEN,1,NA,Onoclea,sensibilis,sensitive fern
Q5,3,herb,SOLSPP,1,NA,Solidago,sp,NA
Q5,3,herb,VIOSPP,1,NA,Viola,sp,NA
Q5,3,herb,PRESPP,1,NA,Prenanthes,sp,prenanthes
Q5,3,grass/sedge/rush,CARPEN,1,NA,Carex,pensylvanica,NA
Q5,3,herb,MAICAN,1,NA,Maianthemum,canadense,NA
Q5,2,tree,BETLEN,1,NA,Betula,lenta,NA
Q5,2,tree,QUEALB,1,NA,Quercus,alba,NA
Q5,2,tree,PRUSER,1,NA,Prunus,serotina,NA
Q5,2,tree,FRAAME,1,NA,Fraxinus,americana,NA
Q5,2,tree,ACERUB,1,NA,Acer,rubrum,NA
Q5,2,tree,QUERUB,1,NA,Quercus,rubra,NA
Q5,2,tree,PINSTR,1,NA,Pinus,strobus,NA
Q5,2,tree,BETALL,1,NA,Betula,alleghaniensis,NA
Q5,2,tree,BETPAP,1,NA,Betula,papyrifera,NA
Q5,2,shrub,RUBFLA,2,NA,Rubus,flagellaris,NA
Q5,2,shrub,CORCOR,1,NA,Corylus,cornuta,NA
Q5,2,shrub,HAMVIR,4,NA,Hamamelis ,virginiana,NA
Q5,2,shrub,VITSPP,1,NA,Vitus,sp,NA
Q5,2,shrub,VIBACE,1,NA,Viburnum,acerfolium,NA
Q5,2,shrub,CRASPP,1,NA,Crataegus,sp ,NA
Q5,2,shrub,GAUPRO,1,NA,Gaultheria,procumbens,NA
Q5,2,shrub,VACCOR,1,NA,Vaccinium,corymbosum,NA
Q5,2,shrub,VACANG,1,NA,Vaccinium,angustifolium,NA
Q5,2,shrub,MITREP,1,NA,Mitchella,repens,NA
Q5,2,shrub,KALANG,1,NA,Kalmia,angustifolia,NA
Q5,2,shrub,LYOLIG,1,NA,Lyonia,ligustrina,NA
Q5,2,shrub,FRAALN,1,NA,Frangulus,alnus,glossy buckthorn
Q5,2,shrub,PARQUI,1,NA,Parthenocissus,quinquefolia,NA
Q5,2,shrub,ILEVER,1,NA,Ilex,verticillata,NA
Q5,2,shrub,RHONUD,1,NA,Rhododendron,nudiflorum,NA
Q5,2,fern/lycopod,DENPUN,3,NA,Dennstaedtia,punctilobula,NA
Q5,2,herb,UVUSES,1,NA,Uvularia,sessilifolia,NA
Q5,2,herb,MEDVIR,1,NA,Medeola,virginiana,NA
Q5,2,herb,TRIBOR,1,NA,Trientalis,borealis,NA
Q5,2,herb,ASTDIV,1,NA,Aster,divaricatus,NA
Q5,2,grass/sedge/rush,CARPEN,1,NA,Carex,pensylvanica,NA
Q5,2,fern/lycopod,THENOV,2,NA,Thelypteris,noveboracensis,NA
Q5,2,grass/sedge/rush,BRAERE,1,NA,Brachyelytrum,erectum,long awn wood grass
Q5,2,fern/lycopod,OSMCIN,2,NA,Osmunda,cinnamomea,NA
Q5,2,herb,LYSQUA,1,NA,Lysimachia,quadrifolia,NA
Q5,2,fern/lycopod,LYCOBS,1,NA,Lycopodium,obscurum,NA
Q5,2,herb,UNKSPP,1,NA,NA,NA,NA
Q5,2,fern/lycopod,OSMCLA,2,NA,Osmunda,claytoniana,NA
Q5,2,herb,MAICAN,1,NA,Maianthemum,canadense,NA
Q5,2,herb,ANEQUI,1,NA,Anemone,quinquefolia,NA
Q5,2,herb,VIOSPP,1,NA,Viola,sp,NA
Q5,2,grass/sedge/rush,CARSPP,1,NA,Carex,sp,NA
Q5,2,herb,POLPUB,1,NA,Polygonatum,pubescens,NA
Q5,2,herb,GERMAC,1,NA,Geranium,maculatum,wild geranium
Q5,2,grass/sedge/rush,UNKSPP,1,NA,NA,NA,NA
Q5,2,fern/lycopod,PTEAQU,1,NA,Pteridium,aquilinum,NA
Q5,2,herb,GOOTES,1,NA,Goodyera,tesselata,NA
Q5,1,tree,QUERUB,1,NA,Quercus,rubra,NA
Q5,1,tree,ACERUB,1,NA,Acer,rubrum,NA
Q5,1,tree,BETLEN,1,NA,Betula,lenta,NA
Q5,1,tree,FRAAME,1,NA,Fraxinus,americana,NA
Q5,1,tree,PINSTR,1,NA,Pinus,strobus,NA
Q5,1,tree,TSUCAN,1,NA,Tsuga,canadensis,NA
Q5,1,tree,BETALL,1,NA,Betula,alleghaniensis,NA
Q5,1,tree,PRUSER,1,NA,Prunus,serotina,NA
Q5,1,shrub,HAMVIR,2,NA,Hamamelis ,virginiana,NA
Q5,1,shrub,RUBFLA,1,NA,Rubus,flagellaris,NA
Q5,1,shrub,RUBIDA,1,NA,Rubus,idaeus,red raspberry
Q5,1,shrub,RUBALL,1,NA,Rubus,allegheniensis,NA
Q5,1,shrub,ILEVER,1,NA,Ilex,verticillata,NA
Q5,1,shrub,PARQUI,1,NA,Parthenocissus,quinquefolia,NA
Q5,1,shrub,RHONUD,1,NA,Rhododendron,nudiflorum,NA
Q5,1,shrub,MITREP,1,NA,Mitchella,repens,NA
Q5,1,shrub,SMIHER,1,NA,Smilax,herbacea,NA
Q5,1,shrub,VITSPP,1,NA,Vitus,sp,NA
Q5,1,shrub,COPTRI,1,NA,Coptis,trifolia,goldthread
Q5,1,shrub,CORCOR,1,NA,Corylus,cornuta,NA
Q5,1,shrub,VACCOR,1,NA,Vaccinium,corymbosum,NA
Q5,1,herb,TOXRAD,1,NA,Toxicodendron,radicans,poison ivy
Q5,1,shrub,BERTHU,1,NA,Berberis,thunbergii,NA
Q5,1,fern/lycopod,THENOV,2,NA,Thelypteris,noveboracensis,NA
Q5,1,herb,MEDVIR,1,NA,Medeola,virginiana,NA
Q5,1,fern/lycopod,OSMCIN,2,NA,Osmunda,cinnamomea,NA
Q5,1,fern/lycopod,LYCDIG,1,NA,Lycopodium,digitatum,NA
Q5,1,grass/sedge/rush,BRAERE,1,NA,Brachyelytrum,erectum,long awn wood grass
Q5,1,herb,UVUSES,1,NA,Uvularia,sessilifolia,NA
Q5,1,herb,ARITRI,1,NA,Arisaema,triphyllum,jack in the pulpit
Q5,1,fern/lycopod,ONOSEN,1,NA,Onoclea,sensibilis,sensitive fern
Q5,1,herb,ASTDIV,1,NA,Aster,divaricatus,NA
Q5,1,herb,TRIBOR,1,NA,Trientalis,borealis,NA
Q5,1,herb,ANEQUI,1,NA,Anemone,quinquefolia,NA
Q5,1,herb,SYMFOE,1,NA,Symplocarpus,foetidus,skunk cabbage
Q5,1,herb,ARANUD,1,NA,Aralia,nudicaulis,NA
Q5,1,fern/lycopod,OSMCLA,1,NA,Osmunda,claytoniana,NA
Q5,1,herb,PRESPP,1,NA,Prenanthes,sp,prenanthes
Q5,1,herb,MAICAN,1,NA,Maianthemum,canadense,NA
Q5,1,fern/lycopod,ATHFIL,1,NA,Athyrium,filix-femina,lady fern
Q5,1,grass/sedge/rush,CARSPP,1,NA,Carex,sp,NA
Q5,1,herb,SOLSPP,1,NA,Solidago,sp,NA
Q5,1,herb,VIOSPP,1,NA,Viola,sp,NA
Q6,3,tree,ACERUB,1,NA,Acer,rubrum,NA
Q6,3,tree,PINSTR,1,NA,Pinus,strobus,NA
Q6,3,tree,QUERUB,2,NA,Quercus,rubra,NA
Q6,3,tree,QUEALB,2,NA,Quercus,alba,NA
Q6,3,tree,AMESPP,1,NA,Amelanchier,sp ,NA
Q6,3,tree,CARSPP,1,NA,Carya,sp ,NA
Q6,3,tree,PRUSER,1,NA,Prunus,serotina,NA
Q6,3,tree,BETLEN,1,NA,Betula,lenta,NA
Q6,3,tree,QUEVEL,1,NA,Quercus,velutina,NA
Q6,3,tree,CASDEN,1,NA,Castenea,dentata,NA
Q6,3,tree,BETALL,1,NA,Betula,alleghaniensis,NA
Q6,3,tree,CORFLO,1,NA,Cornus,florida,NA
Q6,3,tree,FRAAME,1,NA,Fraxinus,americana,NA
Q6,3,shrub,GAYBAC,3,NA,Gaylussacia,baccata,NA
Q6,3,shrub,VIBACE,1,NA,Viburnum,acerfolium,NA
Q6,3,shrub,HAMVIR,3,NA,Hamamelis ,virginiana,NA
Q6,3,shrub,RUBFLA,2,NA,Rubus,flagellaris,NA
Q6,3,shrub,KALANG,1,NA,Kalmia,angustifolia,NA
Q6,3,shrub,VACANG,2,NA,Vaccinium,angustifolium,NA
Q6,3,shrub,GAUPRO,1,NA,Gaultheria,procumbens,NA
Q6,3,shrub,VACCOR,1,NA,Vaccinium,corymbosum,NA
Q6,3,shrub,CORCOR,2,NA,Corylus,cornuta,NA
Q6,3,shrub,ILEVER,1,NA,Ilex,verticillata,NA
Q6,3,shrub,LYOLIG,2,NA,Lyonia,ligustrina,NA
Q6,3,shrub,CRASPP,1,NA,Crataegus,sp ,NA
Q6,3,shrub,VIBCAS,1,NA,Viburnum,cassinoides,NA
Q6,3,shrub,MITREP,1,NA,Mitchella,repens,NA
Q6,3,shrub,VITSPP,1,NA,Vitus,sp,NA
Q6,3,herb,MAICAN,1,NA,Maianthemum,canadense,NA
Q6,3,herb,TRIBOR,1,NA,Trientalis,borealis,NA
Q6,3,fern/lycopod,LYCOBS,1,NA,Lycopodium,obscurum,NA
Q6,3,fern/lycopod,DENPUN,2,NA,Dennstaedtia,punctilobula,NA
Q6,3,herb,MEDVIR,1,NA,Medeola,virginiana,NA
Q6,3,grass/sedge/rush,CARPEN,1,NA,Carex,pensylvanica,NA
Q6,3,herb,UVUSES,1,NA,Uvularia,sessilifolia,NA
Q6,3,fern/lycopod,LYCDIG,1,NA,Lycopodium,digitatum,NA
Q6,3,herb,ARANUD,1,NA,Aralia,nudicaulis,NA
Q6,3,grass/sedge/rush,BRAERE,1,NA,Brachyelytrum,erectum,long awn wood grass
Q6,3,herb,LYSQUA,1,NA,Lysimachia,quadrifolia,NA
Q6,2,tree,QUEALB,2,NA,Quercus,alba,NA
Q6,2,tree,QUERUB,1,NA,Quercus,rubra,NA
Q6,2,tree,PRUSER,1,NA,Prunus,serotina,NA
Q6,2,tree,ACERUB,1,NA,Acer,rubrum,NA
Q6,2,tree,BETALL,1,NA,Betula,alleghaniensis,NA
Q6,2,tree,BETLEN,1,NA,Betula,lenta,NA
Q6,2,tree,PINSTR,2,NA,Pinus,strobus,NA
Q6,2,tree,QUEVEL,1,NA,Quercus,velutina,NA
Q6,2,tree,AMESPP,1,NA,Amelanchier,sp ,NA
Q6,2,tree,CASDEN,1,NA,Castenea,dentata,NA
Q6,2,shrub,VACCOR,1,NA,Vaccinium,corymbosum,NA
Q6,2,shrub,RUBFLA,2,NA,Rubus,flagellaris,NA
Q6,2,shrub,KALANG,1,NA,Kalmia,angustifolia,NA
Q6,2,shrub,HAMVIR,3,NA,Hamamelis ,virginiana,NA
Q6,2,shrub,VIBACE,1,NA,Viburnum,acerfolium,NA
Q6,2,shrub,GAUPRO,1,NA,Gaultheria,procumbens,NA
Q6,2,shrub,VACANG,1,NA,Vaccinium,angustifolium,NA
Q6,2,shrub,CORCOR,2,NA,Corylus,cornuta,NA
Q6,2,shrub,ILEVER,1,NA,Ilex,verticillata,NA
Q6,2,shrub,GAYBAC,3,NA,Gaylussacia,baccata,NA
Q6,2,shrub,LYOLIG,2,NA,Lyonia,ligustrina,NA
Q6,2,shrub,CRASPP,1,NA,Crataegus,sp ,NA
Q6,2,herb,TRIBOR,1,NA,Trientalis,borealis,NA
Q6,2,herb,MAICAN,1,NA,Maianthemum,canadense,NA
Q6,2,fern/lycopod,PTEAQU,1,NA,Pteridium,aquilinum,NA
Q6,2,grass/sedge/rush,BRAERE,1,NA,Brachyelytrum,erectum,long awn wood grass
Q6,2,fern/lycopod,DENPUN,2,NA,Dennstaedtia,punctilobula,NA
Q6,2,shrub,VITSPP,1,NA,Vitus,sp,NA
Q6,2,grass/sedge/rush,CARPEN,2,NA,Carex,pensylvanica,NA
Q6,2,herb,LYSQUA,1,NA,Lysimachia,quadrifolia,NA
Q6,2,herb,UVUSES,1,NA,Uvularia,sessilifolia,NA
Q6,2,fern/lycopod,LYCOBS,1,NA,Lycopodium,obscurum,NA
Q6,2,fern/lycopod,LYCDIG,1,NA,Lycopodium,digitatum,NA
Q6,2,grass/sedge/rush,CARSPP,1,NA,Carex,sp,NA
Q6,1,tree,PINSTR,2,NA,Pinus,strobus,NA
Q6,1,tree,CASDEN,2,NA,Castenea,dentata,NA
Q6,1,tree,ACERUB,1,NA,Acer,rubrum,NA
Q6,1,shrub,FRAALN,1,NA,Frangulus,alnus,glossy buckthorn
Q6,1,tree,PRUSER,1,NA,Prunus,serotina,NA
Q6,1,tree,QUERUB,1,NA,Quercus,rubra,NA
Q6,1,tree,BETALL,1,NA,Betula,alleghaniensis,NA
Q6,1,tree,QUEALB,2,NA,Quercus,alba,NA
Q6,1,tree,AMESPP,1,NA,Amelanchier,sp ,NA
Q6,1,tree,QUEVEL,1,NA,Quercus,velutina,NA
Q6,1,tree,FRAAME,1,NA,Fraxinus,americana,NA
Q6,1,shrub,RUBFLA,2,NA,Rubus,flagellaris,NA
Q6,1,shrub,VACANG,2,NA,Vaccinium,angustifolium,NA
Q6,1,shrub,HAMVIR,3,NA,Hamamelis ,virginiana,NA
Q6,1,shrub,KALANG,1,NA,Kalmia,angustifolia,NA
Q6,1,shrub,GAUPRO,2,NA,Gaultheria,procumbens,NA
Q6,1,shrub,CORCOR,2,NA,Corylus,cornuta,NA
Q6,1,shrub,GAYBAC,2,NA,Gaylussacia,baccata,NA
Q6,1,shrub,VACCOR,2,NA,Vaccinium,corymbosum,NA
Q6,1,shrub,RUBALL,1,NA,Rubus,allegheniensis,NA
Q6,1,shrub,VIBACE,1,NA,Viburnum,acerfolium,NA
Q6,1,shrub,MITREP,1,NA,Mitchella,repens,NA
Q6,1,shrub,ILEVER,1,NA,Ilex,verticillata,NA
Q6,1,shrub,CRASPP,1,NA,Crataegus,sp ,NA
Q6,1,shrub,UNKSPP,1,NA,NA,NA,NA
Q6,1,shrub,LYOLIG,1,NA,Lyonia,ligustrina,NA
Q6,1,shrub,VIBCAS,1,NA,Viburnum,cassinoides,NA
Q6,1,herb,TRIBOR,2,NA,Trientalis,borealis,NA
Q6,1,herb,ARANUD,1,NA,Aralia,nudicaulis,NA
Q6,1,fern/lycopod,LYCOBS,1,NA,Lycopodium,obscurum,NA
Q6,1,grass/sedge/rush,CARPEN,1,NA,Carex,pensylvanica,NA
Q6,1,herb,MAICAN,1,NA,Maianthemum,canadense,NA
Q6,1,herb,ANEQUI,1,NA,Anemone,quinquefolia,NA
Q6,1,grass/sedge/rush,CARSPP,1,NA,Carex,sp,NA
Q6,1,fern/lycopod,LYCDIG,2,NA,Lycopodium,digitatum,NA
Q6,1,herb,LYSQUA,1,NA,Lysimachia,quadrifolia,NA
Q6,1,herb,UVUSES,1,NA,Uvularia,sessilifolia,NA
Q6,1,fern/lycopod,PTEAQU,1,NA,Pteridium,aquilinum,NA
Q6,1,fern/lycopod,OSMCIN,1,NA,Osmunda,cinnamomea,NA
Q6,1,herb,MEDVIR,1,NA,Medeola,virginiana,NA
Q6,1,fern/lycopod,DENPUN,1,NA,Dennstaedtia,punctilobula,NA
Q6,1,fern/lycopod,THENOV,1,NA,Thelypteris,noveboracensis,NA
Q3,3,tree,QUEVEL,1,NA,Quercus,velutina,NA
Q3,3,shrub,HAMVIR,3,NA,Hamamelis ,virginiana,NA
Q3,3,tree,ACERUB,1,NA,Acer,rubrum,NA
Q3,3,tree,QUERUB,1,NA,Quercus,rubra,NA
Q3,3,herb,TRIBOR,1,NA,Trientalis,borealis,NA
Q3,3,fern/lycopod,DENPUN,1,NA,Dennstaedtia,punctilobula,NA
Q3,3,shrub,CORCOR,3,NA,Corylus,cornuta,NA
Q3,3,shrub,GAUPRO,2,NA,Gaultheria,procumbens,NA
Q3,3,shrub,MITREP,1,NA,Mitchella,repens,NA
Q3,3,grass/sedge/rush,CARSPP,1,NA,Carex,sp,NA
Q3,3,tree,CASDEN,1,NA,Castenea,dentata,NA
Q3,3,tree,PINSTR,1,NA,Pinus,strobus,NA
Q3,3,herb,UVUSES,1,NA,Uvularia,sessilifolia,NA
Q3,3,herb,ANEQUI,1,NA,Anemone,quinquefolia,NA
Q3,3,tree,BETLEN,1,NA,Betula,lenta,NA
Q3,3,shrub,RUBFLA,1,NA,Rubus,flagellaris,NA
Q3,3,shrub,VACPAL,1,NA,Vaccinium,pallidum,NA
Q3,3,fern/lycopod,PTEAQU,1,NA,Pteridium,aquilinum,NA
Q3,3,tree,PRUSER,1,NA,Prunus,serotina,NA
Q3,3,shrub,VIBACE,1,NA,Viburnum,acerfolium,NA
Q3,3,shrub,VACANG,2,NA,Vaccinium,angustifolium,NA
Q3,3,tree,QUEALB,1,NA,Quercus,alba,NA
Q3,3,fern/lycopod,LYCOBS,1,NA,Lycopodium,obscurum,NA
Q3,3,shrub,KALLAT,3,NA,Kalmia,latifolia,NA
Q3,3,tree,NYSSYL,1,NA,Nyssa,sylvatica,NA
Q3,3,fern/lycopod,THENOV,1,NA,Thelypteris,noveboracensis,NA
Q3,3,shrub,KALANG,2,NA,Kalmia,angustifolia,NA
Q3,3,herb,MEDVIR,1,NA,Medeola,virginiana,NA
Q3,3,herb,MELLIN,1,NA,Melampyrum,lineare,cowwheat
Q3,3,shrub,CRASPP,1,NA,Crataegus,sp ,NA
Q3,3,shrub,VACCOR,1,NA,Vaccinium,corymbosum,NA
Q3,3,shrub,LYOLIG,1,NA,Lyonia,ligustrina,NA
Q3,3,tree,AMESPP,1,NA,Amelanchier,sp ,NA
Q3,3,shrub,VIBCAS,1,NA,Viburnum,cassinoides,NA
Q3,3,shrub,GAYBAC,2,NA,Gaylussacia,baccata,NA
Q3,3,shrub,CORSPP,1,NA,Cornus,sp,opposite dogwood
Q3,3,fern/lycopod,OSMCIN,1,NA,Osmunda,cinnamomea,NA
Q3,3,fern/lycopod,OSMCLA,1,NA,Osmunda,claytoniana,NA
Q3,2,shrub,KALLAT,3,NA,Kalmia,latifolia,NA
Q3,2,shrub,VIBCAS,1,NA,Viburnum,cassinoides,NA
Q3,2,herb,ARANUD,1,NA,Aralia,nudicaulis,NA
Q3,2,shrub,RUBFLA,2,NA,Rubus,flagellaris,NA
Q3,2,grass/sedge/rush,CARSPP,1,NA,Carex,sp,NA
Q3,2,tree,ACERUB,1,NA,Acer,rubrum,NA
Q3,2,fern/lycopod,OSMCIN,3,NA,Osmunda,cinnamomea,NA
Q3,2,fern/lycopod,OSMCLA,2,NA,Osmunda,claytoniana,NA
Q3,2,shrub,HAMVIR,3,NA,Hamamelis ,virginiana,NA
Q3,2,shrub,GAUPRO,1,NA,Gaultheria,procumbens,NA
Q3,2,shrub,MITREP,1,NA,Mitchella,repens,NA
Q3,2,tree,QUERUB,1,NA,Quercus,rubra,NA
Q3,2,shrub,RHONUD,1,NA,Rhododendron,nudiflorum,NA
Q3,2,shrub,KALANG,1,NA,Kalmia,angustifolia,NA
Q3,2,herb,TRIBOR,1,NA,Trientalis,borealis,NA
Q3,2,shrub,VACCOR,2,NA,Vaccinium,corymbosum,NA
Q3,2,tree,PINSTR,1,NA,Pinus,strobus,NA
Q3,2,herb,UVUSES,1,NA,Uvularia,sessilifolia,NA
Q3,2,tree,NYSSYL,1,NA,Nyssa,sylvatica,NA
Q3,2,tree,BETALL,1,NA,Betula,alleghaniensis,NA
Q3,2,shrub,VACANG,2,NA,Vaccinium,angustifolium,NA
Q3,2,tree,QUEALB,2,NA,Quercus,alba,NA
Q3,2,shrub,GAYBAC,1,NA,Gaylussacia,baccata,NA
Q3,2,tree,BETLEN,1,NA,Betula,lenta,NA
Q3,2,shrub,CORCOR,2,NA,Corylus,cornuta,NA
Q3,2,shrub,VIBACE,1,NA,Viburnum,acerfolium,NA
Q3,2,fern/lycopod,PTEAQU,1,NA,Pteridium,aquilinum,NA
Q3,2,herb,MAICAN,1,NA,Maianthemum,canadense,NA
Q3,2,tree,QUEVEL,1,NA,Quercus,velutina,NA
Q3,2,herb,MEDVIR,1,NA,Medeola,virginiana,NA
Q3,2,grass/sedge/rush,CARSPP,1,NA,Carex,sp,NA
Q3,2,tree,AMESPP,1,NA,Amelanchier,sp ,NA
Q3,2,herb,GALSPP,1,NA,Gallium,,bedstraw
Q3,2,herb,VIOSPP,1,NA,Viola,sp,NA
Q3,2,shrub,PARQUI,1,NA,Parthenocissus,quinquefolia,NA
Q3,2,shrub,LYOLIG,1,NA,Lyonia,ligustrina,NA
Q3,2,shrub,AROMEL,1,NA,Aronia,melanocarpa,NA
Q3,2,fern/lycopod,DENPUN,3,NA,Dennstaedtia,punctilobula,NA
Q3,2,fern/lycopod,THENOV,1,NA,Thelypteris,noveboracensis,NA
Q3,2,herb,MELLIN,1,NA,Melampyrum,lineare,cowwheat
Q3,2,herb,ASTDIV,1,NA,Aster,divaricatus,NA
Q3,2,shrub,SMIHER,1,NA,Smilax,herbacea,NA
Q3,2,fern/lycopod,LYCOBS,1,NA,Lycopodium,obscurum,NA
Q3,2,shrub,CRASPP,1,NA,Crataegus,sp ,NA
Q3,2,grass/sedge/rush,UNKSPP,1,NA,NA,NA,NA
Q3,1,tree,ACERUB,2,NA,Acer,rubrum,NA
Q3,1,shrub,HAMVIR,3,NA,Hamamelis ,virginiana,NA
Q3,1,shrub,CORCOR,2,NA,Corylus,cornuta,NA
Q3,1,herb,TRIBOR,1,NA,Trientalis,borealis,NA
Q3,1,tree,QUEVEL,2,NA,Quercus,velutina,NA
Q3,1,fern/lycopod,LYCOBS,1,NA,Lycopodium,obscurum,NA
Q3,1,shrub,GAUPRO,2,NA,Gaultheria,procumbens,NA
Q3,1,shrub,VACANG,2,NA,Vaccinium,angustifolium,NA
Q3,1,shrub,GAYBAC,2,NA,Gaylussacia,baccata,NA
Q3,1,tree,PINSTR,1,NA,Pinus,strobus,NA
Q3,1,shrub,VACCOR,1,NA,Vaccinium,corymbosum,NA
Q3,1,herb,UVUSES,1,NA,Uvularia,sessilifolia,NA
Q3,1,shrub,RUBFLA,1,NA,Rubus,flagellaris,NA
Q3,1,grass/sedge/rush,CARSPP,1,NA,Carex,sp,NA
Q3,1,tree,AMESPP,1,NA,Amelanchier,sp ,NA
Q3,1,tree,BETLEN,1,NA,Betula,lenta,NA
Q3,1,shrub,VIBACE,1,NA,Viburnum,acerfolium,NA
Q3,1,tree,QUEALB,2,NA,Quercus,alba,NA
Q3,1,tree,PRUSER,1,NA,Prunus,serotina,NA
Q3,1,herb,ARANUD,1,NA,Aralia,nudicaulis,NA
Q3,1,shrub,VACPAL,1,NA,Vaccinium,pallidum,NA
Q3,1,tree,CARSPP,1,NA,Carya,sp ,NA
Q3,1,tree,QUERUB,1,NA,Quercus,rubra,NA
Q3,1,herb,LYSQUA,1,NA,Lysimachia,quadrifolia,NA
Q3,1,shrub,RHONUD,1,NA,Rhododendron,nudiflorum,NA
Q3,1,tree,CASDEN,1,NA,Castenea,dentata,NA
Q3,1,shrub,CRASPP,1,NA,Crataegus,sp ,NA
Q3,1,herb,MELLIN,1,NA,Melampyrum,lineare,cowwheat
Q3,1,shrub,VIBCAS,1,NA,Viburnum,cassinoides,NA
Q3,1,grass/sedge/rush,BRAERE,1,NA,Brachyelytrum,erectum,long awn wood grass
Q3,1,fern/lycopod,DENPUN,1,NA,Dennstaedtia,punctilobula,NA
Q3,1,fern/lycopod,THENOV,1,NA,Thelypteris,noveboracensis,NA
Q3,1,tree,BETALL,1,NA,Betula,alleghaniensis,NA
Q3,1,shrub,KALLAT,3,NA,Kalmia,latifolia,NA
Q3,1,tree,BETPAP,1,NA,Betula,papyrifera,NA
Q3,1,shrub,KALANG,1,NA,Kalmia,angustifolia,NA
Q3,1,herb,MAICAN,1,NA,Maianthemum,canadense,NA
Q3,1,shrub,ILEVER,1,NA,Ilex,verticillata,NA
Q3,1,herb,PYRSPP,1,NA,Pyrola,sp,pyrola
Q3,1,grass/sedge/rush,UNKSPP,1,NA,NA,NA,NA
Q3,1,herb,MEDVIR,1,NA,Medeola,virginiana,NA
Q3,1,shrub,RUBALL,1,NA,Rubus,allegheniensis,NA
Q3,1,herb,POLPAU,1,NA,Polygala,paucifolia,fringed polygala
Q3,1,shrub,LYOLIG,1,NA,Lyonia,ligustrina,NA
Q1,3,fern/lycopod,PTEAQU,2,NA,Pteridium,aquilinum,NA
Q1,3,herb,MEDVIR,1,NA,Medeola,virginiana,NA
Q1,3,shrub,VIBCAS,1,NA,Viburnum,cassinoides,NA
Q1,3,herb,UVUSES,1,NA,Uvularia,sessilifolia,NA
Q1,3,shrub,GAYBAC,3,NA,Gaylussacia,baccata,NA
Q1,3,shrub,GAUPRO,2,NA,Gaultheria,procumbens,NA
Q1,3,fern/lycopod,DENPUN,1,NA,Dennstaedtia,punctilobula,NA
Q1,3,shrub,VACANG,2,NA,Vaccinium,angustifolium,NA
Q1,3,tree,ACERUB,1,NA,Acer,rubrum,NA
Q1,3,tree,PINSTR,1,NA,Pinus,strobus,NA
Q1,3,herb,TRIBOR,1,NA,Trientalis,borealis,NA
Q1,3,shrub,MITREP,1,NA,Mitchella,repens,NA
Q1,3,tree,QUEALB,2,NA,Quercus,alba,NA
Q1,3,tree,QUERUB,1,NA,Quercus,rubra,NA
Q1,3,tree,PRUSER,1,NA,Prunus,serotina,NA
Q1,3,shrub,HAMVIR,4,NA,Hamamelis ,virginiana,NA
Q1,3,shrub,RUBFLA,1,NA,Rubus,flagellaris,NA
Q1,3,tree,AMESPP,1,NA,Amelanchier,sp ,NA
Q1,3,grass/sedge/rush,CARSPP,1,NA,Carex,sp,NA
Q1,3,fern/lycopod,LYCOBS,1,NA,Lycopodium,obscurum,NA
Q1,3,shrub,CRASPP,1,NA,Crataegus,sp ,NA
Q1,3,shrub,AROMEL,1,NA,Aronia,melanocarpa,NA
Q1,3,herb,MONUNI,1,NA,Monotropa,uniflora,NA
Q1,3,shrub,VIBACE,1,NA,Viburnum,acerfolium,NA
Q1,3,tree,QUEVEL,1,NA,Quercus,velutina,NA
Q1,3,shrub,CORCOR,1,NA,Corylus,cornuta,NA
Q1,3,herb,ARANUD,1,NA,Aralia,nudicaulis,NA
Q1,3,grass/sedge/rush,BRAERE,1,NA,Brachyelytrum,erectum,long awn wood grass
Q1,3,herb,ANEQUI,1,NA,Anemone,quinquefolia,NA
Q1,3,shrub,VACCOR,2,NA,Vaccinium,corymbosum,NA
Q1,3,shrub,LYOLIG,1,NA,Lyonia,ligustrina,NA
Q1,3,tree,TSUCAN,1,NA,Tsuga,canadensis,NA
Q1,3,tree,BETALL,1,NA,Betula,alleghaniensis,NA
Q1,3,tree,BETLEN,1,NA,Betula,lenta,NA
Q1,3,shrub,KALANG,1,NA,Kalmia,angustifolia,NA
Q1,3,shrub,ILEVER,1,NA,Ilex,verticillata,NA
Q1,3,herb,ASTACU,1,NA,Aster,acuminatus,NA
Q1,3,fern/lycopod,LYCDIG,1,NA,Lycopodium,digitatum,NA
Q1,3,fern/lycopod,OSMCLA,2,NA,Osmunda,claytoniana,NA
Q1,3,shrub,SMIHER,1,NA,Smilax,herbacea,NA
Q1,3,tree,SORAME,1,NA,Sorbus,americana,NA
Q1,3,tree,NYSSYL,1,NA,Nyssa,sylvatica,NA
Q1,3,shrub,VACPAL,1,NA,Vaccinium,pallidum,NA
Q1,3,herb,CYPACA,1,NA,Cypripedium,acaule,ladyslipper
Q1,3,shrub,RHONUD,1,NA,Rhododendron,nudiflorum,NA
Q1,2,shrub,KALANG,1,NA,Kalmia,angustifolia,NA
Q1,2,shrub,HAMVIR,5,NA,Hamamelis ,virginiana,NA
Q1,2,shrub,VACANG,2,NA,Vaccinium,angustifolium,NA
Q1,2,grass/sedge/rush,CARSPP,1,NA,Carex,sp,NA
Q1,2,shrub,GAUPRO,2,NA,Gaultheria,procumbens,NA
Q1,2,tree,ACERUB,1,NA,Acer,rubrum,NA
Q1,2,tree,BETLEN,1,NA,Betula,lenta,NA
Q1,2,tree,QUEALB,1,NA,Quercus,alba,NA
Q1,2,herb,UVUSES,1,NA,Uvularia,sessilifolia,NA
Q1,2,grass/sedge/rush,BRAERE,1,NA,Brachyelytrum,erectum,long awn wood grass
Q1,2,herb,TRIBOR,1,NA,Trientalis,borealis,NA
Q1,2,tree,NYSSYL,1,NA,Nyssa,sylvatica,NA
Q1,2,fern/lycopod,PTEAQU,2,NA,Pteridium,aquilinum,NA
Q1,2,shrub,KALLAT,4,NA,Kalmia,latifolia,NA
Q1,2,tree,PRUSER,1,NA,Prunus,serotina,NA
Q1,2,tree,PINSTR,1,NA,Pinus,strobus,NA
Q1,2,shrub,RUBFLA,1,NA,Rubus,flagellaris,NA
Q1,2,herb,MEDVIR,1,NA,Medeola,virginiana,NA
Q1,2,tree,TSUCAN,1,NA,Tsuga,canadensis,NA
Q1,2,tree,QUERUB,1,NA,Quercus,rubra,NA
Q1,2,tree,QUEVEL,1,NA,Quercus,velutina,NA
Q1,2,herb,MAICAN,1,NA,Maianthemum,canadense,NA
Q1,2,herb,ARANUD,1,NA,Aralia,nudicaulis,NA
Q1,2,shrub,VACCOR,2,NA,Vaccinium,corymbosum,NA
Q1,2,shrub,VACPAL,1,NA,Vaccinium,pallidum,NA
Q1,2,shrub,VIBACE,1,NA,Viburnum,acerfolium,NA
Q1,2,fern/lycopod,LYCDIG,1,NA,Lycopodium,digitatum,NA
Q1,2,fern/lycopod,LYCOBS,1,NA,Lycopodium,obscurum,NA
Q1,2,fern/lycopod,OSMCIN,1,NA,Osmunda,cinnamomea,NA
Q1,2,shrub,MITREP,1,NA,Mitchella,repens,NA
Q1,2,herb,ANEQUI,1,NA,Anemone,quinquefolia,NA
Q1,2,herb,MONUNI,1,NA,Monotropa,uniflora,NA
Q1,2,herb,GOOTES,1,NA,Goodyera,tesselata,NA
Q1,2,shrub,CORCOR,1,NA,Corylus,cornuta,NA
Q1,2,tree,AMESPP,1,NA,Amelanchier,sp ,NA
Q1,2,shrub,GAYBAC,2,NA,Gaylussacia,baccata,NA
Q1,2,shrub,LYOLIG,1,NA,Lyonia,ligustrina,NA
Q1,2,tree,CASDEN,1,NA,Castenea,dentata,NA
Q1,2,shrub,RHONUD,1,NA,Rhododendron,nudiflorum,NA
Q1,2,tree,BETALL,1,NA,Betula,alleghaniensis,NA
Q1,2,fern/lycopod,OSMCLA,1,NA,Osmunda,claytoniana,NA
Q1,1,shrub,VACANG,2,NA,Vaccinium,angustifolium,NA
Q1,1,shrub,AROMEL,1,NA,Aronia,melanocarpa,NA
Q1,1,shrub,GAUPRO,2,NA,Gaultheria,procumbens,NA
Q1,1,tree,QUERUB,1,NA,Quercus,rubra,NA
Q1,1,tree,ACERUB,1,NA,Acer,rubrum,NA
Q1,1,tree,PINSTR,2,NA,Pinus,strobus,NA
Q1,1,herb,TRIBOR,1,NA,Trientalis,borealis,NA
Q1,1,shrub,HAMVIR,5,NA,Hamamelis ,virginiana,NA
Q1,1,tree,BETLEN,1,NA,Betula,lenta,NA
Q1,1,shrub,ILEVER,1,NA,Ilex,verticillata,NA
Q1,1,herb,MEDVIR,1,NA,Medeola,virginiana,NA
Q1,1,shrub,VACCOR,1,NA,Vaccinium,corymbosum,NA
Q1,1,herb,UVUSES,1,NA,Uvularia,sessilifolia,NA
Q1,1,herb,ARANUD,1,NA,Aralia,nudicaulis,NA
Q1,1,fern/lycopod,LYCDIG,1,NA,Lycopodium,digitatum,NA
Q1,1,fern/lycopod,LYCOBS,1,NA,Lycopodium,obscurum,NA
Q1,1,grass/sedge/rush,CARSPP,1,NA,Carex,sp,NA
Q1,1,tree,BETALL,1,NA,Betula,alleghaniensis,NA
Q1,1,herb,ASTACU,1,NA,Aster,acuminatus,NA
Q1,1,fern/lycopod,PTEAQU,2,NA,Pteridium,aquilinum,NA
Q1,1,herb,GOOTES,1,NA,Goodyera,tesselata,NA
Q1,1,shrub,RUBFLA,1,NA,Rubus,flagellaris,NA
Q1,1,shrub,VACPAL,2,NA,Vaccinium,pallidum,NA
Q1,1,shrub,CRASPP,1,NA,Crataegus,sp ,NA
Q1,1,tree,AMESPP,1,NA,Amelanchier,sp ,NA
Q1,1,tree,NYSSYL,1,NA,Nyssa,sylvatica,NA
Q1,1,grass/sedge/rush,BRAERE,1,NA,Brachyelytrum,erectum,long awn wood grass
Q1,1,fern/lycopod,LYCCLA,1,NA,Lycopodium,clavatum,running clubmoss
Q1,1,tree,PRUSER,1,NA,Prunus,serotina,NA
Q1,1,tree,ACESAC,1,NA,Acer,saccharum,NA
Q1,1,shrub,VIBACE,1,NA,Viburnum,acerfolium,NA
Q1,1,shrub,GAYBAC,2,NA,Gaylussacia,baccata,NA
Q1,1,shrub,MITREP,1,NA,Mitchella,repens,NA
Q1,1,shrub,EPIREP,1,NA,Epigaea,repens,trailing arbutus
Q1,1,tree,QUEALB,1,NA,Quercus,alba,NA
Q1,1,shrub,LYOLIG,2,NA,Lyonia,ligustrina,NA
Q1,1,herb,MAICAN,1,NA,Maianthemum,canadense,NA
Q1,1,fern/lycopod,OSMCLA,2,NA,Osmunda,claytoniana,NA
Q1,1,herb,MONUNI,1,NA,Monotropa,uniflora,NA
Q1,1,fern/lycopod,DENPUN,1,NA,Dennstaedtia,punctilobula,NA
Q1,1,fern/lycopod,THENOV,1,NA,Thelypteris,noveboracensis,NA
Q1,1,tree,TSUCAN,1,NA,Tsuga,canadensis,NA
Q1,1,shrub,SMIHER,1,NA,Smilax,herbacea,NA
Q1,1,shrub,KALLAT,1,NA,Kalmia,latifolia,NA
Q1,1,shrub,KALANG,1,NA,Kalmia,angustifolia,NA
Q1,1,tree,CARSPP,1,NA,Carya,sp ,NA
Q1,1,shrub,RHONUD,1,NA,Rhododendron,nudiflorum,NA
Q1,1,tree,FAGGRA,1,NA,Fagus,grandifolia,NA
Q1,1,shrub,VIBCAS,1,NA,Viburnum,cassinoides,NA
SC,3,herb,ARANUD,2,NA,Aralia,nudicaulis,NA
SC,3,fern/lycopod,LYCOBS,1,NA,Lycopodium,obscurum,NA
SC,3,herb,TRIBOR,1,NA,Trientalis,borealis,NA
SC,3,tree,ACERUB,1,NA,Acer,rubrum,NA
SC,3,herb,MAICAN,1,NA,Maianthemum,canadense,NA
SC,3,shrub,VACANG,1,NA,Vaccinium,angustifolium,NA
SC,3,tree,BETLEN,1,NA,Betula,lenta,NA
SC,3,herb,MEDVIR,1,NA,Medeola,virginiana,NA
SC,3,tree,PINSTR,1,NA,Pinus,strobus,NA
SC,3,grass/sedge/rush,CARSPP,1,NA,Carex,sp,NA
SC,3,tree,TSUCAN,1,NA,Tsuga,canadensis,NA
SC,3,tree,CASDEN,1,NA,Castenea,dentata,NA
SC,3,tree,QUERUB,1,NA,Quercus,rubra,NA
SC,3,shrub,MITREP,1,NA,Mitchella,repens,NA
SC,3,tree,FAGGRA,1,NA,Fagus,grandifolia,NA
SC,3,tree,QUEALB,1,NA,Quercus,alba,NA
SC,3,shrub,VIBACE,1,NA,Viburnum,acerfolium,NA
SC,3,shrub,VIBLAN,1,NA,Viburnum,lantanoides,NA
SC,3,tree,ACEPEN,1,NA,Acer,pensylvanicum,NA
SC,3,herb,GOOPUB,1,NA,Goodyera,pubescens,NA
SC,3,tree,AMESPP,1,NA,Amelanchier,sp ,NA
SC,3,herb,CLIBOR,1,NA,Clintonia,borealis,NA
SC,3,tree,PRUSER,1,NA,Prunus,serotina,NA
SC,3,shrub,VIBDEN,1,NA,Viburnum,dentatum,NA
SC,3,shrub,CORCAN,1,NA,Cornus,canadensis,NA
SC,3,fern/lycopod,POLVIR,1,NA,Polypodium,virginianum,common or rock polypody
SC,2,shrub,EPIREP,1,NA,Epigaea,repens,trailing arbutus
SC,2,herb,ASTDIV,1,NA,Aster,divaricatus,NA
SC,2,herb,MEDVIR,1,NA,Medeola,virginiana,NA
SC,2,tree,FAGGRA,2,NA,Fagus,grandifolia,NA
SC,2,herb,TRIBOR,1,NA,Trientalis,borealis,NA
SC,2,herb,ARANUD,2,NA,Aralia,nudicaulis,NA
SC,2,herb,UVUSES,1,NA,Uvularia,sessilifolia,NA
SC,2,tree,BETLEN,1,NA,Betula,lenta,NA
SC,2,tree,PINSTR,1,NA,Pinus,strobus,NA
SC,2,shrub,GAUPRO,1,NA,Gaultheria,procumbens,NA
SC,2,tree,ACERUB,1,NA,Acer,rubrum,NA
SC,2,fern/lycopod,LYCOBS,1,NA,Lycopodium,obscurum,NA
SC,2,shrub,MITREP,1,NA,Mitchella,repens,NA
SC,2,shrub,VACANG,1,NA,Vaccinium,angustifolium,NA
SC,2,shrub,VACPAL,2,NA,Vaccinium,pallidum,NA
SC,2,tree,TSUCAN,1,NA,Tsuga,canadensis,NA
SC,2,tree,QUERUB,1,NA,Quercus,rubra,NA
SC,2,herb,MAICAN,1,NA,Maianthemum,canadense,NA
SC,2,fern/lycopod,LYCDIG,2,NA,Lycopodium,digitatum,NA
SC,2,tree,ACEPEN,1,NA,Acer,pensylvanicum,NA
SC,2,shrub,VACCOR,1,NA,Vaccinium,corymbosum,NA
SC,2,shrub,VIBACE,1,NA,Viburnum,acerfolium,NA
SC,2,herb,CLIBOR,1,NA,Clintonia,borealis,NA
SC,2,grass/sedge/rush,CARSPP,1,NA,Carex,sp,NA
SC,2,tree,CASDEN,1,NA,Castenea,dentata,NA
SC,2,tree,PRUSER,1,NA,Prunus,serotina,NA
SC,2,herb,GOOPUB,1,NA,Goodyera,pubescens,NA
SC,2,tree,AMESPP,1,NA,Amelanchier,sp ,NA
SC,2,shrub,CORCAN,1,NA,Cornus,canadensis,NA
SC,1,tree,FAGGRA,1,NA,Fagus,grandifolia,NA
SC,1,tree,ACERUB,1,NA,Acer,rubrum,NA
SC,1,fern/lycopod,LYCOBS,1,NA,Lycopodium,obscurum,NA
SC,1,tree,QUERUB,1,NA,Quercus,rubra,NA
SC,1,herb,MEDVIR,1,NA,Medeola,virginiana,NA
SC,1,herb,ARANUD,1,NA,Aralia,nudicaulis,NA
SC,1,herb,TRIBOR,1,NA,Trientalis,borealis,NA
SC,1,shrub,VACPAL,1,NA,Vaccinium,pallidum,NA
SC,1,shrub,MITREP,1,NA,Mitchella,repens,NA
SC,1,shrub,GAUPRO,1,NA,Gaultheria,procumbens,NA
SC,1,herb,MAICAN,1,NA,Maianthemum,canadense,NA
SC,1,tree,BETLEN,1,NA,Betula,lenta,NA
SC,1,herb,GOOTES,1,NA,Goodyera,tesselata,NA
SC,1,tree,PRUSER,1,NA,Prunus,serotina,NA
SC,1,tree,PINSTR,1,NA,Pinus,strobus,NA
SC,1,tree,CASDEN,1,NA,Castenea,dentata,NA
SC,1,tree,TSUCAN,1,NA,Tsuga,canadensis,NA
S8,1,shrub,HAMVIR,2,NA,Hamamelis ,virginiana,NA
S8,1,shrub,MITREP,4,NA,Mitchella,repens,NA
S8,1,herb,ASTACU,2,NA,Aster,acuminatus,NA
S8,1,fern/lycopod,POLACR,2,NA,Polystichum,acrostichoides,christmas fern
S8,1,herb,TRIBOR,1,NA,Trientalis,borealis,NA
S8,1,herb,SOLSPP,1,NA,Solidago,sp,NA
S8,1,grass/sedge/rush,CARSPP,1,NA,Carex,sp,NA
S8,1,grass/sedge/rush,UNKGRASS,1,NA,Unk,unk,NA
S8,1,fern/lycopod,LYCOBS,1,NA,Lycopodium,obscurum,NA
S8,1,herb,ARANUD,1,NA,Aralia,nudicaulis,NA
S8,1,herb,MAICAN,3,NA,Maianthemum,canadense,NA
S8,1,herb,ASTDIV,1,NA,Aster,divaricatus,NA
S8,1,shrub,ILEVER,1,NA,Ilex,verticillata,NA
S8,1,tree,QUERUB,1,NA,Quercus,rubra,NA
S8,1,tree,CARSPP,1,NA,Carya,sp ,NA
S8,1,tree,ACERUB,1,NA,Acer,rubrum,NA
S8,1,fern/lycopod,DRYCAR,1,NA,Dryopterus,carthusiana,spinulose wood fern
S8,1,tree,ACESAC,1,NA,Acer,saccharum,NA
S8,1,tree,PINSTR,1,NA,Pinus,strobus,NA
S8,1,herb,MEDVIR,1,NA,Medeola,virginiana,NA
S8,1,tree,PRUSER,1,NA,Prunus,serotina,NA
S8,1,herb,VIOSPP,1,NA,Viola,sp,NA
S8,1,shrub,VIBACE,1,NA,Viburnum,acerfolium,NA
S8,1,herb,ANEQUI,1,NA,Anemone,quinquefolia,NA
S8,1,shrub,PARQUI,1,NA,Parthenocissus,quinquefolia,NA
S8,1,tree,QUEVEL,1,NA,Quercus,velutina,NA
S8,1,shrub,CORCOR,1,NA,Corylus,cornuta,NA
S8,1,tree,BETALL,1,NA,Betula,alleghaniensis,NA
S8,1,herb,PYRSPP,1,NA,Pyrola,sp,pyrola
S8,1,tree,FRAAME,1,NA,Fraxinus,americana,NA
S8,1,herb,POLPUB,1,NA,Polygonatum,pubescens,NA
S8,1,herb,UVUSES,1,NA,Uvularia,sessilifolia,NA
S8,1,tree,BETLEN,1,NA,Betula,lenta,NA
S8,1,fern/lycopod,DENPUN,4,NA,Dennstaedtia,punctilobula,NA
S8,1,fern/lycopod,LYCCLA,1,NA,Lycopodium,clavatum,running clubmoss
S8,1,tree,AMESPP,1,NA,Amelanchier,sp ,NA
S8,1,shrub,RUBSPP,1,NA,Rubus,sp,NA
S8,1,fern/lycopod,THENOV,4,NA,Thelypteris,noveboracensis,NA
S8,1,fern/lycopod,LYCDIG,1,NA,Lycopodium,digitatum,NA
S8,1,shrub,VACANG,1,NA,Vaccinium,angustifolium,NA
S8,1,tree,ACEPEN,1,NA,Acer,pensylvanicum,NA
S8,1,herb,ARITRI,1,NA,Arisaema,triphyllum,jack in the pulpit
S8,1,shrub,LONCAN,1,NA,Lonicera,canadensis,NA
S8,1,shrub,VACCOR,1,NA,Vaccinium,corymbosum,NA
S8,1,tree,TSUCAN,1,NA,Tsuga,canadensis,NA
S8,1,shrub,CRASPP,1,NA,Crataegus,sp ,NA
S8,1,herb,MAIRAC,1,NA,Maianthemum,racemosum,NA
S8,1,herb,CLIBOR,1,NA,Clintonia,borealis,NA
S8,3,grass/sedge/rush,CARPEN,2,NA,Carex,pensylvanica,NA
S8,3,herb,TRIBOR,2,NA,Trientalis,borealis,NA
S8,3,herb,ARANUD,2,NA,Aralia,nudicaulis,NA
S8,3,fern/lycopod,LYCOBS,2,NA,Lycopodium,obscurum,NA
S8,3,herb,MAICAN,3,NA,Maianthemum,canadense,NA
S8,3,herb,UVUSES,1,NA,Uvularia,sessilifolia,NA
S8,3,herb,MEDVIR,1,NA,Medeola,virginiana,NA
S8,3,shrub,CHIMAC,1,NA,Chimaphila,maculata,NA
S8,3,fern/lycopod,DRYCAR,1,NA,Dryopterus,carthusiana,spinulose wood fern
S8,3,shrub,RUBHIS,2,NA,Rubus,hispidus,bristly/swamp dewberry
S8,3,shrub,CORCOR,2,NA,Corylus,cornuta,NA
S8,3,shrub,VIBACE,2,NA,Viburnum,acerfolium,NA
S8,3,shrub,MITREP,3,NA,Mitchella,repens,NA
S8,3,shrub,HAMVIR,2,NA,Hamamelis ,virginiana,NA
S8,3,shrub,GAUPRO,3,NA,Gaultheria,procumbens,NA
S8,3,shrub,VACANG,2,NA,Vaccinium,angustifolium,NA
S8,3,shrub,ILEVER,1,NA,Ilex,verticillata,NA
S8,3,shrub,VACCOR,2,NA,Vaccinium,corymbosum,NA
S8,3,shrub,CRASPP,1,NA,Crataegus,sp ,NA
S8,3,tree,ACERUB,2,NA,Acer,rubrum,NA
S8,3,tree,CARSPP,1,NA,Carya,sp ,NA
S8,3,tree,QUERUB,1,NA,Quercus,rubra,NA
S8,3,tree,QUEALB,2,NA,Quercus,alba,NA
S8,3,tree,PINSTR,2,NA,Pinus,strobus,NA
S8,3,tree,PRUSER,1,NA,Prunus,serotina,NA
S8,3,tree,TSUCAN,1,NA,Tsuga,canadensis,NA
S8,3,tree,BETALL,1,NA,Betula,alleghaniensis,NA
S8,3,tree,QUEVEL,1,NA,Quercus,velutina,NA
S8,3,tree,ACESAC,1,NA,Acer,saccharum,NA
S8,3,tree,BETLEN,1,NA,Betula,lenta,NA
S8,2,fern/lycopod,LYCOBS,2,NA,Lycopodium,obscurum,NA
S8,2,fern/lycopod,LYCDIG,1,NA,Lycopodium,digitatum,NA
S8,2,herb,ARANUD,2,NA,Aralia,nudicaulis,NA
S8,2,herb,TRIBOR,2,NA,Trientalis,borealis,NA
S8,2,herb,CLIBOR,1,NA,Clintonia,borealis,NA
S8,2,herb,MEDVIR,1,NA,Medeola,virginiana,NA
S8,2,fern/lycopod,DENPUN,3,NA,Dennstaedtia,punctilobula,NA
S8,2,fern/lycopod,LYCCLA,1,NA,Lycopodium,clavatum,running clubmoss
S8,2,grass/sedge/rush,CARPEN,2,NA,Carex,pensylvanica,NA
S8,2,fern/lycopod,POLVIR,1,NA,Polypodium,virginianum,common or rock polypody
S8,2,herb,ASTACU,1,NA,Aster,acuminatus,NA
S8,2,shrub,CHIMAC,1,NA,Chimaphila,maculata,NA
S8,2,fern/lycopod,DRYSPP,1,NA,Dryopterus,sp,wood fern
S8,2,herb,MAICAN,2,NA,Maianthemum,canadense,NA
S8,2,shrub,GAUPRO,3,NA,Gaultheria,procumbens,NA
S8,2,shrub,MITREP,3,NA,Mitchella,repens,NA
S8,2,shrub,CORCOR,1,NA,Corylus,cornuta,NA
S8,2,shrub,VACANG,2,NA,Vaccinium,angustifolium,NA
S8,2,shrub,LONCAN,1,NA,Lonicera,canadensis,NA
S8,2,shrub,CRASPP,1,NA,Crataegus,sp ,NA
S8,2,shrub,VIBACE,1,NA,Viburnum,acerfolium,NA
S8,2,shrub,VIBCAS,1,NA,Viburnum,cassinoides,NA
S8,2,tree,PINSTR,2,NA,Pinus,strobus,NA
S8,2,tree,ACERUB,2,NA,Acer,rubrum,NA
S8,2,tree,BETALL,2,NA,Betula,alleghaniensis,NA
S8,2,tree,BETLEN,2,NA,Betula,lenta,NA
S8,2,tree,QUEVEL,1,NA,Quercus,velutina,NA
S8,2,tree,QUERUB,1,NA,Quercus,rubra,NA
S8,2,tree,QUEALB,1,NA,Quercus,alba,NA
S8,2,tree,ACEPEN,1,NA,Acer,pensylvanicum,NA
S8,2,tree,PRUSER,1,NA,Prunus,serotina,NA
S8,2,tree,TSUCAN,2,NA,Tsuga,canadensis,NA
QH,2,tree,ACERUB,1,NA,Acer,rubrum,NA
QH,2,tree,QUERUB,1,NA,Quercus,rubra,NA
QH,2,tree,BETLEN,1,NA,Betula,lenta,NA
QH,2,tree,PINSTR,2,NA,Pinus,strobus,NA
QH,2,tree,TSUCAN,2,NA,Tsuga,canadensis,NA
QH,2,tree,PRUSER,1,NA,Prunus,serotina,NA
QH,2,tree,FAGGRA,1,NA,Fagus,grandifolia,NA
QH,2,tree,AMESPP,1,NA,Amelanchier,sp ,NA
QH,2,shrub,VACANG,2,NA,Vaccinium,angustifolium,NA
QH,2,shrub,GAUPRO,1,NA,Gaultheria,procumbens,NA
QH,2,shrub,MITREP,1,NA,Mitchella,repens,NA
QH,2,shrub,KALLAT,2,NA,Kalmia,latifolia,NA
QH,2,shrub,VIBCAS,1,NA,Viburnum,cassinoides,NA
QH,2,shrub,FRAALN,1,NA,Frangulus,alnus,glossy buckthorn
QH,2,shrub,VACCOR,1,NA,Vaccinium,corymbosum,NA
QH,2,fern/lycopod,LYCDIG,1,NA,Lycopodium,digitatum,NA
QH,2,herb,TRIBOR,1,NA,Trientalis,borealis,NA
QH,2,herb,UVUSES,1,NA,Uvularia,sessilifolia,NA
QH,2,fern/lycopod,DENPUN,1,NA,Dennstaedtia,punctilobula,NA
QH,2,herb,MAICAN,1,NA,Maianthemum,canadense,NA
QH,2,herb,MELLIN,1,NA,Melampyrum,lineare,cowwheat
QH,2,grass/sedge/rush,CARPEN,1,NA,Carex,pensylvanica,NA
QH,2,fern/lycopod,PTEAQU,1,NA,Pteridium,aquilinum,NA
QH,2,herb,MEDVIR,1,NA,Medeola,virginiana,NA
QH,2,fern/lycopod,THENOV,1,NA,Thelypteris,noveboracensis,NA
QH,2,tree,ACERUB,1,NA,Acer,rubrum,NA
QH,3,tree,ACERUB,1,NA,Acer,rubrum,NA
QH,3,tree,PINSTR,1,NA,Pinus,strobus,NA
QH,3,tree,BETLEN,1,NA,Betula,lenta,NA
QH,3,tree,PRUSER,1,NA,Prunus,serotina,NA
QH,3,tree,TSUCAN,2,NA,Tsuga,canadensis,NA
QH,3,tree,AMESPP,1,NA,Amelanchier,sp ,NA
QH,3,tree,QUERUB,1,NA,Quercus,rubra,NA
QH,3,tree,FAGGRA,1,NA,Fagus,grandifolia,NA
QH,3,shrub,GAUPRO,1,NA,Gaultheria,procumbens,NA
QH,3,shrub,VACANG,2,NA,Vaccinium,angustifolium,NA
QH,3,shrub,RUBALL,1,NA,Rubus,allegheniensis,NA
QH,3,shrub,VACCOR,1,NA,Vaccinium,corymbosum,NA
QH,3,shrub,FRAALN,1,NA,Frangulus,alnus,glossy buckthorn
QH,3,shrub,MITREP,1,NA,Mitchella,repens,NA
QH,3,shrub,KALLAT,1,NA,Kalmia,latifolia,NA
QH,3,herb,UVUSES,1,NA,Uvularia,sessilifolia,NA
QH,3,fern/lycopod,DENPUN,2,NA,Dennstaedtia,punctilobula,NA
QH,3,herb,TRIBOR,1,NA,Trientalis,borealis,NA
QH,3,herb,GOOPUB,1,NA,Goodyera,pubescens,NA
QH,3,fern/lycopod,LYCOBS,1,NA,Lycopodium,obscurum,NA
QH,3,fern/lycopod,LYCDIG,1,NA,Lycopodium,digitatum,NA
QH,3,fern/lycopod,PTEAQU,1,NA,Pteridium,aquilinum,NA
QH,3,herb,MAICAN,1,NA,Maianthemum,canadense,NA
QH,3,grass/sedge/rush,CARPEN,1,NA,Carex,pensylvanica,NA
QH,1,tree,TSUCAN,2,NA,Tsuga,canadensis,NA
QH,1,tree,ACERUB,1,NA,Acer,rubrum,NA
QH,1,tree,PRUSER,1,NA,Prunus,serotina,NA
QH,1,tree,BETLEN,1,NA,Betula,lenta,NA
QH,1,tree,PINSTR,2,NA,Pinus,strobus,NA
QH,1,tree,QUERUB,1,NA,Quercus,rubra,NA
QH,1,tree,FAGGRA,1,NA,Fagus,grandifolia,NA
QH,1,tree,ACEPEN,1,NA,Acer,pensylvanicum,NA
QH,1,tree,BETALL,1,NA,Betula,alleghaniensis,NA
QH,1,tree,QUEVEL,1,NA,Quercus,velutina,NA
QH,1,tree,AMESPP,1,NA,Amelanchier,sp ,NA
QH,1,shrub,GAUPRO,1,NA,Gaultheria,procumbens,NA
QH,1,shrub,FRAALN,1,NA,Frangulus,alnus,glossy buckthorn
QH,1,shrub,MITREP,1,NA,Mitchella,repens,NA
QH,1,shrub,EPIREP,1,NA,Epigaea,repens,trailing arbutus
QH,1,shrub,VACANG,1,NA,Vaccinium,angustifolium,NA
QH,1,shrub,VACCOR,1,NA,Vaccinium,corymbosum,NA
QH,1,shrub,RUBFLA,1,NA,Rubus,flagellaris,NA
QH,1,shrub,RUBALL,1,NA,Rubus,allegheniensis,NA
QH,1,fern/lycopod,THENOV,2,NA,Thelypteris,noveboracensis,NA
QH,1,fern/lycopod,DENPUN,2,NA,Dennstaedtia,punctilobula,NA
QH,1,herb,ARANUD,1,NA,Aralia,nudicaulis,NA
QH,1,herb,TRIBOR,1,NA,Trientalis,borealis,NA
QH,1,herb,MELLIN,1,NA,Melampyrum,lineare,cowwheat
QH,1,herb,UVUSES,1,NA,Uvularia,sessilifolia,NA
QH,1,fern/lycopod,LYCDIG,1,NA,Lycopodium,digitatum,NA
QH,1,grass/sedge/rush,CARPEN,1,NA,Carex,pensylvanica,NA
QH,1,herb,MEDVIR,1,NA,Medeola,virginiana,NA
QH,1,herb,ASTDIV,1,NA,Aster,divaricatus,NA
QH,1,herb,GOOTES,1,NA,Goodyera,tesselata,NA
QH,1,herb,MONUNI,1,NA,Monotropa,uniflora,NA
