plot,subplot,tree,species,dbh,cond.jun.19,defol.first,defol.6.11,defol.6.18,defol.6.19,defol.6.21,defol.6.27,defol.6.28,defol.7.8,defol.7.9,defol.final.19
Q1,1,1,ACRU,24,L,1,1,1,NA,NA,1,NA,1,NA,1
Q1,1,2,PIST,10,L,1,1,1,NA,NA,1,NA,1,NA,1
Q1,1,3,PIST,12.4,L,1,1,1,NA,NA,1,NA,1,NA,1
Q1,1,4,QURU,14.4,L,1,1,1,NA,NA,1,NA,1,NA,1
Q1,1,5,PIST,20.1,L,1,1,1,NA,NA,1,NA,1,NA,1
Q1,1,6,ACRU,20.2,D,5,5,5,NA,NA,5,NA,5,NA,5
Q1,1,7,ACRU,35,L,1,1,1,NA,NA,1,NA,1,NA,1
Q1,1,8,ACRU,26.3,L,1,1,1,NA,NA,1,NA,1,NA,1
Q1,1,9,QURU,35.3,L,1,1,1,NA,NA,1,NA,1,NA,1
Q1,1,10,PIST,5.9,L,1,1,1,NA,NA,1,NA,1,NA,1
Q1,1,11,ACRU,16.1,D,5,5,5,NA,NA,5,NA,5,NA,5
Q1,1,12,PIST,16,L,1,1,1,NA,NA,1,NA,1,NA,1
Q1,1,13,QURU,19.1,D,5,5,5,NA,NA,5,NA,5,NA,5
Q1,1,14,ACRU,16.8,D,5,5,5,NA,NA,5,NA,5,NA,5
Q1,1,15,QURU,49.8,L,1,1,1,NA,NA,1,NA,1,NA,1
Q1,1,16,PIST,50.6,L,1,1,1,NA,NA,1,NA,1,NA,1
Q1,1,17,PIST,14.7,L,1,1,1,NA,NA,1,NA,1,NA,1
Q1,1,18,PIST,24.9,D,5,5,5,NA,NA,5,NA,5,NA,5
Q1,1,19,ACRU,10.3,L,1,1,1,NA,NA,1,NA,1,NA,1
Q1,1,20,ACRU,27.5,L,1,1,1,NA,NA,1,NA,1,NA,1
Q1,1,21,ACRU,30.7,L,1,1,1,NA,NA,1,NA,1,NA,1
Q1,1,22,ACRU,32.9,L,1,1,1,NA,NA,1,NA,1,NA,1
Q1,1,23,PIST,15.1,L,1,1,1,NA,NA,1,NA,1,NA,1
Q1,1,24,PIST,18,D,5,5,5,NA,NA,5,NA,5,NA,5
Q1,NA,NA,NA,NA,NA,NA,NA,NA,NA,NA,NA,NA,NA,NA,NA
Q1,NA,NA,NA,NA,NA,NA,NA,NA,NA,NA,NA,NA,NA,NA,NA
Q1,2,101,PIST,38.1,L,1,1,1,NA,NA,1,NA,1,NA,1
Q1,2,102,ACRU,20.4,L,1,1,1,NA,NA,1,NA,1,NA,1
Q1,2,103,QUAL,24.7,L,1,1,1,NA,NA,1,NA,1,NA,1
Q1,2,104,PIST,56.1,L,1,1,1,NA,NA,1,NA,1,NA,1
Q1,2,105,QURU,14,D,5,5,5,NA,NA,5,NA,5,NA,5
Q1,2,106,QUAL,37,L,1,1,1,NA,NA,1,NA,1,NA,1
Q1,2,107,ACRU,20.7,L,1,1,1,NA,NA,1,NA,1,NA,1
Q1,2,108,ACRU,24.5,L,1,1,1,NA,NA,1,NA,1,NA,1
Q1,2,109,QURU,30.1,L,1,1,1,NA,NA,1,NA,1,NA,1
Q1,2,110,PIST,40.5,L,1,1,1,NA,NA,1,NA,1,NA,1
Q1,2,111,PIST,18.8,D,5,5,5,NA,NA,5,NA,5,NA,5
Q1,2,112,QURU,32.5,L,1,1,1,NA,NA,1,NA,1,NA,1
Q1,2,113,PIST,62.4,L,1,1,1,NA,NA,1,NA,1,NA,1
Q1,2,114,PIST,53.8,L,1,1,1,NA,NA,1,NA,1,NA,1
Q1,2,115,PIST,56.1,L,1,1,1,NA,NA,1,NA,1,NA,1
Q1,2,116,ACRU,16.3,D,5,5,5,NA,NA,5,NA,5,NA,5
Q1,2,117,PIST,47.9,L,1,1,1,NA,NA,1,NA,1,NA,1
Q1,2,118,ACRU,11,L,1,1,1,NA,NA,1,NA,1,NA,1
Q1,2,119,QURU,23.3,L,1,1,1,NA,NA,1,NA,1,NA,1
Q1,NA,NA,NA,NA,NA,NA,NA,NA,NA,NA,NA,NA,NA,NA,NA
Q1,NA,NA,NA,NA,NA,NA,NA,NA,NA,NA,NA,NA,NA,NA,NA
Q1,NA,NA,NA,NA,NA,NA,NA,NA,NA,NA,NA,NA,NA,NA,NA
Q1,NA,NA,NA,NA,NA,NA,NA,NA,NA,NA,NA,NA,NA,NA,NA
Q1,3,25,PIST,7,L,1,1,1,NA,NA,1,NA,1,NA,1
Q1,3,26,QUAL,29.5,L,1,1,1,NA,NA,1,NA,1,NA,1
Q1,3,27,QUAL,20.9,L,1,1,1,NA,NA,1,NA,1,NA,1
Q1,3,28,TSCA,39.8,L,1,1,1,NA,NA,1,NA,1,NA,1
Q1,3,29,ACRU,29.8,L,1,1,1,NA,NA,1,NA,1,NA,1
Q1,3,30,QURU,47.9,D,5,5,5,NA,NA,5,NA,5,NA,5
Q1,3,31,QURU,24.4,L,1,1,1,NA,NA,1,NA,1,NA,1
Q1,3,32,QURU,32.4,L,1,1,1,NA,NA,1,NA,1,NA,1
Q1,3,33,PIST,9.3,L,1,1,1,NA,NA,1,NA,1,NA,1
Q1,3,34,QUAL,20.7,L,1,1,1,NA,NA,1,NA,1,NA,1
Q1,3,35,ACRU,23.3,L,1,1,1,NA,NA,1,NA,1,NA,1
Q1,3,36,QUAL,16.7,L,1,1,1,NA,NA,1,NA,1,NA,1
Q1,3,37,ACRU,30,L,1,1,1,NA,NA,1,NA,1,NA,1
Q1,3,38,QURU,43.6,L,1,1,1,NA,NA,1,NA,1,NA,1
Q1,3,39,ACRU,23.4,L,1,1,1,NA,NA,1,NA,1,NA,1
Q1,3,40,ACRU,31.6,L,1,1,1,NA,NA,1,NA,1,NA,1
Q1,3,41,ACRU,9.6,L,1,1,1,NA,NA,1,NA,1,NA,1
Q1,3,42,ACRU,22.5,L,1,1,1,NA,NA,1,NA,1,NA,1
Q1,3,43,PIST,29,D,5,5,5,NA,NA,5,NA,5,NA,5
Q1,3,44,ACRU,15,L,1,1,1,NA,NA,1,NA,1,NA,1
Q1,3,45,PIST,15.7,D,5,5,5,NA,NA,5,NA,5,NA,5
Q1,3,46,QURU,29.3,L,1,1,1,NA,NA,1,NA,1,NA,1
Q3,1,232,QURU,14.6,L,1,1,2,NA,NA,NA,2,2,NA,2
Q3,1,233,PIST,19.8,D,5,5,5,NA,NA,NA,5,5,NA,5
Q3,1,234,QUAL,24.5,L,1,1,1,NA,NA,NA,2,2,NA,2
Q3,1,235,QUAL,23.9,L,1,1,1,NA,NA,NA,1,1,NA,1
Q3,1,236,ACRU,18.9,L,1,1,1,NA,NA,NA,1,1,NA,1
Q3,1,237,QURU,48.2,L,1,1,2,NA,NA,NA,3,3,NA,3
Q3,1,238,ACRU,17,L,1,1,1,NA,NA,NA,1,1,NA,1
Q3,1,239,PIST,15.8,D,5,5,5,NA,NA,NA,5,5,NA,5
Q3,1,240,CAGL,16.2,L,1,1,1,NA,NA,NA,1,1,NA,1
Q3,1,241,BEPA,35.9,L,1,1,1,NA,NA,NA,1,1,NA,1
Q3,1,242,PIST,23.5,D,5,5,5,NA,NA,NA,5,5,NA,5
Q3,1,243,QUAL,39.6,L,1,1,1,NA,NA,NA,2,2,NA,2
Q3,1,244,PIST,33,L,1,1,1,NA,NA,NA,1,1,NA,1
Q3,1,245,ACRU,12.2,L,1,1,1,NA,NA,NA,1,1,NA,1
Q3,1,246,QUAL,21,L,1,1,1,NA,NA,NA,1,1,NA,1
Q3,1,247,PIST,19.5,D,5,5,5,NA,NA,NA,5,5,NA,5
Q3,1,248,PIST,23,L,1,1,1,NA,NA,NA,1,1,NA,1
Q3,1,249,PIST,23.2,L,1,1,1,NA,NA,NA,1,1,NA,1
Q3,1,250,PIST,19.9,D,5,5,5,NA,NA,NA,5,5,NA,5
Q3,2,251,PIST,24.9,L,1,1,1,NA,NA,NA,1,1,NA,1
Q3,2,252,QUAL,36.9,D,5,5,5,NA,NA,NA,5,5,NA,5
Q3,2,253,ACRU,12.3,L,1,1,1,NA,NA,NA,1,1,NA,1
Q3,2,254,ACRU,14.8,L,1,1,1,NA,NA,NA,1,1,NA,1
Q3,2,255,BELE,5.4,L,1,1,1,NA,NA,NA,1,1,NA,1
Q3,2,256,ACRU,35.5,L,1,1,1,NA,NA,NA,1,1,NA,1
Q3,2,257,ACRU,22.5,L,1,1,1,NA,NA,NA,1,1,NA,1
Q3,2,258,ACRU,26.2,L,1,1,1,NA,NA,NA,1,1,NA,1
Q3,2,259,QUAL,36.7,L,1,1,1,NA,NA,NA,3,3,NA,3
Q3,2,260,ACRU,16.2,L,1,1,1,NA,NA,NA,1,1,NA,1
Q3,2,261,ACRU,10.6,L,1,1,1,NA,NA,NA,1,1,NA,1
Q3,2,262,QUAL,26.5,D,5,5,5,NA,NA,NA,5,5,NA,5
Q3,2,263,BELE,25.2,L,1,1,1,NA,NA,NA,1,1,NA,1
Q3,2,264,QUAL,50.9,D,5,5,5,NA,NA,NA,5,5,NA,5
Q3,2,265,QURU,8.1,L,1,2,1,NA,NA,NA,3,3,NA,3
Q3,2,266,QUAL,29.6,D,5,5,5,NA,NA,NA,5,5,NA,5
Q3,3,267,ACRU,11.4,L,1,1,1,NA,NA,NA,1,1,NA,1
Q3,3,268,QURU,55.4,L,1,1,1,NA,NA,NA,1,1,NA,1
Q3,3,269,ACRU,15.2,L,1,1,1,NA,NA,NA,1,1,NA,1
Q3,3,270,PIST,17.6,D,5,5,5,NA,NA,NA,5,5,NA,5
Q3,3,271,QURU,43.4,L,1,1,1,NA,NA,NA,1,1,NA,1
Q3,3,272,ACRU,10.9,L,1,1,1,NA,NA,NA,1,1,NA,1
Q3,3,273,ACRU,10.8,L,1,1,1,NA,NA,NA,1,1,NA,1
Q3,3,274,ACRU,21.3,L,1,1,1,NA,NA,NA,1,1,NA,1
Q3,3,275,QUAL,19,L,1,1,1,NA,NA,NA,1,1,NA,1
Q3,3,276,ACRU,20.9,D,5,5,5,NA,NA,NA,5,5,NA,5
Q3,3,277,BEPA,26.9,D,5,5,5,NA,NA,NA,5,5,NA,5
Q3,3,278,BELE,26.8,L,1,1,1,NA,NA,NA,1,1,NA,1
Q3,3,279,ACRU,23.5,L,1,1,1,NA,NA,NA,1,1,NA,1
Q3,3,280,ACRU,29,L,1,1,1,NA,NA,NA,1,1,NA,1
Q3,3,281,PIST,5.6,L,1,1,1,NA,NA,NA,1,1,NA,1
Q3,3,282,QURU,26.2,L,1,1,1,NA,NA,NA,1,1,NA,1
Q3,3,283,QURU,42.6,L,1,1,1,NA,NA,NA,2,2,NA,2
Q3,3,284,ACRU,17.3,L,1,1,1,NA,NA,NA,1,1,NA,1
Q5,1,120,TSCA,36.3,L,1,1,1,NA,NA,NA,1,1,NA,1
Q5,1,121,TSCA,40.5,L,1,1,1,NA,NA,NA,1,1,NA,1
Q5,1,122,QURU,57.9,L,1,1,1,NA,NA,NA,1,1,NA,1
Q5,1,123,TSCA,30.2,L,1,1,1,NA,NA,NA,1,1,NA,1
Q5,1,124,ACRU,8.7,L,1,1,1,NA,NA,NA,1,1,NA,1
Q5,1,125,TSCA,16,L,1,1,1,NA,NA,NA,1,1,NA,1
Q5,1,126,TSCA,17,D,5,5,5,NA,NA,NA,5,5,NA,5
Q5,1,127,QURU,54.8,D,5,5,5,NA,NA,NA,5,5,NA,5
Q5,1,128,TSCA,32.9,L,1,1,1,NA,NA,NA,1,1,NA,1
Q5,1,129,PIST,59,L,1,1,1,NA,NA,NA,1,1,NA,1
Q5,1,130,QURU,32,D,5,5,5,NA,NA,NA,5,5,NA,5
Q5,1,131,ACRU,8.6,L,1,1,1,NA,NA,NA,1,1,NA,1
Q5,1,132,ACRU,11.2,L,1,1,1,NA,NA,NA,1,1,NA,1
Q5,1,133,ACRU,15.9,L,1,1,1,NA,NA,NA,1,1,NA,1
Q5,1,134,TSCA,7.9,L,1,1,1,NA,NA,NA,1,1,NA,1
Q5,1,135,TSCA,9.4,L,1,1,1,NA,NA,NA,1,1,NA,1
Q5,1,136,TSCA,38.3,L,1,1,1,NA,NA,NA,1,1,NA,1
Q5,1,137,FRAM,30.2,L,1,1,1,NA,NA,NA,1,1,NA,1
Q5,1,138,TSCA,29.8,L,1,1,1,NA,NA,NA,1,1,NA,1
Q5,1,139,TSCA,33.5,L,1,1,1,NA,NA,NA,1,1,NA,1
Q5,1,140,ACRU,9.3,L,1,1,1,NA,NA,NA,1,1,NA,1
Q5,1,141,BELE,18.3,L,1,1,1,NA,NA,NA,1,1,NA,1
Q5,1,142,BELE,15,L,1,1,1,NA,NA,NA,1,1,NA,1
Q5,1,143,ACRU,7.4,L,1,1,1,NA,NA,NA,1,1,NA,1
Q5,1,144,BELE,18.2,L,1,1,1,NA,NA,NA,1,1,NA,1
Q5,2,47,QURU,52.5,L,1,1,1,NA,NA,NA,1,1,NA,1
Q5,2,48,ACRU,7.4,L,1,1,1,NA,NA,NA,1,1,NA,1
Q5,2,49,ACRU,6.4,L,1,1,1,NA,NA,NA,1,1,NA,1
Q5,2,50,ACRU,24.4,L,1,1,1,NA,NA,NA,1,1,NA,1
Q5,2,51,QURU,49.6,L,1,1,1,NA,NA,NA,1,1,NA,1
Q5,2,52,ACRU,17.8,L,1,1,1,NA,NA,NA,1,1,NA,1
Q5,2,53,QURU,64.2,D,5,5,5,NA,NA,NA,5,5,NA,5
Q5,2,54,PIST,25.8,D,5,5,5,NA,NA,NA,5,5,NA,5
Q5,2,55,BELE,17.4,L,1,1,1,NA,NA,NA,1,1,NA,1
Q5,2,56,PIST,21.6,L,1,1,1,NA,NA,NA,1,1,NA,1
Q5,2,57,ACRU,7.6,L,1,1,1,NA,NA,NA,1,1,NA,1
Q5,2,58,ACRU,7.5,L,1,1,1,NA,NA,NA,1,1,NA,1
Q5,2,59,QURU,56,L,1,1,1,NA,NA,NA,1,1,NA,1
Q5,2,60,ACRU,8.2,L,1,1,1,NA,NA,NA,1,1,NA,1
Q5,2,61,ACRU,5.1,L,1,1,1,NA,NA,NA,1,1,NA,1
Q5,2,62,ACRU,11.1,L,1,1,1,NA,NA,NA,1,1,NA,1
Q5,2,63,ACRU,8.1,L,1,1,1,NA,NA,NA,1,1,NA,1
Q5,2,64,ACRU,12.1,L,1,1,1,NA,NA,NA,1,1,NA,1
Q5,2,65,QUAL,39.9,L,1,1,1,NA,NA,NA,1,1,NA,1
Q5,2,66,ACRU,16.6,L,1,1,1,NA,NA,NA,1,1,NA,1
Q5,2,67,ACRU,5.8,L,1,1,1,NA,NA,NA,1,1,NA,1
Q5,2,68,ACRU,17.5,L,1,1,1,NA,NA,NA,1,1,NA,1
Q5,2,69,BELE,11.2,L,1,1,1,NA,NA,NA,1,1,NA,1
Q5,2,70,BELE,7.6,L,1,1,1,NA,NA,NA,1,1,NA,1
Q5,2,71,ACRU,8.4,L,1,1,1,NA,NA,NA,1,1,NA,1
Q5,2,72,PIST,57.2,L,1,1,1,NA,NA,NA,1,1,NA,1
Q5,2,73,QUAL,68.8,D,5,5,5,NA,NA,NA,5,5,NA,5
Q5,2,74,ACRU,7.1,L,1,1,1,NA,NA,NA,1,1,NA,1
Q5,2,75,ACRU,11.8,L,1,1,1,NA,NA,NA,1,1,NA,1
Q5,2,76,BELE,6.1,L,1,1,1,NA,NA,NA,1,1,NA,1
Q5,3,145,ACRU,16,L,1,1,1,NA,NA,NA,1,1,NA,1
Q5,3,146,PIST,18.2,L,1,1,1,NA,NA,NA,1,1,NA,1
Q5,3,147,ACRU,19.1,L,1,1,1,NA,NA,NA,1,1,NA,1
Q5,3,148,ACRU,7.5,L,1,1,1,NA,NA,NA,1,1,NA,1
Q5,3,149,ACRU,11.6,L,1,1,1,NA,NA,NA,1,1,NA,1
Q5,3,150,BELE,21,L,1,1,1,NA,NA,NA,1,1,NA,1
Q5,3,151,BELE,12.2,L,1,1,1,NA,NA,NA,1,1,NA,1
Q5,3,152,TSCA,35.1,L,1,1,1,NA,NA,NA,1,1,NA,1
Q5,3,153,ACRU,26.7,L,1,1,1,NA,NA,NA,1,1,NA,1
Q5,3,154,QURU,66,L,1,1,1,NA,NA,NA,1,1,NA,1
Q5,3,155,QURU,68.4,L,1,1,1,NA,NA,NA,1,1,NA,1
Q5,3,156,TSCA,63.1,D,5,5,5,NA,NA,NA,5,5,NA,5
Q5,3,157,PIST,39.2,L,1,1,1,NA,NA,NA,1,1,NA,1
Q5,3,158,ACRU,7.9,L,1,1,1,NA,NA,NA,1,1,NA,1
Q5,3,159,ACRU,8.1,L,1,1,1,NA,NA,NA,1,1,NA,1
Q5,3,160,ACRU,6.5,L,1,1,1,NA,NA,NA,1,1,NA,1
Q5,3,161,FRAM,14.1,L,1,1,1,NA,NA,NA,1,1,NA,1
Q5,3,162,TSCA,38.6,L,1,1,1,NA,NA,NA,1,1,NA,1
Q5,3,163,QURU,51.5,L,1,1,1,NA,NA,NA,1,1,NA,1
Q5,3,164,PIST,8.2,L,1,1,1,NA,NA,NA,1,1,NA,1
Q5,3,165,BELE,8.1,L,1,1,1,NA,NA,NA,1,1,NA,1
Q5,3,166,PIST,9,L,1,1,1,NA,NA,NA,1,1,NA,1
Q5,3,167,ACRU,8.3,L,1,1,1,NA,NA,NA,1,1,NA,1
Q5,3,168,ACRU,8,L,1,1,1,NA,NA,NA,1,1,NA,1
Q6,1,285,ACRU,8.9,L,1,1,1,NA,NA,NA,1,1,NA,1
Q6,1,286,ACRU,17.2,L,1,1,1,NA,NA,NA,1,1,NA,1
Q6,1,287,ACRU,18.3,L,1,1,1,NA,NA,NA,1,1,NA,1
Q6,1,288,PIST,38.2,L,1,1,1,NA,NA,NA,1,1,NA,1
Q6,1,289,ACRU,26.7,L,1,1,1,NA,NA,NA,1,1,NA,1
Q6,1,290,ACRU,12.4,L,1,1,1,NA,NA,NA,1,1,NA,1
Q6,1,291,ACRU,13,L,1,1,1,NA,NA,NA,1,1,NA,1
Q6,1,292,PIST,53.2,L,1,1,1,NA,NA,NA,1,1,NA,1
Q6,1,293,ACRU,10.2,L,1,1,1,NA,NA,NA,1,1,NA,1
Q6,1,294,ACRU,6.7,L,1,1,1,NA,NA,NA,1,1,NA,1
Q6,1,295,QURU,12.2,D,5,5,5,NA,NA,NA,5,5,NA,5
Q6,1,296,QURU,21.1,D,5,5,5,NA,NA,NA,5,5,NA,5
Q6,1,297,ACRU,6.7,L,1,1,1,NA,NA,NA,1,1,NA,1
Q6,1,298,PIST,14.8,L,1,1,1,NA,NA,NA,1,1,NA,1
Q6,1,299,PIST,25.8,L,1,1,1,NA,NA,NA,1,1,NA,1
Q6,1,300,ACRU,12,L,1,1,1,NA,NA,NA,1,1,NA,1
Q6,1,301,ACRU,9.1,L,1,1,1,NA,NA,NA,1,1,NA,1
Q6,1,302,PIST,6.2,L,1,1,1,NA,NA,NA,1,1,NA,1
Q6,1,303,ACRU,11.1,L,1,1,1,NA,NA,NA,1,1,NA,1
Q6,1,304,PIST,14.2,L,1,1,1,NA,NA,NA,1,1,NA,1
Q6,1,305,QURU,34.8,L,1,1,1,NA,NA,NA,1,1,NA,1
Q6,1,306,PIST,18.9,L,1,1,1,NA,NA,NA,1,1,NA,1
Q6,1,307,ACRU,15.6,L,1,1,1,NA,NA,NA,1,1,NA,1
Q6,1,308,ACRU,9.8,L,1,1,1,NA,NA,NA,1,1,NA,1
Q6,1,309,PIST,5,L,1,1,1,NA,NA,NA,1,1,NA,1
Q6,1,310,PIST,5.9,L,1,1,1,NA,NA,NA,1,1,NA,1
Q6,1,311,ACRU,31.1,L,1,1,1,NA,NA,NA,1,1,NA,1
Q6,1,312,PIST,10.2,L,1,1,1,NA,NA,NA,1,1,NA,1
Q6,1,313,PIST,5.1,L,1,1,1,NA,NA,NA,1,1,NA,1
Q6,1,314,ACRU,11.3,L,1,1,1,NA,NA,NA,1,1,NA,1
Q6,1,315,ACRU,14.6,L,1,1,1,NA,NA,NA,1,1,NA,1
Q6,1,316,PIST,5.6,L,1,1,1,NA,NA,NA,1,1,NA,1
Q6,1,317,PIST,6.2,L,1,1,1,NA,NA,NA,1,1,NA,1
Q6,1,318,PIST,11,L,1,1,1,NA,NA,NA,1,1,NA,1
Q6,1,319,PIST,11.6,L,1,1,1,NA,NA,NA,1,1,NA,1
Q6,1,320,PIST,5.6,L,1,1,1,NA,NA,NA,1,1,NA,1
Q6,1,321,PIST,8.6,L,1,1,1,NA,NA,NA,1,1,NA,1
Q6,1,322,ACRU,6.3,L,1,1,1,NA,NA,NA,1,1,NA,1
Q6,1,323,QURU,35.8,D,5,5,5,NA,NA,NA,5,5,NA,5
Q6,1,324,PIST,7.7,L,1,1,1,NA,NA,NA,1,1,NA,1
Q6,1,325,PIST,10.2,L,1,1,1,NA,NA,NA,1,1,NA,1
Q6,1,326,QURU,50.6,D,5,5,5,NA,NA,NA,5,5,NA,5
Q6,1,327,QURU,60,D,5,5,5,NA,NA,NA,5,5,NA,5
Q6,1,328,QURU,65.8,D,5,5,5,NA,NA,NA,5,5,NA,5
Q6,NA,NA,NA,NA,NA,NA,NA,NA,NA,NA,NA,NA,NA,NA,NA
Q6,2,329,ACRU,25.9,L,1,1,1,NA,NA,NA,1,1,NA,1
Q6,2,330,ACRU,9.6,L,1,1,1,NA,NA,NA,1,1,NA,1
Q6,2,331,PIST,11.1,L,1,1,1,NA,NA,NA,1,1,NA,1
Q6,2,332,QURU,55.5,D,5,5,5,NA,NA,NA,5,5,NA,5
Q6,2,333,ACRU,22,L,1,1,1,NA,NA,NA,1,1,NA,1
Q6,2,334,ACRU,8.7,L,1,1,1,NA,NA,NA,1,1,NA,1
Q6,2,335,ACRU,14.9,L,1,1,1,NA,NA,NA,1,1,NA,1
Q6,2,336,PIST,5.1,L,1,1,1,NA,NA,NA,1,1,NA,1
Q6,2,337,PIST,7.5,L,1,1,1,NA,NA,NA,1,1,NA,1
Q6,2,338,PIST,8,L,1,1,1,NA,NA,NA,1,1,NA,1
Q6,2,339,QURU,42,D,5,5,5,NA,NA,NA,5,5,NA,5
Q6,2,340,PIST,7.5,L,1,1,1,NA,NA,NA,1,1,NA,1
Q6,2,341,QUAL,20,D,5,5,5,NA,NA,NA,5,5,NA,5
Q6,2,342,CADE,5.2,L,1,1,1,NA,NA,NA,1,1,NA,1
Q6,2,343,ACRU,5.4,L,1,1,1,NA,NA,NA,1,1,NA,1
Q6,2,344,PIST,12.7,L,1,1,1,NA,NA,NA,1,1,NA,1
Q6,2,345,PIST,7.6,L,1,1,1,NA,NA,NA,1,1,NA,1
Q6,2,346,PIST,17.4,L,1,1,1,NA,NA,NA,1,1,NA,1
Q6,2,347,PIST,12,L,1,1,1,NA,NA,NA,1,1,NA,1
Q6,2,348,PIST,7.6,L,1,1,1,NA,NA,NA,1,1,NA,1
Q6,2,349,PIST,5.2,L,1,1,1,NA,NA,NA,1,1,NA,1
Q6,2,350,PIST,9.4,L,1,1,1,NA,NA,NA,1,1,NA,1
Q6,2,351,PIST,5.4,L,1,1,1,NA,NA,NA,1,1,NA,1
Q6,2,352,ACRU,20.3,L,1,1,1,NA,NA,NA,1,1,NA,1
Q6,2,353,QUAL,23.7,D,5,5,5,NA,NA,NA,5,5,NA,5
Q6,2,354,QUAL,33.6,D,5,5,5,NA,NA,NA,5,5,NA,5
Q6,2,355,PIST,6,L,1,1,1,NA,NA,NA,1,1,NA,1
Q6,2,356,PIST,8.4,L,1,1,1,NA,NA,NA,1,1,NA,1
Q6,2,357,PIST,10.7,L,1,1,1,NA,NA,NA,1,1,NA,1
Q6,2,358,QURU,55.2,D,5,5,5,NA,NA,NA,5,5,NA,5
Q6,2,359,ACRU,11.4,L,1,1,1,NA,NA,NA,1,1,NA,1
Q6,2,360,ACRU,21.9,L,1,1,1,NA,NA,NA,1,1,NA,1
Q6,2,361,PIST,7.7,L,1,1,1,NA,NA,NA,1,1,NA,1
Q6,2,362,PIST,8.7,L,1,1,1,NA,NA,NA,1,1,NA,1
Q6,2,363,ACRU,21.8,L,1,1,1,NA,NA,NA,1,1,NA,1
Q6,2,364,PIST,5.6,L,1,1,1,NA,NA,NA,1,1,NA,1
Q6,2,365,PIST,6.9,L,1,1,1,NA,NA,NA,1,1,NA,1
Q6,2,366,PIST,9.5,L,1,1,1,NA,NA,NA,1,1,NA,1
Q6,2,NA,QUAL,NA,L,NA,NA,NA,NA,NA,NA,NA,NA,NA,NA
Q6,NA,NA,NA,NA,NA,NA,NA,NA,NA,NA,NA,NA,NA,NA,NA
Q6,3,367,QUAL,53.8,D,5,5,5,NA,NA,NA,5,5,NA,5
Q6,3,368,PIST,6.6,L,1,1,1,NA,NA,NA,1,1,NA,1
Q6,3,369,ACRU,6.2,L,1,1,1,NA,NA,NA,1,1,NA,1
Q6,3,370,ACRU,6.2,L,1,1,1,NA,NA,NA,1,1,NA,1
Q6,3,371,PIST,13,L,1,1,1,NA,NA,NA,1,1,NA,1
Q6,3,372,PIST,6.4,L,1,1,1,NA,NA,NA,1,1,NA,1
Q6,3,373,PIST,38.2,L,1,1,1,NA,NA,NA,1,1,NA,1
Q6,3,374,ACRU,24.2,D,5,5,5,NA,NA,NA,5,5,NA,5
Q6,3,375,QUAL,30.9,D,5,5,5,NA,NA,NA,5,5,NA,5
Q6,3,376,PIST,7.3,L,1,1,1,NA,NA,NA,1,1,NA,1
Q6,3,377,PIST,5.4,L,1,1,1,NA,NA,NA,1,1,NA,1
Q6,3,378,PIST,9,L,1,1,1,NA,NA,NA,1,1,NA,1
Q6,3,379,ACRU,25,L,1,1,1,NA,NA,NA,1,1,NA,1
Q6,3,380,ACRU,6.8,L,1,1,1,NA,NA,NA,1,1,NA,1
Q6,3,381,ACRU,8.5,L,1,1,1,NA,NA,NA,1,1,NA,1
Q6,3,382,BELE,12.3,L,1,1,1,NA,NA,NA,1,1,NA,1
Q6,3,383,ACRU,17.8,L,1,1,1,NA,NA,NA,1,1,NA,1
Q6,3,384,ACRU,8.4,L,1,1,1,NA,NA,NA,1,1,NA,1
Q6,3,385,ACRU,6.8,L,1,1,1,NA,NA,NA,1,1,NA,1
Q6,3,386,ACRU,6.5,L,1,1,1,NA,NA,NA,1,1,NA,1
Q6,3,387,ACRU,8.4,L,1,1,1,NA,NA,NA,1,1,NA,1
Q6,3,388,PIST,24.5,L,1,1,1,NA,NA,NA,1,1,NA,1
Q6,3,389,QUAL,32,D,5,5,5,NA,NA,NA,5,5,NA,5
Q6,3,390,PIST,12.9,L,1,1,1,NA,NA,NA,1,1,NA,1
Q6,3,391,QUVE,5,L,2,1,1,NA,NA,NA,2,2,NA,2
Q6,3,392,ACRU,15.7,L,1,1,1,NA,NA,NA,1,1,NA,1
Q6,3,393,PIST,5.8,L,1,1,1,NA,NA,NA,1,1,NA,1
Q6,3,394,PIST,5.1,L,1,1,1,NA,NA,NA,1,1,NA,1
Q6,NA,NA,QURU,NA,NA,NA,NA,NA,NA,NA,NA,NA,NA,NA,NA
Q8,1,482,BELE,16.5,L,1,1,NA,1,NA,1,NA,1,NA,1
Q8,1,483,BELE,9.6,L,1,1,NA,1,NA,1,NA,1,NA,1
Q8,1,484,BELE,15.5,L,1,1,NA,1,NA,1,NA,1,NA,1
Q8,1,485,FRAM,39.1,L,1,1,NA,1,NA,1,NA,1,NA,1
Q8,1,486,BELE,7.1,L,1,1,NA,1,NA,1,NA,1,NA,1
Q8,1,487,BELE,13,L,1,1,NA,1,NA,1,NA,1,NA,1
Q8,1,488,BELE,10.5,L,1,1,NA,1,NA,1,NA,1,NA,1
Q8,1,489,BELE,22.8,L,1,1,NA,1,NA,1,NA,1,NA,1
Q8,1,490,BELE,9.5,L,1,1,NA,1,NA,1,NA,1,NA,1
Q8,1,491,BELE,7.8,L,1,1,NA,1,NA,1,NA,1,NA,1
Q8,1,492,BELE,6.6,L,1,1,NA,1,NA,1,NA,1,NA,1
Q8,1,493,ACRU,20.8,L,1,1,NA,1,NA,1,NA,1,NA,1
Q8,1,494,BELE,20.4,L,1,1,NA,1,NA,1,NA,1,NA,1
Q8,1,495,BELE,19,L,1,1,NA,1,NA,1,NA,1,NA,1
Q8,1,496,ACRU,13,L,1,1,NA,1,NA,1,NA,1,NA,1
Q8,1,497,ACRU,13.1,L,1,1,NA,1,NA,1,NA,1,NA,1
Q8,1,498,ACRU,9.6,L,1,1,NA,1,NA,1,NA,1,NA,1
Q8,1,499,ACRU,17.2,L,1,1,NA,1,NA,1,NA,1,NA,1
Q8,1,500,ACRU,9.8,L,1,1,NA,1,NA,1,NA,1,NA,1
Q8,1,2801,ACRU,11.5,L,1,1,NA,1,NA,1,NA,1,NA,1
Q8,1,2802,BELE,7.5,L,1,1,NA,1,NA,1,NA,1,NA,1
Q8,1,2803,BELE,15.8,L,1,1,NA,1,NA,1,NA,1,NA,1
Q8,1,2804,BELE,10,L,1,1,NA,1,NA,1,NA,1,NA,1
Q8,1,2805,BELE,20.6,L,1,1,NA,1,NA,1,NA,1,NA,1
Q8,1,2806,ACRU,10,L,1,1,NA,1,NA,1,NA,1,NA,1
Q8,1,2807,ACRU,6,L,1,1,NA,1,NA,1,NA,1,NA,1
Q8,1,2808,ACRU,8.1,L,1,1,NA,1,NA,1,NA,1,NA,1
Q8,1,2809,QURU,62.4,L,1,1,NA,1,NA,1,NA,1,NA,1
Q8,1,2810,BELE,9.6,L,1,1,NA,1,NA,1,NA,1,NA,1
Q8,1,2811,BELE,7.5,L,1,1,NA,1,NA,1,NA,1,NA,1
Q8,2,2812,BELE,17,L,1,1,NA,1,NA,1,NA,1,NA,1
Q8,2,2813,BELE,17.8,L,1,1,NA,1,NA,1,NA,1,NA,1
Q8,2,2814,BELE,5.1,L,1,1,NA,1,NA,1,NA,1,NA,1
Q8,2,2815,BELE,18,L,1,1,NA,1,NA,1,NA,1,NA,1
Q8,2,2816,BELE,19.2,L,1,1,NA,1,NA,1,NA,1,NA,1
Q8,2,2817,BELE,20.1,L,1,1,NA,1,NA,1,NA,1,NA,1
Q8,2,2818,BELE,15.9,L,1,1,NA,1,NA,1,NA,1,NA,1
Q8,2,2819,QURU,33.8,L,1,1,NA,1,NA,1,NA,1,NA,1
Q8,2,2820,BELE,20.7,L,1,1,NA,1,NA,1,NA,1,NA,1
Q8,2,2821,ACRU,13,L,1,1,NA,1,NA,1,NA,1,NA,1
Q8,2,2822,ACRU,19.4,L,1,1,NA,1,NA,1,NA,1,NA,1
Q8,2,2823,BELE,5.5,L,1,1,NA,1,NA,1,NA,1,NA,1
Q8,2,501,CAGL,41.9,L,1,1,NA,1,NA,1,NA,1,NA,1
Q8,2,502,BELE,16.4,L,1,1,NA,1,NA,1,NA,1,NA,1
Q8,2,503,ACRU,11.7,L,1,1,NA,1,NA,1,NA,1,NA,1
Q8,2,504,BELE,9.4,L,1,1,NA,1,NA,1,NA,1,NA,1
Q8,2,505,BELE,18.6,L,1,1,NA,1,NA,1,NA,1,NA,1
Q8,2,506,BELE,14.1,L,1,1,NA,1,NA,1,NA,1,NA,1
Q8,2,507,BELE,20.1,L,1,1,NA,1,NA,1,NA,1,NA,1
Q8,2,508,BELE,14.5,L,1,1,NA,1,NA,1,NA,1,NA,1
Q8,2,509,BELE,14,L,1,1,NA,1,NA,1,NA,1,NA,1
Q8,2,510,BELE,7.8,L,1,1,NA,1,NA,1,NA,1,NA,1
Q8,2,511,BELE,10.2,L,1,1,NA,1,NA,1,NA,1,NA,1
Q8,2,512,BELE,10,L,1,1,NA,1,NA,1,NA,1,NA,1
Q8,2,513,BELE,17.5,L,1,1,NA,1,NA,1,NA,1,NA,1
Q8,2,514,BELE,8.8,L,1,1,NA,1,NA,1,NA,1,NA,1
Q8,2,515,ACRU,11.7,L,1,1,NA,1,NA,1,NA,1,NA,1
Q8,2,516,BELE,5.1,L,1,1,NA,1,NA,1,NA,1,NA,1
Q8,2,517,BELE,9.4,L,1,1,NA,1,NA,1,NA,1,NA,1
Q8,2,518,BELE,18.9,L,1,1,NA,1,NA,1,NA,1,NA,1
Q8,2,519,BELE,6.8,L,1,1,NA,1,NA,1,NA,1,NA,1
Q8,2,520,ACRU,10.5,L,1,1,NA,1,NA,1,NA,1,NA,1
Q8,2,521,CAGL,9.8,L,1,1,NA,1,NA,1,NA,1,NA,1
Q8,2,522,BELE,9.9,L,1,1,NA,1,NA,1,NA,1,NA,1
Q8,2,523,BELE,7.7,L,1,1,NA,1,NA,1,NA,1,NA,1
Q8,NA,NA,NA,NA,NA,NA,NA,NA,NA,NA,NA,NA,NA,NA,NA
Q8,3,524,FRAM,60.7,L,1,1,NA,1,NA,1,NA,1,NA,1
Q8,3,525,BELE,28.8,L,1,1,NA,1,NA,1,NA,1,NA,1
Q8,3,526,ACRU,12.4,L,1,1,NA,1,NA,1,NA,1,NA,1
Q8,3,527,ACRU,35.9,L,1,1,NA,1,NA,1,NA,1,NA,1
Q8,3,528,ACRU,23.2,L,1,1,NA,1,NA,1,NA,1,NA,1
Q8,3,529,ACRU,11.2,L,1,1,NA,1,NA,1,NA,1,NA,1
Q8,3,530,ACRU,5,L,1,1,NA,1,NA,1,NA,1,NA,1
Q8,3,531,ACRU,10.7,L,1,1,NA,1,NA,1,NA,1,NA,1
Q8,3,532,ACRU,11.6,L,1,1,NA,1,NA,1,NA,1,NA,1
Q8,3,533,BELE,29.1,L,1,1,NA,1,NA,1,NA,1,NA,1
Q8,3,534,BEAL,44.3,L,1,1,NA,1,NA,1,NA,1,NA,1
Q8,3,535,ACRU,13.4,L,1,1,NA,1,NA,1,NA,1,NA,1
Q8,3,536,BELE,35.2,L,1,1,NA,1,NA,1,NA,1,NA,1
Q8,3,537,ACRU,59.9,L,1,1,NA,1,NA,1,NA,1,NA,1
Q8,3,538,BELE,29.9,L,1,1,NA,1,NA,1,NA,1,NA,1
Q8,NA,NA,NA,NA,NA,NA,NA,NA,NA,NA,NA,NA,NA,NA,NA
Q9,1,77,QUVE,29.4,D,5,5,NA,5,NA,5,NA,5,NA,5
Q9,1,78,ACRU,20.3,L,1,1,NA,1,NA,1,NA,1,NA,1
Q9,1,79,ACRU,13.2,L,1,1,NA,1,NA,1,NA,1,NA,1
Q9,1,80,QURU,27.3,L,1,1,NA,1,NA,1,NA,1,NA,1
Q9,1,81,ACRU,12.6,L,1,1,NA,1,NA,1,NA,1,NA,1
Q9,1,82,QURU,54.3,L,1,1,NA,1,NA,1,NA,1,NA,1
Q9,1,83,QURU,16.4,D,5,5,NA,5,NA,5,NA,5,NA,5
Q9,1,84,ACRU,19.9,L,1,1,NA,1,NA,1,NA,1,NA,1
Q9,1,85,ACRU,18.3,L,1,1,NA,1,NA,1,NA,1,NA,1
Q9,1,86,QURU,52.3,L,1,1,NA,1,NA,1,NA,1,NA,1
Q9,1,87,QURU,45.5,L,1,1,NA,1,NA,1,NA,1,NA,1
Q9,1,88,CAOV,11,L,1,1,NA,1,NA,1,NA,1,NA,1
Q9,1,89,CAOV,6.8,L,1,1,NA,1,NA,1,NA,1,NA,1
Q9,1,90,FRAM,53,L,1,1,NA,1,NA,1,NA,1,NA,1
Q9,1,91,ACRU,37.3,L,1,1,NA,1,NA,1,NA,1,NA,1
Q9,1,92,QURU,42.7,L,1,1,NA,1,NA,1,NA,1,NA,1
Q9,1,93,QURU,29.9,D,5,5,NA,5,NA,5,NA,5,NA,5
Q9,1,94,QURU,33.2,D,5,5,NA,5,NA,5,NA,5,NA,5
Q9,1,95,QURU,40.5,D,5,5,NA,5,NA,5,NA,5,NA,5
Q9,2,169,ACRU,10.1,L,1,1,NA,1,NA,1,NA,1,NA,1
Q9,2,170,ACRU,9,L,1,1,NA,1,NA,1,NA,1,NA,1
Q9,2,171,ACRU,15.8,L,1,1,NA,1,NA,1,NA,1,NA,1
Q9,2,172,ACRU,22.5,L,1,1,NA,1,NA,1,NA,1,NA,1
Q9,2,173,ACRU,8,L,1,1,NA,1,NA,1,NA,1,NA,1
Q9,2,174,QURU,51.3,L,1,1,NA,1,NA,1,NA,1,NA,1
Q9,2,175,QURU,12.2,D,5,5,NA,5,NA,5,NA,5,NA,5
Q9,2,176,ACRU,8.3,L,1,1,NA,1,NA,1,NA,1,NA,1
Q9,2,177,ACRU,21.3,L,1,1,NA,1,NA,1,NA,1,NA,1
Q9,2,178,QURU,41.8,D,5,5,NA,5,NA,5,NA,5,NA,5
Q9,2,179,QURU,30.9,L,1,1,NA,1,NA,1,NA,1,NA,1
Q9,2,180,PIST,12.7,L,1,1,NA,1,NA,1,NA,1,NA,1
Q9,2,181,ACRU,17.5,L,1,1,NA,1,NA,1,NA,1,NA,1
Q9,2,182,ACRU,6.3,L,1,1,NA,1,NA,1,NA,1,NA,1
Q9,2,183,ACRU,5.7,L,1,1,NA,1,NA,1,NA,1,NA,1
Q9,2,184,PIST,6.7,L,1,1,NA,1,NA,1,NA,1,NA,1
Q9,2,185,QURU,13.8,D,5,5,NA,5,NA,5,NA,5,NA,5
Q9,2,186,QURU,55.5,L,1,1,NA,1,NA,1,NA,1,NA,1
Q9,2,187,FRNI,5.5,L,1,1,NA,1,NA,1,NA,1,NA,1
Q9,2,188,QUVE,20.2,L,1,1,NA,1,NA,1,NA,1,NA,1
Q9,2,189,QURU,34.3,L,1,1,NA,1,NA,1,NA,1,NA,1
Q9,2,190,QURU,64.5,D,5,5,NA,5,NA,5,NA,5,NA,5
Q9,2,191,ACRU,9.8,L,1,1,NA,1,NA,1,NA,1,NA,1
Q9,2,192,CAOV,15.3,L,1,1,NA,1,NA,1,NA,1,NA,1
Q9,2,193,PIST,8.5,L,1,1,NA,1,NA,1,NA,1,NA,1
Q9,2,194,ACRU,10.9,L,1,1,NA,1,NA,1,NA,1,NA,1
Q9,2,195,ACRU,9.9,L,1,1,NA,1,NA,1,NA,1,NA,1
Q9,2,196,ACRU,15.8,L,1,1,NA,1,NA,1,NA,1,NA,1
Q9,2,197,CASP,22.2,L,1,1,NA,1,NA,1,NA,1,NA,1
Q9,2,198,PIST,5.2,L,1,1,NA,1,NA,1,NA,1,NA,1
Q9,2,199,PIST,8.9,L,1,1,NA,1,NA,1,NA,1,NA,1
Q9,2,200,QUAL,55.4,L,1,1,NA,1,NA,1,NA,1,NA,1
Q9,2,201,ACRU,14.5,L,1,1,NA,1,NA,1,NA,1,NA,1
Q9,2,202,ACRU,10.4,L,1,1,NA,1,NA,1,NA,1,NA,1
Q9,2,203,QURU,40.7,L,1,1,NA,1,NA,1,NA,1,NA,1
Q9,NA,NA,QURU,38.9,L,NA,NA,NA,NA,NA,NA,NA,NA,NA,NA
Q9,3,96,PIST,5,L,1,1,NA,1,NA,1,NA,1,NA,1
Q9,3,97,QURU,55.2,L,1,1,NA,1,NA,1,NA,1,NA,1
Q9,3,98,PIST,5.2,L,1,1,NA,1,NA,1,NA,1,NA,1
Q9,3,99,ACRU,12.2,L,1,1,NA,1,NA,1,NA,1,NA,1
Q9,3,100,QUAL,17.4,L,1,1,NA,1,NA,1,NA,1,NA,1
Q9,3,204,QUAL,16.6,D,5,5,NA,5,NA,5,NA,5,NA,5
Q9,3,205,PIST,5.4,L,1,1,NA,1,NA,1,NA,1,NA,1
Q9,3,206,PIST,5.5,L,1,1,NA,1,NA,1,NA,1,NA,1
Q9,3,207,PIST,5,L,1,1,NA,1,NA,1,NA,1,NA,1
Q9,3,208,CAOV,6,L,1,1,NA,1,NA,1,NA,1,NA,1
Q9,3,209,QURU,50.8,L,1,1,NA,1,NA,1,NA,1,NA,1
Q9,3,210,ACRU,11.8,L,1,1,NA,1,NA,1,NA,1,NA,1
Q9,3,211,ACRU,12,L,1,1,NA,1,NA,1,NA,1,NA,1
Q9,3,212,ACRU,17.6,L,1,1,NA,1,NA,1,NA,1,NA,1
Q9,3,213,CAOV,20.2,L,1,1,NA,1,NA,1,NA,1,NA,1
Q9,3,214,CAOV,9.2,L,1,1,NA,1,NA,1,NA,1,NA,1
Q9,3,215,PIST,5.3,L,1,1,NA,1,NA,1,NA,1,NA,1
Q9,3,216,ACRU,15,L,1,1,NA,1,NA,1,NA,1,NA,1
Q9,3,217,PIST,5.5,L,1,1,NA,1,NA,1,NA,1,NA,1
Q9,3,218,PIST,8.5,L,1,1,NA,1,NA,1,NA,1,NA,1
Q9,3,219,PIST,6.5,L,1,1,NA,1,NA,1,NA,1,NA,1
Q9,3,220,PIST,6.1,L,1,1,NA,1,NA,1,NA,1,NA,1
Q9,3,221,ACRU,17.7,L,1,1,NA,1,NA,1,NA,1,NA,1
Q9,3,222,ACRU,16.2,D,5,5,NA,5,NA,5,NA,5,NA,5
Q9,3,223,ACRU,15.7,L,1,1,NA,1,NA,1,NA,1,NA,1
Q9,3,224,ACRU,15.7,L,1,1,NA,1,NA,1,NA,1,NA,1
Q9,3,225,ACRU,19.9,L,1,1,NA,1,NA,1,NA,1,NA,1
Q9,3,226,ACRU,8.4,L,1,1,NA,1,NA,NA,NA,NA,NA,NA
Q9,3,227,CAOV,21.8,L,1,1,NA,1,NA,1,NA,1,NA,1
Q9,3,228,QUAL,15,L,1,1,NA,1,NA,1,NA,1,NA,1
Q9,3,229,PIST,5.5,L,1,1,NA,1,NA,1,NA,1,NA,1
Q9,3,230,QUAL,14.8,L,1,1,NA,1,NA,1,NA,1,NA,1
Q9,3,231,PIST,9.2,L,1,1,NA,1,NA,1,NA,1,NA,1
Q10,1,401,PIST,5.3,L,1,1,NA,1,NA,1,NA,1,NA,1
Q10,1,402,PIST,5.8,L,1,1,NA,1,NA,1,NA,1,NA,1
Q10,1,403,PIST,5.7,L,1,1,NA,1,NA,1,NA,1,NA,1
Q10,1,404,QURU,32.1,D,5,5,NA,5,NA,5,NA,5,NA,5
Q10,1,405,PIST,5,L,1,1,NA,1,NA,1,NA,1,NA,1
Q10,1,406,ACRU,17.3,L,1,1,NA,1,NA,1,NA,1,NA,1
Q10,1,407,ACRU,18.2,L,1,1,NA,1,NA,1,NA,1,NA,1
Q10,1,408,PIST,5.3,L,1,1,NA,1,NA,1,NA,1,NA,1
Q10,1,409,QURU,64.4,D,5,5,NA,5,NA,5,NA,5,NA,5
Q10,1,410,BELE,19.3,L,1,1,NA,1,NA,1,NA,1,NA,1
Q10,1,411,QURU,29.7,D,5,5,NA,5,NA,5,NA,5,NA,5
Q10,1,412,PIST,5,L,1,1,NA,1,NA,1,NA,1,NA,1
Q10,1,413,QURU,27.5,D,5,5,NA,5,NA,5,NA,5,NA,5
Q10,1,414,PIST,5.5,L,1,1,NA,1,NA,1,NA,1,NA,1
Q10,1,415,PIST,5.4,L,1,1,NA,1,NA,1,NA,1,NA,1
Q10,1,416,QURU,62.3,D,5,5,NA,5,NA,5,NA,5,NA,5
Q10,1,417,PIST,5.3,L,1,1,NA,1,NA,1,NA,1,NA,1
Q10,1,418,PIST,5.7,L,1,1,NA,1,NA,1,NA,1,NA,1
Q10,1,419,PIST,7.9,L,1,1,NA,1,NA,1,NA,1,NA,1
Q10,1,420,ACRU,10.2,L,1,1,NA,1,NA,1,NA,1,NA,1
Q10,1,421,PIST,5.4,L,1,1,NA,1,NA,1,NA,1,NA,1
Q10,1,422,QURU,50.5,D,5,5,NA,5,NA,5,NA,5,NA,5
Q10,2,423,ACRU,13.8,L,1,1,NA,1,NA,1,NA,1,NA,1
Q10,2,424,ACRU,12.5,L,1,1,NA,1,NA,1,NA,1,NA,1
Q10,2,425,ACRU,17,L,1,1,NA,1,NA,1,NA,1,NA,1
Q10,2,426,QUAL,30.1,L,1,1,NA,1,NA,2,NA,2,NA,2
Q10,2,427,ACRU,13.6,L,1,1,NA,1,NA,1,NA,1,NA,1
Q10,2,428,QUAL,47.4,D,5,5,NA,5,NA,5,NA,5,NA,5
Q10,2,429,CADE,5.2,L,1,1,NA,1,NA,1,NA,1,NA,1
Q10,2,430,PIST,18.1,L,1,1,NA,1,NA,1,NA,1,NA,1
Q10,2,431,ACRU,7.2,L,1,1,NA,1,NA,1,NA,1,NA,1
Q10,2,432,ACRU,13.8,L,1,1,NA,1,NA,1,NA,1,NA,1
Q10,2,433,ACRU,16.8,L,1,1,NA,1,NA,1,NA,1,NA,1
Q10,2,434,ACRU,8.3,L,1,1,NA,1,NA,1,NA,1,NA,1
Q10,2,435,ACRU,10.1,L,1,1,NA,1,NA,1,NA,1,NA,1
Q10,2,436,BELE,23.9,L,1,1,NA,1,NA,1,NA,1,NA,1
Q10,2,437,BELE,14.8,L,1,1,NA,1,NA,1,NA,1,NA,1
Q10,2,438,ACRU,5.3,L,1,1,NA,1,NA,1,NA,1,NA,1
Q10,2,439,ACRU,7.6,L,1,1,NA,1,NA,1,NA,1,NA,1
Q10,2,440,ACRU,9.6,L,1,1,NA,1,NA,1,NA,1,NA,1
Q10,2,441,QURU,51.8,D,5,5,NA,5,NA,5,NA,5,NA,5
Q10,2,442,QURU,43.8,D,5,5,NA,5,NA,5,NA,5,NA,5
Q10,2,443,QURU,19.6,D,5,5,NA,5,NA,5,NA,5,NA,5
Q10,2,444,PIST,12.1,L,1,1,NA,1,NA,1,NA,1,NA,1
Q10,2,445,ACRU,10.2,L,1,1,NA,1,NA,1,NA,1,NA,1
Q10,2,446,QURU,39.5,D,5,5,NA,5,NA,5,NA,5,NA,5
Q10,2,447,BELE,17.2,L,1,1,NA,1,NA,1,NA,1,NA,1
Q10,2,448,BELE,23.2,L,1,1,NA,1,NA,1,NA,1,NA,1
Q10,2,449,QURU,43.1,L,1,1,NA,1,NA,1,NA,1,NA,1
Q10,2,450,ACRU,5.6,L,1,1,NA,1,NA,1,NA,1,NA,1
Q10,2,451,QURU,45.4,L,1,1,NA,1,NA,1,NA,1,NA,1
Q10,2,452,ACRU,10.4,L,1,1,NA,1,NA,1,NA,1,NA,1
Q10,2,453,ACRU,9.2,L,1,1,NA,1,NA,1,NA,1,NA,1
Q10,2,454,QURU,37.3,D,5,5,NA,5,NA,5,NA,5,NA,5
Q10,2,455,ACRU,8,L,1,1,NA,1,NA,1,NA,1,NA,1
Q10,2,456,QURU,49.7,L,1,1,NA,1,NA,1,NA,1,NA,1
Q10,2,457,ACRU,6.6,L,1,1,NA,1,NA,1,NA,1,NA,1
Q10,2,458,ACRU,12.4,L,1,1,NA,1,NA,1,NA,1,NA,1
Q10,2,459,QURU,53.1,L,1,1,NA,1,NA,1,NA,1,NA,1
Q10,3,460,CAOV,6.4,L,1,1,NA,1,NA,1,NA,1,NA,1
Q10,3,461,QURU,67.5,L,1,1,NA,1,NA,1,NA,1,NA,1
Q10,3,462,ACRU,15.9,L,1,1,NA,1,NA,1,NA,1,NA,1
Q10,3,463,QURU,43.4,D,5,5,NA,5,NA,5,NA,5,NA,5
Q10,3,464,QURU,46.8,D,5,5,NA,5,NA,5,NA,5,NA,5
Q10,3,465,QURU,38.5,D,5,5,NA,5,NA,5,NA,5,NA,5
Q10,3,466,ACRU,14.8,L,1,1,NA,1,NA,1,NA,1,NA,1
Q10,3,467,QUAL,16.8,D,5,5,NA,5,NA,5,NA,5,NA,5
Q10,3,468,PIST,5.2,L,1,1,NA,1,NA,1,NA,1,NA,1
Q10,3,469,ACRU,16.9,L,1,1,NA,1,NA,1,NA,1,NA,1
Q10,3,470,FRAM,19,L,1,1,NA,1,NA,1,NA,1,NA,1
Q10,3,471,QURU,50.6,L,1,1,NA,1,NA,1,NA,1,NA,1
Q10,3,472,PIST,7.9,L,1,1,NA,1,NA,1,NA,1,NA,1
Q10,3,473,QURU,39.7,D,5,5,NA,5,NA,5,NA,5,NA,5
Q10,3,474,QURU,35.2,D,5,5,NA,5,NA,5,NA,5,NA,5
Q10,3,475,ACRU,7.3,L,1,1,NA,1,NA,1,NA,1,NA,1
Q10,3,476,QURU,37.5,D,5,5,NA,5,NA,5,NA,5,NA,5
Q10,3,477,ACRU,19.6,L,1,1,NA,1,NA,1,NA,1,NA,1
Q10,3,478,ACRU,18.9,L,1,1,NA,1,NA,1,NA,1,NA,1
Q10,3,479,QURU,45.5,L,1,1,NA,1,NA,1,NA,1,NA,1
Q10,3,480,FRAM,13.6,L,1,1,NA,1,NA,1,NA,1,NA,1
Q10,3,481,QURU,56.6,L,1,1,NA,1,NA,1,NA,1,NA,1
QH,1,539,QURU,36.6,L,1,NA,1,NA,NA,NA,1,NA,1,1
QH,1,540,PIST,39.9,L,1,NA,1,NA,NA,NA,1,NA,1,1
QH,1,541,TSCA,20.6,L,1,NA,1,NA,NA,NA,1,NA,1,1
QH,1,542,PIST,47.5,L,1,NA,1,NA,NA,NA,1,NA,1,1
QH,1,543,BELE,11,L,1,NA,1,NA,NA,NA,1,NA,1,1
QH,1,544,QUAL,38.4,L,1,NA,1,NA,NA,NA,1,NA,1,1
QH,1,545,TSCA,38.4,L,1,NA,1,NA,NA,NA,1,NA,1,1
QH,1,546,BELE,21.4,L,1,NA,1,NA,NA,NA,1,NA,1,1
QH,1,547,BELE,21.2,L,1,NA,1,NA,NA,NA,1,NA,1,1
QH,1,548,ACRU,18.1,L,1,NA,1,NA,NA,NA,1,NA,1,1
QH,1,549,TSCA,24.9,L,1,NA,1,NA,NA,NA,1,NA,1,1
QH,1,550,BELE,13.7,L,1,NA,1,NA,NA,NA,1,NA,1,1
QH,1,551,BELE,11.8,L,1,NA,1,NA,NA,NA,1,NA,1,1
QH,1,552,TSCA,35.5,L,1,NA,1,NA,NA,NA,1,NA,1,1
QH,1,553,TSCA,6.8,L,1,NA,1,NA,NA,NA,1,NA,1,1
QH,1,554,TSCA,32.4,L,1,NA,1,NA,NA,NA,1,NA,1,1
QH,1,555,FAGR,17.2,D,5,NA,5,NA,NA,NA,5,NA,5,5
QH,1,556,FAGR,28,D,5,NA,5,NA,NA,NA,5,NA,5,5
QH,1,557,ACRU,18.5,L,1,NA,1,NA,NA,NA,1,NA,1,1
QH,1,558,ACRU,32.9,L,1,NA,1,NA,NA,NA,1,NA,1,1
QH,1,559,QURU,54.6,L,1,NA,1,NA,NA,NA,1,NA,1,1
QH,1,560,FAGR,24.5,D,5,NA,5,NA,NA,NA,5,NA,5,5
QH,1,561,FAGR,23.8,D,5,NA,5,NA,NA,NA,5,NA,5,5
QH,2,597,TSCA,6.2,L,1,NA,1,NA,NA,NA,1,NA,1,1
QH,2,598,TSCA,33.5,L,1,NA,1,NA,NA,NA,1,NA,1,1
QH,2,599,ACRU,19,L,1,NA,1,NA,NA,NA,1,NA,1,1
QH,2,600,ACRU,12.5,L,1,NA,1,NA,NA,NA,1,NA,1,1
QH,2,601,ACRU,16,L,1,NA,1,NA,NA,NA,1,NA,1,1
QH,2,602,PIST,5.8,L,1,NA,1,NA,NA,NA,1,NA,1,1
QH,2,603,PIST,5.2,L,1,NA,1,NA,NA,NA,1,NA,1,1
QH,2,604,PIST,8.4,L,1,NA,1,NA,NA,NA,1,NA,1,1
QH,2,605,BELE,33.6,L,1,NA,1,NA,NA,NA,1,NA,1,1
QH,2,606,PIST,24.7,L,1,NA,1,NA,NA,NA,1,NA,1,1
QH,2,607,PIST,5.9,L,1,NA,1,NA,NA,NA,1,NA,1,1
QH,2,608,BELE,29.7,L,1,NA,1,NA,NA,NA,1,NA,1,1
QH,2,609,PIST,9.2,L,1,NA,1,NA,NA,NA,1,NA,1,1
QH,2,610,BELE,8.1,L,1,NA,1,NA,NA,NA,1,NA,1,1
QH,2,611,BELE,9.7,L,1,NA,1,NA,NA,NA,1,NA,1,1
QH,2,612,QURU,22.6,L,1,NA,1,NA,NA,NA,1,NA,1,1
QH,2,613,TSCA,28.5,L,1,NA,1,NA,NA,NA,1,NA,1,1
QH,2,614,ACRU,28.1,L,1,NA,1,NA,NA,NA,1,NA,1,1
QH,2,615,PIST,5.6,L,1,NA,1,NA,NA,NA,1,NA,1,1
QH,2,616,TSCA,50,L,1,NA,1,NA,NA,NA,1,NA,1,1
QH,2,617,BELE,19.8,L,1,NA,1,NA,NA,NA,1,NA,1,1
QH,2,618,BELE,23.4,L,1,NA,1,NA,NA,NA,1,NA,1,1
QH,2,619,TSCA,19.5,L,1,NA,1,NA,NA,NA,1,NA,1,1
QH,2,620,TSCA,8.7,L,1,NA,1,NA,NA,NA,1,NA,1,1
QH,2,621,TSCA,10,L,1,NA,1,NA,NA,NA,1,NA,1,1
QH,2,622,BELE,18.8,L,1,NA,1,NA,NA,NA,1,NA,1,1
QH,2,623,TSCA,18.4,L,1,NA,1,NA,NA,NA,1,NA,1,1
QH,2,624,TSCA,6.8,L,1,NA,1,NA,NA,NA,1,NA,1,1
QH,2,625,TSCA,8.1,L,1,NA,1,NA,NA,NA,1,NA,1,1
QH,2,626,QUAL,28,L,1,NA,1,NA,NA,NA,1,NA,1,1
QH,2,627,TSCA,7.8,L,1,NA,1,NA,NA,NA,1,NA,1,1
QH,2,628,ACRU,10.9,L,1,NA,1,NA,NA,NA,1,NA,1,1
QH,2,629,PIST,18.1,L,1,NA,1,NA,NA,NA,1,NA,1,1
QH,2,630,TSCA,6.1,L,1,NA,1,NA,NA,NA,1,NA,1,1
QH,2,631,TSCA,19.5,L,1,NA,1,NA,NA,NA,1,NA,1,1
QH,2,632,QURU,45.6,L,1,NA,1,NA,NA,NA,1,NA,1,1
QH,2,633,BELE,20.3,L,1,NA,1,NA,NA,NA,1,NA,1,1
QH,2,634,PIST,20.4,L,1,NA,1,NA,NA,NA,1,NA,1,1
QH,2,635,BELE,15.9,L,1,NA,1,NA,NA,NA,1,NA,1,1
QH,3,562,QURU,7.8,L,1,NA,1,NA,NA,NA,1,NA,1,1
QH,3,563,QURU,16.9,L,1,NA,1,NA,NA,NA,1,NA,1,1
QH,3,564,ACRU,17.8,L,1,NA,1,NA,NA,NA,1,NA,1,1
QH,3,565,QURU,13,L,1,NA,1,NA,NA,NA,1,NA,1,1
QH,3,566,PIST,19.1,L,1,NA,1,NA,NA,NA,1,NA,1,1
QH,3,567,ACRU,12.1,L,1,NA,1,NA,NA,NA,1,NA,1,1
QH,3,568,TSCA,39.9,L,1,NA,1,NA,NA,NA,1,NA,1,1
QH,3,569,QURU,30.9,L,1,NA,1,NA,NA,NA,1,NA,1,1
QH,3,570,QURU,22.1,L,1,NA,1,NA,NA,NA,1,NA,1,1
QH,3,571,PIST,6.3,L,1,NA,1,NA,NA,NA,1,NA,1,1
QH,3,572,PIST,5.9,L,1,NA,1,NA,NA,NA,1,NA,1,1
QH,3,573,ACRU,15.7,L,1,NA,1,NA,NA,NA,1,NA,1,1
QH,3,574,ACRU,21.7,L,3,NA,3,NA,NA,NA,3,NA,3,3
QH,3,575,QURU,60.3,L,1,NA,1,NA,NA,NA,1,NA,1,1
QH,3,576,ACRU,9.3,L,1,NA,1,NA,NA,NA,1,NA,1,1
QH,3,577,QURU,8,L,1,NA,1,NA,NA,NA,1,NA,1,1
QH,3,578,PIST,7,L,1,NA,1,NA,NA,NA,1,NA,1,1
QH,3,579,PIST,5.8,L,1,NA,1,NA,NA,NA,1,NA,1,1
QH,3,580,PIST,6,L,1,NA,1,NA,NA,NA,1,NA,1,1
QH,3,581,PIST,32.1,L,1,NA,1,NA,NA,NA,1,NA,1,1
QH,3,582,BELE,12.4,L,1,NA,1,NA,NA,NA,1,NA,1,1
QH,3,583,QURU,25.6,L,1,NA,1,NA,NA,NA,1,NA,1,1
QH,3,584,PIST,6.7,L,1,NA,1,NA,NA,NA,1,NA,1,1
QH,3,585,PIST,17.3,L,1,NA,1,NA,NA,NA,1,NA,1,1
QH,3,586,BELE,13.1,L,1,NA,1,NA,NA,NA,1,NA,1,1
QH,3,587,BELE,12.2,L,1,NA,1,NA,NA,NA,1,NA,1,1
QH,3,588,TSCA,10.1,L,1,NA,1,NA,NA,NA,1,NA,1,1
QH,3,589,TSCA,30.6,L,1,NA,1,NA,NA,NA,1,NA,1,1
QH,3,590,ACRU,26.6,L,1,NA,1,NA,NA,NA,1,NA,1,1
QH,3,591,PIST,6.5,L,1,NA,1,NA,NA,NA,1,NA,1,1
QH,3,592,QURU,40.3,L,1,NA,1,NA,NA,NA,1,NA,1,1
QH,3,593,PIST,7.5,L,1,NA,1,NA,NA,NA,1,NA,1,1
QH,3,594,ACRU,18.5,L,1,NA,1,NA,NA,NA,1,NA,1,1
QH,3,595,TSCA,5.2,L,1,NA,1,NA,NA,NA,1,NA,1,1
QH,3,596,ACRU,18.7,L,1,NA,1,NA,NA,NA,1,NA,1,1
QH,NA,NA,QUAL,41.2,D,NA,NA,NA,NA,NA,NA,NA,NA,NA,NA
QH,NA,NA,QURU,NA,L,NA,NA,NA,NA,NA,NA,NA,NA,NA,NA
SC,1,2901,ACRU,25.7,L,1,NA,NA,NA,1,1,NA,1,NA,1
SC,1,2902,ACRU,14.5,L,1,NA,NA,NA,1,1,NA,1,NA,1
SC,1,2903,QURU,19,D,5,NA,NA,NA,5,5,NA,5,NA,5
SC,1,2904,TSCA,33.5,L,1,NA,NA,NA,1,1,NA,1,NA,1
SC,1,2905,TSCA,20,L,1,NA,NA,NA,1,1,NA,1,NA,1
SC,1,2906,ACRU,18.1,L,1,NA,NA,NA,1,1,NA,1,NA,1
SC,1,2907,TSCA,18.3,L,1,NA,NA,NA,1,1,NA,1,NA,1
SC,1,2908,TSCA,7.6,L,1,NA,NA,NA,1,1,NA,1,NA,1
SC,1,2909,TSCA,30.5,L,1,NA,NA,NA,1,1,NA,1,NA,1
SC,1,2910,ACRU,23.4,D,5,NA,NA,NA,5,5,NA,5,NA,5
SC,1,2911,TSCA,18.3,L,1,NA,NA,NA,1,1,NA,1,NA,1
SC,1,2912,TSCA,8,L,1,NA,NA,NA,1,1,NA,1,NA,1
SC,1,2913,ACRU,17.5,L,1,NA,NA,NA,1,1,NA,1,NA,1
SC,1,2914,TSCA,23.7,L,1,NA,NA,NA,1,1,NA,1,NA,1
SC,1,2915,ACRU,22.8,L,1,NA,NA,NA,1,1,NA,1,NA,1
SC,1,2916,QURU,58.8,L,1,NA,NA,NA,1,1,NA,1,NA,1
SC,1,2917,QURU,24.4,L,1,NA,NA,NA,1,1,NA,1,NA,1
SC,1,2918,TSCA,31,L,1,NA,NA,NA,1,1,NA,1,NA,1
SC,1,2919,ACRU,14.9,L,1,NA,NA,NA,1,1,NA,1,NA,1
SC,1,2920,BELE,21.2,L,1,NA,NA,NA,1,1,NA,1,NA,1
SC,1,2921,TSCA,12,L,1,NA,NA,NA,1,1,NA,1,NA,1
SC,1,2922,TSCA,32.2,L,1,NA,NA,NA,1,1,NA,1,NA,1
SC,1,2923,TSCA,22,L,1,NA,NA,NA,1,1,NA,1,NA,1
SC,1,2924,BELE,38,L,1,NA,NA,NA,1,1,NA,1,NA,1
SC,1,2925,TSCA,13.8,L,1,NA,NA,NA,1,1,NA,1,NA,1
SC,1,2926,TSCA,30.2,L,1,NA,NA,NA,1,1,NA,1,NA,1
SC,1,2927,TSCA,27.7,L,1,NA,NA,NA,1,1,NA,1,NA,1
SC,1,2928,ACRU,19,L,1,NA,NA,NA,1,1,NA,1,NA,1
SC,1,2929,TSCA,9.2,L,1,NA,NA,NA,1,1,NA,1,NA,1
SC,1,2930,TSCA,32.5,L,1,NA,NA,NA,1,1,NA,1,NA,1
SC,1,2931,TSCA,12.5,L,1,NA,NA,NA,1,1,NA,1,NA,1
SC,1,2932,TSCA,17.9,L,1,NA,NA,NA,1,1,NA,1,NA,1
SC,1,2933,QURU,52.6,D,5,NA,NA,NA,5,5,NA,5,NA,5
SC,1,2934,ACRU,18.2,L,1,NA,NA,NA,1,1,NA,1,NA,1
SC,1,2935,TSCA,15.6,L,1,NA,NA,NA,1,1,NA,1,NA,1
SC,1,2936,QURU,42.5,D,5,NA,NA,NA,5,5,NA,5,NA,5
SC,1,2937,TSCA,16.6,L,1,NA,NA,NA,1,1,NA,1,NA,1
SC,1,2938,TSCA,13.7,L,1,NA,NA,NA,1,1,NA,1,NA,1
SC,1,2939,FAGR,20.6,L,1,NA,NA,NA,1,1,NA,1,NA,1
SC,1,2940,TSCA,8,L,1,NA,NA,NA,1,1,NA,1,NA,1
SC,2,2824,BELE,20.9,L,1,NA,NA,NA,1,1,NA,1,NA,1
SC,2,2825,TSCA,24.3,L,1,NA,NA,NA,1,1,NA,1,NA,1
SC,2,2826,BEPA,34.2,L,1,NA,NA,NA,1,1,NA,1,NA,1
SC,2,2827,BELE,7,L,1,NA,NA,NA,1,1,NA,1,NA,1
SC,2,2828,ACRU,28.2,L,1,NA,NA,NA,1,1,NA,1,NA,1
SC,2,2829,QURU,38.6,L,1,NA,NA,NA,1,1,NA,1,NA,1
SC,2,2830,ACRU,19.4,L,1,NA,NA,NA,1,1,NA,1,NA,1
SC,2,2831,QURU,49.3,D,5,NA,NA,NA,5,5,NA,5,NA,5
SC,2,2832,TSCA,5.3,L,1,NA,NA,NA,1,1,NA,1,NA,1
SC,2,2833,TSCA,13.9,L,1,NA,NA,NA,1,1,NA,1,NA,1
SC,2,2834,TSCA,16.7,L,1,NA,NA,NA,1,1,NA,1,NA,1
SC,2,2835,TSCA,11.5,L,1,NA,NA,NA,1,1,NA,1,NA,1
SC,2,2836,QURU,41.3,L,1,NA,NA,NA,1,1,NA,1,NA,1
SC,2,2837,FAGR,21.7,L,1,NA,NA,NA,1,1,NA,1,NA,1
SC,2,2838,BELE,6.8,L,1,NA,NA,NA,1,1,NA,1,NA,1
SC,2,2839,ACRU,16.3,L,1,NA,NA,NA,1,1,NA,1,NA,1
SC,2,2840,ACRU,28.7,L,1,NA,NA,NA,1,1,NA,1,NA,1
SC,2,2841,QURU,50.7,L,1,NA,NA,NA,1,1,NA,1,NA,1
SC,2,2842,ACRU,12.7,L,1,NA,NA,NA,1,1,NA,1,NA,1
SC,2,2843,FAGR,8,L,1,NA,NA,NA,1,1,NA,1,NA,1
SC,2,2844,QURU,31.4,L,1,NA,NA,NA,1,1,NA,1,NA,1
SC,2,2845,FAGR,6,L,1,NA,NA,NA,1,1,NA,1,NA,1
SC,2,2846,ACRU,16.5,L,1,NA,NA,NA,1,1,NA,1,NA,1
SC,2,2847,TSCA,25,L,1,NA,NA,NA,1,1,NA,1,NA,1
SC,2,2848,FAGR,32.7,L,1,NA,NA,NA,1,1,NA,1,NA,1
SC,2,2849,QURU,19,D,5,NA,NA,NA,5,5,NA,5,NA,5
SC,2,2850,QURU,39.6,D,5,NA,NA,NA,5,5,NA,5,NA,5
SC,2,2851,TSCA,10.1,L,1,NA,NA,NA,1,1,NA,1,NA,1
SC,2,2852,TSCA,17.8,L,1,NA,NA,NA,1,1,NA,1,NA,1
SC,2,2853,ACRU,18.4,L,1,NA,NA,NA,1,1,NA,1,NA,1
SC,2,2854,CADE,5.3,L,1,NA,NA,NA,1,1,NA,1,NA,1
SC,2,2855,QURU,51.5,L,1,NA,NA,NA,1,1,NA,1,NA,1
SC,2,2856,TSCA,12.3,L,1,NA,NA,NA,1,1,NA,1,NA,1
SC,2,2857,BELE,16.1,L,1,NA,NA,NA,1,1,NA,1,NA,1
SC,2,2858,BELE,15.2,L,1,NA,NA,NA,1,1,NA,1,NA,1
SC,3,2859,QURU,43.6,L,1,NA,NA,NA,1,1,NA,1,NA,1
SC,3,2860,QURU,38.4,L,1,NA,NA,NA,1,1,NA,1,NA,1
SC,3,2861,PIST,18.7,L,1,NA,NA,NA,1,1,NA,1,NA,1
SC,3,2862,TSCA,18.3,L,1,NA,NA,NA,1,1,NA,1,NA,1
SC,3,2863,TSCA,8.1,L,1,NA,NA,NA,1,1,NA,1,NA,1
SC,3,2864,TSCA,9.7,L,1,NA,NA,NA,1,1,NA,1,NA,1
SC,3,2865,PIST,23.8,L,1,NA,NA,NA,1,1,NA,1,NA,1
SC,3,2866,TSCA,10.4,L,1,NA,NA,NA,1,1,NA,1,NA,1
SC,3,2867,TSCA,10.8,L,1,NA,NA,NA,1,1,NA,1,NA,1
SC,3,2868,TSCA,20,L,1,NA,NA,NA,1,1,NA,1,NA,1
SC,3,2869,QURU,39.9,L,1,NA,NA,NA,1,1,NA,1,NA,1
SC,3,2870,TSCA,9.2,L,1,NA,NA,NA,1,1,NA,1,NA,1
SC,3,2871,TSCA,19.4,L,1,NA,NA,NA,1,1,NA,1,NA,1
SC,3,2872,QURU,38,L,1,NA,NA,NA,1,1,NA,1,NA,1
SC,3,2873,ACRU,10.1,L,1,NA,NA,NA,1,1,NA,1,NA,1
SC,3,2874,TSCA,12,L,1,NA,NA,NA,1,1,NA,1,NA,1
SC,3,2875,QURU,38.1,L,1,NA,NA,NA,1,1,NA,1,NA,1
SC,3,2876,PIST,27.3,L,1,NA,NA,NA,1,1,NA,1,NA,1
SC,3,2877,TSCA,32.7,L,1,NA,NA,NA,1,1,NA,1,NA,1
SC,3,2878,QUAL,23.2,L,1,NA,NA,NA,1,1,NA,1,NA,1
SC,3,2879,TSCA,14.4,L,1,NA,NA,NA,1,1,NA,1,NA,1
SC,3,2880,TSCA,22.3,L,1,NA,NA,NA,1,1,NA,1,NA,1
SC,3,2881,QURU,36.8,D,5,NA,NA,NA,5,5,NA,5,NA,5
SC,3,2882,TSCA,19,L,1,NA,NA,NA,1,1,NA,1,NA,1
SC,3,2883,ACRU,15.4,L,1,NA,NA,NA,1,1,NA,1,NA,1
SC,3,2884,QURU,23.9,L,1,NA,NA,NA,1,1,NA,1,NA,1
SC,3,2885,TSCA,30.5,L,1,NA,NA,NA,1,1,NA,1,NA,1
SC,3,2886,QURU,18.6,L,1,NA,NA,NA,1,1,NA,1,NA,1
SC,3,2887,QURU,32.7,L,1,NA,NA,NA,1,1,NA,1,NA,1
SC,3,2888,QURU,40.1,L,1,NA,NA,NA,1,1,NA,1,NA,1
SC,3,2889,TSCA,40.2,L,1,NA,NA,NA,1,1,NA,1,NA,1
SC,3,2890,TSCA,8.9,L,1,NA,NA,NA,1,1,NA,1,NA,1
SC,3,2891,QURU,36.5,D,5,NA,NA,NA,5,5,NA,5,NA,5
SC,3,2892,BELE,22.4,L,1,NA,NA,NA,1,1,NA,1,NA,1
SC,3,2893,BELE,6.5,L,1,NA,NA,NA,1,1,NA,1,NA,1
SC,3,2894,ACRU,15.2,L,1,NA,NA,NA,1,1,NA,1,NA,1
SC,3,2895,ACRU,16.5,L,1,NA,NA,NA,1,1,NA,1,NA,1
SC,3,2896,TSCA,13.7,L,1,NA,NA,NA,1,1,NA,1,NA,1
SC,3,2897,CADE,8.1,L,1,NA,NA,NA,1,1,NA,1,NA,1
SC,3,2898,QURU,44.5,L,1,NA,NA,NA,1,1,NA,1,NA,1
SC,NA,NA,QURU,46.1,D,NA,NA,NA,NA,NA,NA,NA,NA,NA,NA
SC,NA,NA,QURU,55.5,D,NA,NA,NA,NA,NA,NA,NA,NA,NA,NA
SC,NA,NA,QURU,52.7,D,NA,NA,NA,NA,NA,NA,NA,NA,NA,NA
SC,NA,NA,QURU,45.1,D,NA,NA,NA,NA,NA,NA,NA,NA,NA,NA
S8,1,394,ACSA,12.7,L,1,NA,NA,NA,NA,NA,NA,NA,NA,1
S8,1,395,ACSA,7.1,L,1,NA,NA,NA,NA,NA,NA,NA,NA,1
S8,1,397,ACRU,9.9,L,1,NA,NA,NA,NA,NA,NA,NA,NA,1
S8,1,398,BELE,13.7,L,1,NA,NA,NA,NA,NA,NA,NA,NA,1
S8,1,430,ACRU,6.1,L,1,NA,NA,NA,NA,NA,NA,NA,NA,1
S8,1,435,QURU,21.1,L,1,NA,NA,NA,NA,NA,NA,NA,NA,1
S8,1,436,ACRU,8.3,L,1,NA,NA,NA,NA,NA,NA,NA,NA,1
S8,1,439,ACRU,7.5,L,1,NA,NA,NA,NA,NA,NA,NA,NA,1
S8,1,440,QURU,30.6,L,1,NA,NA,NA,NA,NA,NA,NA,NA,1
S8,1,441,QURU,38.5,L,1,NA,NA,NA,NA,NA,NA,NA,NA,1
S8,1,442,ACSA,8.6,L,1,NA,NA,NA,NA,NA,NA,NA,NA,1
S8,1,443,ACSA,10.5,L,1,NA,NA,NA,NA,NA,NA,NA,NA,1
S8,1,445,ACSA,20.2,L,1,NA,NA,NA,NA,NA,NA,NA,NA,1
S8,1,448,ACRU,12.4,L,1,NA,NA,NA,NA,NA,NA,NA,NA,1
S8,1,449,ACRU,6.5,L,1,NA,NA,NA,NA,NA,NA,NA,NA,1
S8,1,450,QURU,26,L,1,NA,NA,NA,NA,NA,NA,NA,NA,1
S8,1,468,ACRU,15.3,L,1,NA,NA,NA,NA,NA,NA,NA,NA,1
S8,1,470,ACRU,22.9,L,1,NA,NA,NA,NA,NA,NA,NA,NA,1
S8,1,477,QURU,34.1,D,5,NA,NA,NA,NA,NA,NA,NA,NA,5
S8,1,478,ACRU,14.4,L,1,NA,NA,NA,NA,NA,NA,NA,NA,1
S8,1,4935,BELE,12.8,L,1,NA,NA,NA,NA,NA,NA,NA,NA,1
S8,1,4937,QURU,27.6,L,1,NA,NA,NA,NA,NA,NA,NA,NA,1
S8,1,4938,QURU,18.9,L,1,NA,NA,NA,NA,NA,NA,NA,NA,1
S8,1,4939,ACSA,8.3,L,1,NA,NA,NA,NA,NA,NA,NA,NA,1
S8,1,4940,BELE,30.2,D,5,NA,NA,NA,NA,NA,NA,NA,NA,5
S8,1,4941,ACSA,7.4,L,1,NA,NA,NA,NA,NA,NA,NA,NA,5
S8,1,4942,BELE,24.8,L,1,NA,NA,NA,NA,NA,NA,NA,NA,1
S8,1,4943,BELE,21.3,L,1,NA,NA,NA,NA,NA,NA,NA,NA,1
S8,1,4951,QURU,38.3,L,1,NA,NA,NA,NA,NA,NA,NA,NA,1
S8,1,4952,BELE,22.6,L,1,NA,NA,NA,NA,NA,NA,NA,NA,1
S8,1,4953,BELE,24.9,L,1,NA,NA,NA,NA,NA,NA,NA,NA,1
S8,1,4990,BELE,19.4,D,5,NA,NA,NA,NA,NA,NA,NA,NA,5
S8,1,4992,BEAL,25.2,L,1,NA,NA,NA,NA,NA,NA,NA,NA,1
S8,1,5002,QURU,35.2,L,1,NA,NA,NA,NA,NA,NA,NA,NA,1
S8,1,5003,ACSA,16.9,L,1,NA,NA,NA,NA,NA,NA,NA,NA,1
S8,1,5004,ACSA,6.1,L,1,NA,NA,NA,NA,NA,NA,NA,NA,1
S8,1,5005,ACSA,6,L,1,NA,NA,NA,NA,NA,NA,NA,NA,1
S8,1,5006,FRAM,14.8,D,5,NA,NA,NA,NA,NA,NA,NA,NA,5
S8,1,5007,ACSA,6.9,L,1,NA,NA,NA,NA,NA,NA,NA,NA,1
S8,1,5010,ACSA,9,L,1,NA,NA,NA,NA,NA,NA,NA,NA,1
S8,2,451,BELE,21,L,1,NA,NA,NA,NA,NA,NA,NA,NA,1
S8,2,452,BEAL,25.9,L,1,NA,NA,NA,NA,NA,NA,NA,NA,1
S8,2,454,BELE,21.9,L,1,NA,NA,NA,NA,NA,NA,NA,NA,1
S8,2,456,BELE,24.1,L,1,NA,NA,NA,NA,NA,NA,NA,NA,1
S8,2,457,BELE,28.9,L,1,NA,NA,NA,NA,NA,NA,NA,NA,1
S8,2,459,ACRU,16.2,L,1,NA,NA,NA,NA,NA,NA,NA,NA,1
S8,2,4505,QURU,16.5,D,5,NA,NA,NA,NA,NA,NA,NA,NA,5
S8,2,4506,QURU,30.5,L,1,NA,NA,NA,NA,NA,NA,NA,NA,1
S8,2,4508,QURU,44.6,L,1,NA,NA,NA,NA,NA,NA,NA,NA,1
S8,2,4509,PIST,12.3,D,5,NA,NA,NA,NA,NA,NA,NA,NA,5
S8,2,4510,QURU,16.9,L,1,NA,NA,NA,NA,NA,NA,NA,NA,1
S8,2,4511,QURU,16.9,D,5,NA,NA,NA,NA,NA,NA,NA,NA,5
S8,2,4512,QURU,21.6,D,5,NA,NA,NA,NA,NA,NA,NA,NA,5
S8,2,4513,QURU,31.5,D,5,NA,NA,NA,NA,NA,NA,NA,NA,5
S8,2,4518,BELE,11.5,D,5,NA,NA,NA,NA,NA,NA,NA,NA,5
S8,2,4519,TSCA,17.7,L,1,NA,NA,NA,NA,NA,NA,NA,NA,1
S8,2,4520,TSCA,20.4,L,1,NA,NA,NA,NA,NA,NA,NA,NA,1
S8,2,4524,PIST,16.7,D,5,NA,NA,NA,NA,NA,NA,NA,NA,5
S8,2,4664,ACRU,21.9,L,1,NA,NA,NA,NA,NA,NA,NA,NA,1
S8,2,4667,ACRU,8,L,1,NA,NA,NA,NA,NA,NA,NA,NA,1
S8,2,4668,QURU,26.5,L,1,NA,NA,NA,NA,NA,NA,NA,NA,1
S8,2,4675,BEAL,12.1,L,1,NA,NA,NA,NA,NA,NA,NA,NA,1
S8,2,4676,QURU,13.7,D,5,NA,NA,NA,NA,NA,NA,NA,NA,5
S8,2,4678,QURU,36.3,L,1,NA,NA,NA,NA,NA,NA,NA,NA,1
S8,2,4681,ACRU,20.1,L,1,NA,NA,NA,NA,NA,NA,NA,NA,1
S8,2,4682,BELE,19.7,L,1,NA,NA,NA,NA,NA,NA,NA,NA,1
S8,2,4754,BELE,13.3,D,5,NA,NA,NA,NA,NA,NA,NA,NA,5
S8,2,4757,ACRU,41.4,D,5,NA,NA,NA,NA,NA,NA,NA,NA,5
S8,2,4758,TSCA,22.6,L,1,NA,NA,NA,NA,NA,NA,NA,NA,1
S8,2,4759,TSCA,17.1,L,1,NA,NA,NA,NA,NA,NA,NA,NA,1
S8,2,4760,BELE,22.2,L,1,NA,NA,NA,NA,NA,NA,NA,NA,1
S8,2,4761,BELE,19.3,L,1,NA,NA,NA,NA,NA,NA,NA,NA,1
S8,2,4762,BELE,20.8,L,1,NA,NA,NA,NA,NA,NA,NA,NA,1
S8,2,4772,BELE,21,L,1,NA,NA,NA,NA,NA,NA,NA,NA,1
S8,2,4773,TSCA,26.5,L,1,NA,NA,NA,NA,NA,NA,NA,NA,1
S8,2,4775,QURU,11,D,5,NA,NA,NA,NA,NA,NA,NA,NA,5
S8,3,373,BELE,26.3,L,1,NA,NA,NA,NA,NA,NA,NA,NA,1
S8,3,375,BELE,24.2,L,1,NA,NA,NA,NA,NA,NA,NA,NA,1
S8,3,376,ACRU,5.9,L,1,NA,NA,NA,NA,NA,NA,NA,NA,1
S8,3,380,QURU,29.5,L,1,NA,NA,NA,NA,NA,NA,NA,NA,1
S8,3,381,ACRU,25.3,L,1,NA,NA,NA,NA,NA,NA,NA,NA,1
S8,3,4561,QURU,15.7,D,5,NA,NA,NA,NA,NA,NA,NA,NA,5
S8,3,4562,QURU,40.2,D,5,NA,NA,NA,NA,NA,NA,NA,NA,5
S8,3,4563,BELE,18.7,L,1,NA,NA,NA,NA,NA,NA,NA,NA,1
S8,3,4564,BELE,16.4,L,1,NA,NA,NA,NA,NA,NA,NA,NA,1
S8,3,4565,BELE,20.6,L,1,NA,NA,NA,NA,NA,NA,NA,NA,1
S8,3,4569,BELE,14.8,L,1,NA,NA,NA,NA,NA,NA,NA,NA,1
S8,3,4570,BELE,13.7,L,1,NA,NA,NA,NA,NA,NA,NA,NA,1
S8,3,4573,BELE,14,L,1,NA,NA,NA,NA,NA,NA,NA,NA,1
S8,3,4574,BELE,13.1,L,1,NA,NA,NA,NA,NA,NA,NA,NA,1
S8,3,5149,PIST,12.1,L,1,NA,NA,NA,NA,NA,NA,NA,NA,1
S8,3,5150,BELE,15.3,D,5,NA,NA,NA,NA,NA,NA,NA,NA,5
S8,3,5151,QURU,31.7,L,1,NA,NA,NA,NA,NA,NA,NA,NA,1
S8,3,5152,BELE,16.1,L,1,NA,NA,NA,NA,NA,NA,NA,NA,1
S8,3,5158,BELE,18.2,L,1,NA,NA,NA,NA,NA,NA,NA,NA,1
S8,3,5160,BELE,25.7,L,1,NA,NA,NA,NA,NA,NA,NA,NA,1
S8,3,5162,QURU,35.5,L,1,NA,NA,NA,NA,NA,NA,NA,NA,1
S8,3,5163,BELE,16.5,D,5,NA,NA,NA,NA,NA,NA,NA,NA,5
S8,3,5164,ACRU,10.6,L,1,NA,NA,NA,NA,NA,NA,NA,NA,1
S8,3,5295,ACRU,13.3,L,2,NA,NA,NA,NA,NA,NA,NA,NA,2
S8,3,5296,ACSA,10.7,L,1,NA,NA,NA,NA,NA,NA,NA,NA,1
S8,3,5298,QURU,36.2,L,1,NA,NA,NA,NA,NA,NA,NA,NA,1
S8,3,5299,BELE,18.6,L,1,NA,NA,NA,NA,NA,NA,NA,NA,1
S8,3,5300,QURU,51,L,1,NA,NA,NA,NA,NA,NA,NA,NA,1
S8,3,5301,ACRU,18.2,L,1,NA,NA,NA,NA,NA,NA,NA,NA,1
S8,3,5307,QURU,16.2,D,5,NA,NA,NA,NA,NA,NA,NA,NA,5
