plot,subplot,tree,nsc.tag,core,core.note,species,dbh.19,cond.jun.19,can.exp.19,defol.final.19,dieback.jun19,dieback.augsept19,notes.19,n.egg.below2m.Nov2019,n.egg.above2m.Nov2019,cond.jul20,dieback.jul20,n.egg.below2m.Nov2020,n.egg.above2m.Nov2020,cond.aug21,dieback.aug21,notes.21
Q1,1,1,NA,2,NA,ACRU,24,L,2,1,1,1,dbh below bulge,0,0,L,1,0,0,L,1,
Q1,1,2,NA,0,NA,PIST,10,L,3,1,0,0,Skimpy crown,0,0,L,2,0,0,L,2,
Q1,1,3,NA,0,NA,PIST,12.4,L,3,1,0,0,Skimpy crown,0,1,L,2,0,0,L,3,
Q1,1,4,NA,1,NA,QURU,14.4,L,2,1,1,1,NA,0,2,L,1,0,4,L,1,
Q1,1,5,NA,2,NA,PIST,20.1,L,3,1,0,0,Skimpy crown,0,0,L,1,0,1,L,1,
Q1,1,6,NA,0,too dead to core,ACRU,20.2,D,1,5,5,5,6; 7; 8 sprout from same stump,0,0,D,5,0,0,D,5,snag
Q1,1,7,NA,2,NA,ACRU,35,L,1,1,0,0,6; 7; 8 sprout from same stump,0,0,L,1,0,0,L,1,
Q1,1,8,NA,2,NA,ACRU,26.3,L,2,1,0,0,6; 7; 8 sprout from same stump,0,0,L,1,0,1,L,1,
Q1,1,9,NA,2,NA,QURU,35.3,L,1,1,1,1,A few dead branches,0,0,L,1,0,2,L,2,
Q1,1,10,NA,0,NA,PIST,5.9,L,3,1,0,NA,Skimpy crown,0,0,L,2,0,0,D,5,
Q1,1,11,NA,0,NA,ACRU,16.1,D,3,5,5,NA,NA,0,0,D,5,1,0,D,5,snag
Q1,1,12,NA,0,NA,PIST,16,L,3,1,0,NA,Skimpy crown,0,0,L,3,0,0,D,5,
Q1,1,13,NA,2,NA,QURU,19.1,D,3,5,4,5,Some brown leaves; chewed on,0,0,D,5,0,0,D,5,
Q1,1,14,NA,0,NA,ACRU,16.8,D,3,5,5,NA,NA,0,0,D,5,0,0,D,5,
Q1,1,15,NSC 1-6,2,NA,QURU,49.8,L,1,1,1,1,Some dead branches,0,0,L,1,0,2,L,1.5,
Q1,1,16,NA,2,NA,PIST,50.6,L,1,1,1,1,Lower dead branches,0,2,L,1,0,1,L,2,
Q1,1,17,NA,0,NA,PIST,14.7,L,3,1,0,1,Skimpy crown,0,0,L,2,0,0,L,3,
Q1,1,18,NA,2,NA,PIST,24.9,D,2,5,5,5,NA,0,0,D,5,0,0,D,5,
Q1,1,19,NA,1,NA,ACRU,10.3,L,3,1,0,1,NA,0,2,L,1,0,0,L,1,
Q1,1,20,NA,2,NA,ACRU,27.5,L,1,1,0,1,Sprouts on trunk,0,0,L,1,0,0,L,2,
Q1,1,21,NA,2,NA,ACRU,30.7,L,2,1,0,1,Sprouts on trunk,0,0,L,1,0,0,L,1,
Q1,1,22,NA,2,NA,ACRU,32.9,L,1,1,0,1,Sprouts on trunk,0,0,L,1,0,1,L,1,
Q1,1,23,NA,0,NA,PIST,15.1,L,3,1,0,1,Skimpy crown,0,0,D,5,0,0,D,5,
Q1,1,24,NA,0,NA,PIST,18,D,3,5,5,5,Sparse canopy,0,1,D,5,0,0,D,5,didn't see; fallen?
Q1,NA,NA,NSC 1-2,2,out of plot,NA,NA,NA,NA,NA,NA,1,NA,NA,NA,L,1,NA,NA,L,1,
Q1,NA,NA,NSC 1-7,2,out of plot,NA,NA,NA,NA,NA,NA,1,NA,NA,NA,L,2,NA,NA,L,2,
Q1,2,101,NA,2,NA,PIST,38.1,L,1,1,0,0,NA,NA,NA,L,1,NA,NA,L,1,
Q1,2,102,NA,2,NA,ACRU,20.4,L,2,1,0,0,NA,NA,NA,L,1,NA,NA,L,1,
Q1,2,103,NA,2,NA,QUAL,24.7,L,2,1,0,1,NA,NA,NA,L,1,NA,NA,L,1,
Q1,2,104,NA,2,NA,PIST,56.1,L,1,1,0,0,NA,NA,NA,L,1,NA,NA,L,1,
Q1,2,105,NA,1,NA,QURU,14,D,2,5,5,5,has basal sprouts,NA,NA,D,5,NA,NA,D,5,didn't see; fallen?
Q1,2,106,NSC 1-18,2,NA,QUAL,37,L,1,1,2,2,50% leaf out,NA,NA,L,2,NA,NA,L,2,
Q1,2,107,NA,2,NA,ACRU,20.7,L,2,1,0,0,Shares stem with 108,NA,NA,L,1,NA,NA,L,1,
Q1,2,108,NA,2,NA,ACRU,24.5,L,2,1,0,0,Shares stem with 107,NA,NA,L,1,NA,NA,L,1,
Q1,2,109,NSC 1-23,2,NA,QURU,30.1,L,2,1,0,1,NA,NA,NA,L,1,NA,NA,L,1,
Q1,2,110,NA,2,NA,PIST,40.5,L,1,1,0,0,NA,NA,NA,L,1,NA,NA,L,1,
Q1,2,111,NA,0,NA,PIST,18.8,D,2,5,5,5,NA,NA,NA,D,5,NA,NA,D,5,
Q1,2,112,NA,2,NA,QURU,32.5,L,2,1,1,1,Some dead branches (<20%),NA,NA,L,1,NA,NA,L,1,
Q1,2,113,NA,2,NA,PIST,62.4,L,1,1,0,0,NA,NA,NA,L,1,NA,NA,L,1,
Q1,2,114,NA,2,NA,PIST,53.8,L,1,1,0,0,NA,NA,NA,L,1,NA,NA,L,1,
Q1,2,115,NA,2,NA,PIST,56.1,L,1,1,0,0,NA,NA,NA,L,1,NA,NA,L,1,
Q1,2,116,NA,0,NA,ACRU,16.3,D,3,5,5,5,NA,NA,NA,D,5,NA,NA,D,5,snag
Q1,2,117,NA,2,NA,PIST,47.9,L,1,1,0,1,Sparse needles,NA,NA,L,1,NA,NA,L,2,
Q1,2,118,NA,0,NA,ACRU,11,L,3,1,2,2,Broken top; dead branches (~50%),NA,NA,L,1,NA,NA,L,2,
Q1,2,119,NA,0,NA,QURU,23.3,L,1,1,2,2,Dead branches,NA,NA,L,2,NA,NA,L,2,
Q1,NA,NA,NSC 1-8,2,out of plot,NA,NA,NA,NA,NA,NA,1, 2020 Cannot find tree,NA,NA,L,1,NA,NA,L,1,pink flag on big QUAL; probably this
Q1,NA,NA,NSC 1-11,2,out of plot,NA,NA,NA,NA,NA,NA,1,NA,NA,NA,L,1,NA,NA,L,1,some dieback
Q1,NA,NA,NSC 1-12,2,brown leaves,NA,NA,NA,NA,NA,NA,5,NA,NA,NA,D,5,NA,NA,D,5,
Q1,NA,NA,NSC 1-15,2,out of plot,NA,NA,NA,NA,NA,NA,1,NA,NA,NA,L,1,NA,NA,L,1,did not find 2021; 57cm
Q1,3,25,NA,0,NA,PIST,7,L,3,1,0,1,Skimpy crown,NA,NA,L,1,NA,NA,L,2,
Q1,3,26,NA,2,NA,QUAL,29.5,L,2,1,0,1,Burlapped,NA,NA,L,1,NA,NA,L,1,
Q1,3,27,NA,2,NA,QUAL,20.9,L,3,1,0,1,Trunk sprouts,NA,NA,L,1,NA,NA,L,1,
Q1,3,28,NA,2,NA,TSCA,39.8,L,2,1,0,0,NA,NA,NA,L,1,NA,NA,L,1,
Q1,3,29,NA,2,NA,ACRU,29.8,L,1,1,0,0,Trunk sprouts,NA,NA,L,1,NA,NA,L,1,
Q1,3,30,NA,2,NA,QURU,47.9,D,1,5,5,5,DBH measured above bulge; new brown leaves,NA,NA,D,5,NA,NA,D,5,
Q1,3,31,NA,2,NA,QURU,24.4,L,2,1,0,1,A few dead branches,NA,NA,L,1,NA,NA,L,1,
Q1,3,32,NA,2,NA,QURU,32.4,L,1,1,3,3,50-75% crown dieback,NA,NA,L,2,NA,NA,L,3,
Q1,3,33,NA,0,NA,PIST,9.3,L,3,1,0,0,Skimpy crown,NA,NA,L,1,NA,NA,L,2,
Q1,3,34,NA,2,NA,QUAL,20.7,L,2,1,1,1,Some dieback (<25%),NA,NA,L,1,NA,NA,L,1,
Q1,3,35,NA,2,NA,ACRU,23.3,L,2,1,0,0,NA,NA,NA,L,1,NA,NA,L,1,
Q1,3,36,NA,1,NA,QUAL,16.7,L,3,1,0,2,Top of tree is dead; 25-50% dieback,NA,NA,L,2,NA,NA,L,2,
Q1,3,37,NA,2,NA,ACRU,30,L,2,1,0,1,<25% dieback,NA,NA,L,1,NA,NA,L,1,
Q1,3,38,NSC 1-10,2,NA,QURU,43.6,L,1,1,0,1,NA,NA,NA,L,1,NA,NA,L,1,
Q1,3,39,NA,2,NA,ACRU,23.4,L,3,1,0,0,25-50% dieback,NA,NA,L,1,NA,NA,L,1,
Q1,3,40,NA,2,NA,ACRU,31.6,L,1,1,0,0,NA,NA,NA,L,1,NA,NA,L,1,
Q1,3,41,NA,0,NA,ACRU,9.6,L,3,1,0,0,DBH below bulge,NA,NA,L,1,NA,NA,L,1,
Q1,3,42,NA,2,NA,ACRU,22.5,L,2,1,0,0,NA,NA,NA,L,1,NA,NA,L,1,
Q1,3,43,NA,0,too dead to core,PIST,29,D,3,5,5,5,DBH below branch,NA,NA,D,5,NA,NA,D,5,
Q1,3,44,NA,0,NA,ACRU,15,L,3,1,0,1,NA,NA,NA,L,1,NA,NA,L,1,
Q1,3,45,NA,0,NA,PIST,15.7,D,3,5,5,5,NA,NA,NA,D,5,NA,NA,D,5,
Q1,3,46,NA,2,NA,QURU,29.3,L,1,1,0,1,NA,NA,NA,L,1,NA,NA,L,2,
Q3,1,232,NA,1,NA,QURU,14.6,L,3,2,1,1,6/18 2 defol,0,2,L,1,0,2,L,1,
Q3,1,233,NA,0,NA,PIST,19.8,D,3,5,5,5,Trunk sprouts,0,0,D,5,0,0,D,5,
Q3,1,234,NA,2,NA,QUAL,24.5,L,1,2,1,1,DBH above knot. 2020 top dead,0,0,L,3,0,0,L,3,
Q3,1,235,NA,2,NA,QUAL,23.9,L,2,1,1,2,6/18 2 defol,0,0,L,1,0,0,L,1,TRSP
Q3,1,236,NA,0,NA,ACRU,18.9,L,3,1,1,1,NA,1,1,L,1,0,2,L,1,
Q3,1,237,NA,2,NA,QURU,48.2,L,1,3,1,2,NA,0,0,L,1,0,1,L,1,
Q3,1,238,NA,1,NA,ACRU,17,L,3,1,1,1,NA,0,0,L,1,0,0,L,1,
Q3,1,239,NA,0,NA,PIST,15.8,D,3,5,5,5,NA,0,1,D,5,0,0,D,5,
Q3,1,240,NA,0,NA,CAGL,16.2,L,2,1,1,1,NA,0,0,L,1,0,1,L,1,
Q3,1,241,NA,2,NA,BEPA,35.9,L,1,1,1,2,Trunk sprouts,3,4,L,2,1,1,L,3,
Q3,1,242,NA,0,NA,PIST,23.5,D,2,5,5,5,NA,0,1,D,5,0,2,D,5,
Q3,1,243,NA,2,NA,QUAL,39.6,L,1,2,0,1,NA,1,0,L,1,0,3,L,1,TRSP
Q3,1,244,NA,2,NA,PIST,33,L,2,1,2,2,NA,0,1,L,1,0,4,L,1,
Q3,1,245,NA,1,NA,ACRU,12.2,L,3,1,1,2,NA,1,1,L,2,0,0,L,2,
Q3,1,246,NA,2,NA,QUAL,21,L,2,1,2,2,Has another stem outside plot.2020 5 dead gm cater,0,0,L,2,0,0,L,2,
Q3,1,247,NA,0,NA,PIST,19.5,D,2,5,5,5,NA,0,0,D,5,0,1,D,5,
Q3,1,248,NA,2,NA,PIST,23,L,1,1,1,1,NA,0,0,L,1,0,0,L,1,
Q3,1,249,NA,2,NA,PIST,23.2,L,2,1,2,2,NA,0,0,L,1,0,1,L,1,
Q3,1,250,NA,0,NA,PIST,19.9,D,3,5,5,5,NA,0,0,D,5,0,0,D,5,
Q3,2,251,NA,2,NA,PIST,24.9,L,3,1,1,1,NA,NA,NA,L,1,NA,NA,L,1,
Q3,2,252,NA,2,NA,QUAL,36.9,D,1,5,5,5,Brown leaves,NA,NA,D,5,NA,NA,D,5,
Q3,2,253,NA,1,NA,ACRU,12.3,L,2,1,0,1,NA,NA,NA,L,1,NA,NA,L,1,
Q3,2,254,NA,0,NA,ACRU,14.8,L,2,1,1,1,NA,NA,NA,L,1,NA,NA,L,1,
Q3,2,255,NA,0,NA,BELE,5.4,L,3,1,0,1,NA,NA,NA,L,1,NA,NA,L,1,
Q3,2,256,NA,2,NA,ACRU,35.5,L,1,1,1,1,6/18 ABP,NA,NA,L,1,NA,NA,L,1,
Q3,2,257,NA,2,NA,ACRU,22.5,L,1,1,1,1,NA,NA,NA,L,1,NA,NA,L,1,
Q3,2,258,NA,2,NA,ACRU,26.2,L,1,1,0,1,NA,NA,NA,L,1,NA,NA,L,1,
Q3,2,259,NA,2,NA,QUAL,36.7,L,1,3,0,1,2020 dead gm cater,NA,NA,L,1,NA,NA,L,1,
Q3,2,260,NA,0,NA,ACRU,16.2,L,3,1,1,1,NA,NA,NA,L,1,NA,NA,L,1,
Q3,2,261,NA,1,NA,ACRU,10.6,L,2,1,1,1,DBH below scar,NA,NA,L,1,NA,NA,L,1,
Q3,2,262,NA,2,NA,QUAL,26.5,D,1,5,5,5,NA,NA,NA,D,5,NA,NA,D,5,
Q3,2,263,NA,2,NA,BELE,25.2,L,2,1,0,1,NA,NA,NA,L,1,NA,NA,L,1,
Q3,2,264,NA,2,NA,QUAL,50.9,D,1,5,5,5,Brown leaves,NA,NA,D,5,NA,NA,D,5,
Q3,2,265,NA,0,NA,QURU,8.1,L,2,3,1,1,Many larvae,NA,NA,L,1,NA,NA,L,1,
Q3,2,266,NA,2,NA,QUAL,29.6,D,1,5,5,5,NA,NA,NA,D,5,NA,NA,D,5,
Q3,3,267,NA,0,NA,ACRU,11.4,L,3,1,2,2,NA,NA,NA,L,2,NA,NA,L,2,
Q3,3,268,NA,2,NA,QURU,55.4,L,1,1,1,1,NA,NA,NA,L,1,NA,NA,L,1,about 10% dieback
Q3,3,269,NA,0,NA,ACRU,15.2,L,3,1,0,1,NA,NA,NA,L,1,NA,NA,L,1,
Q3,3,270,NA,0,NA,PIST,17.6,D,3,5,5,5,NA,NA,NA,D,5,NA,NA,D,5,
Q3,3,271,NA,2,NA,QURU,43.4,L,1,1,1,1,NA,NA,NA,L,1,NA,NA,L,1,
Q3,3,272,NA,1,NA,ACRU,10.9,L,3,1,1,1,NA,NA,NA,L,1,NA,NA,L,1,
Q3,3,273,NA,0,NA,ACRU,10.8,L,3,1,1,1,Shared base w/ 274,NA,NA,L,1,NA,NA,L,1,
Q3,3,274,NA,2,NA,ACRU,21.3,L,3,1,1,1,NA,NA,NA,L,1,NA,NA,L,1,
Q3,3,275,NA,1,NA,QUAL,19,L,3,1,2,2,Trunk sprouts,NA,NA,L,1,NA,NA,L,2,top broken; but maybe pre-existing?
Q3,3,276,NA,2,NA,ACRU,20.9,D,3,5,5,5,NA,NA,NA,D,5,NA,NA,D,5,
Q3,3,277,NA,2,NA,BEPA,26.9,D,3,5,5,5,NA,NA,NA,D,5,NA,NA,D,5,losing bark
Q3,3,278,NA,2,NA,BELE,26.8,L,3,1,0,1,NA,NA,NA,L,1,NA,NA,L,1,
Q3,3,279,NA,2,NA,ACRU,23.5,L,2,1,1,1,NA,NA,NA,L,1,NA,NA,L,1,
Q3,3,280,NA,2,NA,ACRU,29,L,1,1,1,1,NA,NA,NA,L,1,NA,NA,L,1,
Q3,3,281,NA,0,NA,PIST,5.6,L,3,1,3,5,brown needles 8/23,NA,NA,D,5,NA,NA,D,5,
Q3,3,282,NA,2,NA,QURU,26.2,L,1,1,1,1,2020 -live gm cater,NA,NA,L,1,NA,NA,L,2,
Q3,3,283,NA,2,NA,QURU,42.6,L,1,2,1,1,Trunk sprouts,NA,NA,L,1,NA,NA,L,2,
Q3,3,284,NA,0,NA,ACRU,17.3,L,3,1,1,1,NA,NA,NA,L,1,NA,NA,L,1,
Q5,1,120,NA,2,NA,TSCA,36.3,L,2,1,0,1,NA,0,1,L,1,0,0,L,2,
Q5,1,121,NA,1,NA,TSCA,40.5,L,2,1,0,1,NA,0,3,L,1,2,2,L,2,
Q5,1,122,NSC 5-7,2,NA,QURU,57.9,L,1,1,0,1,NSC 5-7,1,2,L,1,0,0,L,1,
Q5,1,123,NA,2,NA,TSCA,30.2,L,2,1,2,2,Sparse canopy (25-50%),0,1,L,2,0,1,L,3,
Q5,1,124,NA,0,NA,ACRU,8.7,L,2,1,1,NA,Some dead branches (0-25%),0,0,L,1,0,0,L,1,
Q5,1,125,NA,0,NA,TSCA,16,L,3,1,3,3,Broken top; 50-75% loss,0,1,L,4,0,0,D,5,
Q5,1,126,NA,0,NA,TSCA,17,D,3,5,5,5,NA,0,0,D,5,0,0,D,5,
Q5,1,127,NSC 5-1,2,NA,QURU,54.8,D,1,5,5,5,NA,0,1,D,5,4,0,D,5,
Q5,1,128,NA,2,NA,TSCA,32.9,L,2,1,0,0,NA,0,1,L,1,0,0,L,2,
Q5,1,129,NA,2,NA,PIST,59,L,1,1,0,0,NA,0,0,L,1,1,0,L,1,
Q5,1,130,NA,0,too dead to core,QURU,32,D,3,5,5,5,NA,0,0,D,5,0,0,D,5,snag
Q5,1,131,NA,0,NA,ACRU,8.6,L,3,1,0,NA,Shares base w/ 132; 133,0,0,L,1,0,0,L,1,
Q5,1,132,NA,1,NA,ACRU,11.2,L,3,1,0,0,Shares base w/ 131; 133,0,0,L,1,0,0,L,1,
Q5,1,133,NA,0,NA,ACRU,15.9,L,2,1,0,NA,Shares base w/ 131; 132,0,1,L,1,0,0,L,1,
Q5,1,134,NA,0,NA,TSCA,7.9,L,3,1,3,NA,50-75% canopy loss; shares stem with 135,0,0,L,3,0,0,L,3,
Q5,1,135,NA,0,NA,TSCA,9.4,L,3,1,3,NA,50-75% canopy loss; shares stem with 134,0,0,L,3,0,0,L,3,
Q5,1,136,NA,2,NA,TSCA,38.3,L,2,1,0,0,NA,1,5,L,1,1,1,L,1,
Q5,1,137,NA,2,NA,FRAM,30.2,L,1,1,2,2,Stem damage; fungi (25-50%),0,0,L,1,0,0,L,2,skinny crown
Q5,1,138,NA,2,NA,TSCA,29.8,L,2,1,2,3,25-50% canopy loss,0,1,L,3,0,2,L,3,grape on crown
Q5,1,139,NA,2,NA,TSCA,33.5,L,1,1,0,0,NA,0,1,L,2,4,4,L,2,
Q5,1,140,NA,0,NA,ACRU,9.3,L,3,1,2,NA,Several dead branches (25-50%),0,0,L,3,2,0,L,4,top dead
Q5,1,141,NA,0,NA,BELE,18.3,L,1,1,0,0,NA,0,1,L,1,0,0,L,1,
Q5,1,142,NA,1,NA,BELE,15,L,1,1,0,0,NA,0,0,L,1,0,1,L,1,
Q5,1,143,NA,0,NA,ACRU,7.4,L,3,1,1,NA,0-25% canopy loss,0,0,L,1,0,0,L,1,
Q5,1,144,NA,0,NA,BELE,18.2,L,1,1,0,0,NA,0,0,L,1,0,0,L,1,
Q5,2,47,NA,2,NA,QURU,52.5,L,1,1,1,1,NA,NA,NA,L,1,NA,NA,L,1,
Q5,2,48,NA,0,NA,ACRU,7.4,L,3,1,0,NA,NA,NA,NA,L,1,NA,NA,L,1,
Q5,2,49,NA,0,NA,ACRU,6.4,L,3,1,0,NA,NA,NA,NA,L,1,NA,NA,L,1,
Q5,2,50,NA,2,NA,ACRU,24.4,L,3,1,0,NA,NA,NA,NA,L,1,NA,NA,L,1,
Q5,2,51,NA,2,NA,QURU,49.6,L,1,1,1,1,NA,NA,NA,L,1,NA,NA,L,1,
Q5,2,52,NA,0,NA,ACRU,17.8,L,3,1,1,1,Trunk sprouts,NA,NA,L,1,NA,NA,L,1,
Q5,2,53,NSC 5-15,2,NA,QURU,64.2,D,3,5,5,5,Brown leaves,NA,NA,D,5,NA,NA,D,5,
Q5,2,54,NA,2,NA,PIST,25.8,D,3,5,5,5,NA,NA,NA,D,5,NA,NA,D,5,
Q5,2,55,NA,1,NA,BELE,17.4,L,2,1,0,NA,NA,NA,NA,L,1,NA,NA,L,1,
Q5,2,56,NA,2,NA,PIST,21.6,L,3,1,1,NA,Skimpy crown,NA,NA,L,2,NA,NA,L,2,
Q5,2,57,NA,0,NA,ACRU,7.6,L,3,1,0,1,Some trunk sprouts,NA,NA,L,1,NA,NA,L,1,
Q5,2,58,NA,0,NA,ACRU,7.5,L,3,1,1,1,DBH above knot,NA,NA,L,1,NA,NA,L,1,
Q5,2,59,NSC 5-16,2,NA,QURU,56,L,1,1,0,1,NA,NA,NA,L,1,NA,NA,L,1,
Q5,2,60,NA,0,NA,ACRU,8.2,L,3,1,0,NA,NA,NA,NA,L,1,NA,NA,L,1,
Q5,2,61,NA,0,NA,ACRU,5.1,L,3,1,0,NA,61; 62; 63; 64 sprout from same stump,NA,NA,L,1,NA,NA,L,1,
Q5,2,62,NA,0,NA,ACRU,11.1,L,3,1,0,NA,61; 62; 63; 64 sprout from same stump,NA,NA,L,1,NA,NA,L,1,
Q5,2,63,NA,0,NA,ACRU,8.1,L,2,1,0,NA,61; 62; 63; 64 sprout from same stump,NA,NA,L,1,NA,NA,L,1,
Q5,2,64,NA,0,NA,ACRU,12.1,L,2,1,0,NA,61; 62; 63; 64 sprout from same stump,NA,NA,L,1,NA,NA,L,1,
Q5,2,65,NSC 5-19,2,DEFOL a '2' 20 Aug 2019,QUAL,39.9,L,1,1,0,0,DBH above burlap; trunk sprouts,NA,NA,L,1,NA,NA,L,1,
Q5,2,66,NA,0,NA,ACRU,16.6,L,1,1,0,NA,NA,NA,NA,L,1,NA,NA,L,1,
Q5,2,67,NA,0,NA,ACRU,5.8,L,3,1,0,NA,67;68 sprout from same stump,NA,NA,L,1,NA,NA,L,1,
Q5,2,68,NA,0,NA,ACRU,17.5,L,1,1,0,NA,67;68 sprout from same stump,NA,NA,L,1,NA,NA,L,1,
Q5,2,69,NA,0,NA,BELE,11.2,L,2,1,0,0,NA,NA,NA,L,1,NA,NA,L,1,
Q5,2,70,NA,0,NA,BELE,7.6,L,3,1,0,0,NA,NA,NA,L,1,NA,NA,L,1,
Q5,2,71,NA,0,NA,ACRU,8.4,L,3,1,1,1,Trunk sprouts,NA,NA,L,1,NA,NA,L,1,
Q5,2,72,NA,2,NA,PIST,57.2,L,1,1,0,1,Dead lower branches,NA,NA,L,1,NA,NA,L,1,
Q5,2,73,NSC 5-13,2,NA,QUAL,68.8,D,1,5,5,5,NA,NA,NA,D,5,NA,NA,D,5,
Q5,2,74,NA,0,NA,ACRU,7.1,L,3,1,0,0,NA,NA,NA,L,1,NA,NA,L,1,
Q5,2,75,NA,0,NA,ACRU,11.8,L,2,1,0,0,NA,NA,NA,L,1,NA,NA,L,1,
Q5,2,76,NA,0,NA,BELE,6.1,L,3,1,0,0,NA,NA,NA,L,1,NA,NA,L,1,
Q5,3,145,NA,0,NA,ACRU,16,L,2,1,0,0,NA,NA,NA,L,1,NA,NA,L,1,
Q5,3,146,NA,0,NA,PIST,18.2,L,3,1,1,1,0-25% dieback,NA,NA,L,1,NA,NA,L,2,
Q5,3,147,NA,1,NA,ACRU,19.1,L,2,1,0,0,NA,NA,NA,L,1,NA,NA,L,1,
Q5,3,148,NA,0,NA,ACRU,7.5,L,3,1,0,0,NA,NA,NA,L,1,NA,NA,L,1,
Q5,3,149,NA,0,NA,ACRU,11.6,L,3,1,0,0,NA,NA,NA,L,1,NA,NA,L,1,
Q5,3,150,NA,2,NA,BELE,21,L,2,1,0,0,NA,NA,NA,L,1,NA,NA,L,1,
Q5,3,151,NA,0,NA,BELE,12.2,L,3,1,0,0,NA,NA,NA,L,1,NA,NA,L,1,
Q5,3,152,NA,2,NA,TSCA,35.1,L,3,1,0,1,NA,NA,NA,L,1,NA,NA,L,2,
Q5,3,153,NA,2,NA,ACRU,26.7,L,2,1,0,1,NA,NA,NA,L,1,NA,NA,L,1,
Q5,3,154,NA,2,NA,QURU,66,L,1,1,1,1,Dead branches (0-25%); 154; 155 share a base,NA,NA,L,1,NA,NA,L,1,
Q5,3,155,NSC 5-12,2,NA,QURU,68.4,L,1,1,1,1,Dead branches (0-25%); 154; 155 share a base,NA,NA,L,1,NA,NA,L,1,
Q5,3,156,NA,0,too dead to core,TSCA,63.1,D,3,5,5,5,Broken at ~4m,NA,NA,D,5,NA,NA,D,5,tag gone
Q5,3,157,NA,2,NA,PIST,39.2,L,1,1,2,2,25-50% dieback,NA,NA,L,1,NA,NA,L,2,
Q5,3,158,NA,0,NA,ACRU,7.9,L,3,1,1,1,0-25% dieback; 158; 159; 160 share a base,NA,NA,L,1,NA,NA,L,1,
Q5,3,159,NA,0,NA,ACRU,8.1,L,3,1,1,1,0-25% dieback; 158; 159; 160 share a base,NA,NA,L,1,NA,NA,L,1,
Q5,3,160,NA,0,NA,ACRU,6.5,L,3,1,0,0,Marked 'yes' for damage; 158; 159; 160 share a base,NA,NA,L,1,NA,NA,L,1,
Q5,3,161,NA,1,NA,FRAM,14.1,L,2,1,0,1,NA,NA,NA,L,1,NA,NA,L,1,
Q5,3,162,NA,2,NA,TSCA,38.6,L,2,1,1,1,0-25% dieback,NA,NA,L,2,NA,NA,L,2,
Q5,3,163,NSC 5-10,2,NA,QURU,51.5,L,1,1,0,1,NA,NA,NA,L,1,NA,NA,L,1,
Q5,3,164,NA,0,NA,PIST,8.2,L,3,1,1,NA,0-25% dieback,NA,NA,L,1,NA,NA,L,1,
Q5,3,165,NA,0,NA,BELE,8.1,L,3,1,0,NA,NA,NA,NA,L,1,NA,NA,L,1,
Q5,3,166,NA,0,NA,PIST,9,L,3,1,3,NA,50-75% dieback,NA,NA,L,1,NA,NA,L,1,
Q5,3,167,NA,0,NA,ACRU,8.3,L,3,1,1,NA,0-25% dieback,NA,NA,L,1,NA,NA,L,1,
Q5,3,168,NA,0,NA,ACRU,8,L,3,1,1,NA,0-25% dieback.  2020 leaning,NA,NA,L,1,NA,NA,L,1,
Q6,1,285,NA,0,NA,ACRU,8.9,L,3,1,1,NA,285; 286; 287 share base,0,0,L,1,0,0,L,1,
Q6,1,286,NA,0,NA,ACRU,17.2,L,2,1,1,NA,285; 286; 287 share base,0,0,L,1,0,0,L,1,
Q6,1,287,NA,0,NA,ACRU,18.3,L,1,1,1,NA,285; 286; 287 share base,0,1,L,1,0,0,L,1,
Q6,1,288,NA,2,NA,PIST,38.2,L,1,1,1,NA,288; 289; 290 share base,1,5,L,1,0,3,L,1,
Q6,1,289,NA,2,NA,ACRU,26.7,L,2,1,0,1,288; 289; 290 share base,0,1,L,1,0,0,L,1,
Q6,1,290,NA,1,NA,ACRU,12.4,L,3,1,1,1,288; 289; 290 share base,0,2,L,1,0,0,L,1,
Q6,1,291,NA,0,NA,ACRU,13,L,3,1,1,NA,NA,0,2,L,1,0,0,L,1,
Q6,1,292,NA,2,NA,PIST,53.2,L,1,1,0,0,NA,0,3,L,1,0,2,L,1,
Q6,1,293,NA,0,NA,ACRU,10.2,L,3,1,1,NA,Measured above bulge,0,0,L,1,0,0,L,1,
Q6,1,294,NA,0,NA,ACRU,6.7,L,3,1,1,NA,NA,0,0,L,1,0,0,L,1,
Q6,1,295,NA,1,NA,QURU,12.2,D,3,5,5,5,NA,1,0,D,5,0,0,D,5,
Q6,1,296,NA,2,NA,QURU,21.1,D,1,5,5,5,Brown leaves,0,1,D,5,0,0,D,5,
Q6,1,297,NA,0,NA,ACRU,6.7,L,2,1,1,NA,NA,0,0,L,1,0,0,L,2,
Q6,1,298,NA,0,NA,PIST,14.8,L,3,1,2,NA,NA,0,1,L,1,0,2,L,1,
Q6,1,299,NA,2,NA,PIST,25.8,L,1,1,1,1,NA,0,1,L,1,0,1,L,1,
Q6,1,300,NA,0,NA,ACRU,12,L,3,1,2,NA,DBH below bulge,0,0,L,2,0,0,L,1,
Q6,1,301,NA,0,NA,ACRU,9.1,L,3,1,1,NA,NA,0,0,L,1,0,0,L,1,
Q6,1,302,NA,0,NA,PIST,6.2,L,3,1,2,NA,NA,0,0,L,1,0,1,L,1,
Q6,1,303,NA,1,NA,ACRU,11.1,L,2,1,1,1,NA,0,0,L,1,0,0,L,1,
Q6,1,304,NA,0,NA,PIST,14.2,L,1,1,2,NA,NA,0,3,L,1,0,9,L,2,
Q6,1,305,NA,2,NA,QURU,34.8,L,1,1,2,3,NA,1,5,L,3,0,0,L,3,
Q6,1,306,NA,0,NA,PIST,18.9,L,2,1,1,NA,DBH below branch,0,0,L,1,1,0,L,2,
Q6,1,307,NA,1,NA,ACRU,15.6,L,2,1,1,NA,307;308 share base,0,0,L,1,0,0,L,1,
Q6,1,308,NA,0,NA,ACRU,9.8,L,3,1,1,NA,307;308 share base,0,0,L,1,0,0,L,1,
Q6,1,309,NA,0,NA,PIST,5,L,2,1,0,NA,NA,0,0,L,1,0,0,L,1,
Q6,1,310,NA,0,NA,PIST,5.9,L,3,1,1,NA,Leaning,0,0,L,1,0,0,L,1,
Q6,1,311,NA,2,just 1 core?,ACRU,31.1,L,1,1,1,1,NA,0,0,L,1,0,0,L,1,
Q6,1,312,NA,0,NA,PIST,10.2,L,3,1,2,NA,NA,0,0,L,1,0,1,L,1,
Q6,1,313,NA,0,NA,PIST,5.1,L,3,1,1,NA,NA,0,0,L,1,0,0,L,1,
Q6,1,314,NA,0,NA,ACRU,11.3,L,3,1,1,NA,NA,0,0,L,1,0,0,L,1,
Q6,1,315,NA,1,NA,ACRU,14.6,L,2,1,1,1,NA,0,0,L,1,0,0,L,1,
Q6,1,316,NA,0,NA,PIST,5.6,L,3,1,1,NA,NA,0,0,L,1,0,0,L,1,
Q6,1,317,NA,0,NA,PIST,6.2,L,3,1,2,NA,NA,0,0,L,1,0,0,L,1,
Q6,1,318,NA,0,NA,PIST,11,L,3,1,2,NA,NA,0,0,L,1,0,0,L,1,
Q6,1,319,NA,0,NA,PIST,11.6,L,3,1,1,NA,NA,0,0,L,1,0,0,L,1,
Q6,1,320,NA,0,NA,PIST,5.6,L,3,1,1,NA,NA,0,0,L,1,0,0,L,1,
Q6,1,321,NA,0,NA,PIST,8.6,L,3,1,1,NA,NA,0,0,L,1,0,0,L,1,
Q6,1,322,NA,0,NA,ACRU,6.3,L,3,1,3,NA,Top snapped,0,0,L,1,0,0,L,1,
Q6,1,323,NA,2,NA,QURU,35.8,D,1,5,5,5,NA,0,0,D,5,0,0,D,5,
Q6,1,324,NA,0,NA,PIST,7.7,L,3,1,1,NA,NA,0,0,L,1,0,0,L,1,
Q6,1,325,NA,0,NA,PIST,10.2,L,2,1,1,NA,NA,0,0,L,1,0,0,L,2,
Q6,1,326,NA,2,NA,QURU,50.6,D,1,5,5,5,NA,0,0,D,5,0,0,D,5,
Q6,1,327,NA,2,NA,QURU,60,D,1,5,5,5,NA,0,1,D,5,0,0,D,5,
Q6,1,328,NSC 6-3,2,NA,QURU,65.8,D,1,5,5,5,NA,0,0,D,5,0,0,D,5,
Q6,NA,NA,NSC 6-1,2,out of plot,NA,NA,NA,NA,NA,NA,5,NA,NA,NA,D,5,NA,NA,D,5,
Q6,2,329,NA,1,NA,ACRU,25.9,L,1,1,1,1,Shares base w/ 330,NA,NA,L,1,NA,NA,L,1,
Q6,2,330,NA,0,NA,ACRU,9.6,L,3,1,1,NA,Shares base w/ 329,NA,NA,L,1,NA,NA,L,1,
Q6,2,331,NA,0,NA,PIST,11.1,L,3,1,2,NA,NA,NA,NA,L,1,NA,NA,L,2,
Q6,2,332,NSC 6-6,0,too dead to core,QURU,55.5,D,1,5,5,5,Fungus on bark,NA,NA,D,5,NA,NA,D,5,
Q6,2,333,NA,2,NA,ACRU,22,L,2,1,1,1,Share base,NA,NA,L,1,NA,NA,L,1,
Q6,2,334,NA,0,NA,ACRU,8.7,L,3,1,1,NA,DBH below knot,NA,NA,L,1,NA,NA,L,1,
Q6,2,335,NA,0,NA,ACRU,14.9,L,2,1,0,NA,NA,NA,NA,L,1,NA,NA,L,1,
Q6,2,336,NA,0,NA,PIST,5.1,L,3,1,0,NA,Leaning,NA,NA,L,1,NA,NA,L,1,
Q6,2,337,NA,0,NA,PIST,7.5,L,3,1,0,NA,NSC 66-9,NA,NA,L,1,NA,NA,L,1,
Q6,2,338,NA,0,NA,PIST,8,L,3,1,0,NA,Leaning,NA,NA,L,1,NA,NA,L,1,
Q6,2,339,NSC 6-9,2,NA,QURU,42,D,1,5,5,5,NA,NA,NA,D,5,NA,NA,D,5,
Q6,2,340,NA,0,NA,PIST,7.5,L,3,1,0,NA,NA,NA,NA,L,1,NA,NA,L,1,
Q6,2,341,NA,2,NA,QUAL,20,D,2,5,5,5,NA,NA,NA,D,5,NA,NA,D,5,
Q6,2,342,NA,0,NA,CADE,5.2,L,3,1,2,NA,NA,NA,NA,D,5,NA,NA,D,5,
Q6,2,343,NA,0,NA,ACRU,5.4,L,2,1,1,NA,NA,NA,NA,L,1,NA,NA,L,1,
Q6,2,344,NA,1,NA,PIST,12.7,L,2,1,0,0,NA,NA,NA,L,1,NA,NA,L,1,
Q6,2,345,NA,0,NA,PIST,7.6,L,3,1,1,NA,NA,NA,NA,L,1,NA,NA,L,1,
Q6,2,346,NA,0,NA,PIST,17.4,L,2,1,0,NA,NA,NA,NA,L,1,NA,NA,L,1,
Q6,2,347,NA,0,NA,PIST,12,L,3,1,0,NA,NA,NA,NA,L,1,NA,NA,L,1,
Q6,2,348,NA,0,NA,PIST,7.6,L,2,1,0,NA,NA,NA,NA,L,1,NA,NA,L,1,
Q6,2,349,NA,0,NA,PIST,5.2,L,3,1,0,NA,NA,NA,NA,L,1,NA,NA,L,1,
Q6,2,350,NA,0,NA,PIST,9.4,L,2,1,0,NA,NA,NA,NA,L,1,NA,NA,L,1,
Q6,2,351,NA,0,NA,PIST,5.4,L,3,1,0,NA,NA,NA,NA,L,1,NA,NA,L,1,
Q6,2,352,NA,0,missed?,ACRU,20.3,L,2,1,1,NA,NA,NA,NA,L,1,NA,NA,L,1,
Q6,2,353,NA,2,NA,QUAL,23.7,D,1,5,5,5,was originally identified as ACRU,NA,NA,D,5,NA,NA,D,5,
Q6,2,354,NA,2,NA,QUAL,33.6,D,1,5,5,5,NA,NA,NA,D,5,NA,NA,D,5,
Q6,2,355,NA,0,NA,PIST,6,L,2,1,0,NA,NA,NA,NA,L,1,NA,NA,L,1,
Q6,2,356,NA,0,NA,PIST,8.4,L,3,1,0,NA,NA,NA,NA,L,1,NA,NA,L,1,
Q6,2,357,NA,0,NA,PIST,10.7,L,3,1,0,NA,NA,NA,NA,L,1,NA,NA,L,1,
Q6,2,358,NA,2,NA,QURU,55.2,D,1,5,5,5,Fungus on bark,NA,NA,D,5,NA,NA,D,5,
Q6,2,359,NA,0,NA,ACRU,11.4,L,3,1,2,NA,NA,NA,NA,L,2,NA,NA,L,4,top snap
Q6,2,360,NA,2,NA,ACRU,21.9,L,2,1,0,1,NA,NA,NA,L,1,NA,NA,L,1,
Q6,2,361,NA,0,NA,PIST,7.7,L,3,1,3,NA,NA,NA,NA,D,5,NA,NA,D,5,
Q6,2,362,NA,0,NA,PIST,8.7,L,3,1,0,NA,NA,NA,NA,L,1,NA,NA,L,1,
Q6,2,363,NA,2,NA,ACRU,21.8,L,2,1,1,1,NA,NA,NA,L,1,NA,NA,L,1,
Q6,2,364,NA,0,NA,PIST,5.6,L,2,1,0,NA,NA,NA,NA,L,1,NA,NA,L,1,
Q6,2,365,NA,0,NA,PIST,6.9,L,2,1,1,NA,NA,NA,NA,L,1,NA,NA,L,1,
Q6,2,366,NA,0,NA,PIST,9.5,L,2,1,1,NA,NA,NA,NA,L,1,NA,NA,L,1,
Q6,2,NA,NA,1,DEFOL a '4' 17 Sept 2019,QUAL,NA,L,3,NA,NA,4,new tree found Sept2019,NA,NA,D,5,NA,NA,D,5,
Q6,NA,NA,NSC 6-4,0,could not find tree,NA,NA,NA,NA,NA,NA,NA,2020 -could not find,NA,NA,NA,NA,NA,NA,D,5,just NW of plot 6-2
Q6,3,367,NA,2,NA,QUAL,53.8,D,1,5,5,5,NA,NA,NA,D,5,NA,NA,D,5,
Q6,3,368,NA,0,NA,PIST,6.6,L,3,1,0,NA,NA,NA,NA,L,1,NA,NA,L,1,
Q6,3,369,NA,0,NA,ACRU,6.2,L,2,1,1,NA,NA,NA,NA,L,1,NA,NA,L,1,
Q6,3,370,NA,0,NA,ACRU,6.2,L,3,1,1,NA,NA,NA,NA,L,1,NA,NA,L,1,
Q6,3,371,NA,0,NA,PIST,13,L,2,1,0,NA,NA,NA,NA,L,1,NA,NA,L,1,
Q6,3,372,NA,0,NA,PIST,6.4,L,3,1,1,NA,NA,NA,NA,L,1,NA,NA,L,1,
Q6,3,373,NA,2,NA,PIST,38.2,L,1,1,0,0,NA,NA,NA,L,1,NA,NA,L,1,
Q6,3,374,NA,0,too dead to core,ACRU,24.2,D,3,5,5,5,DBH above bump,NA,NA,D,5,NA,NA,D,5,4m snag
Q6,3,375,NA,2,NA,QUAL,30.9,D,1,5,5,5,NA,NA,NA,D,5,NA,NA,D,5,
Q6,3,376,NA,0,NA,PIST,7.3,L,2,1,0,NA,NA,NA,NA,L,1,NA,NA,L,1,
Q6,3,377,NA,0,NA,PIST,5.4,L,3,1,0,NA,NA,NA,NA,L,1,NA,NA,L,1,
Q6,3,378,NA,0,NA,PIST,9,L,2,1,0,NA,NA,NA,NA,L,1,NA,NA,L,1,
Q6,3,379,NA,2,NA,ACRU,25,L,1,1,0,0,NA,NA,NA,L,1,NA,NA,L,1,
Q6,3,380,NA,0,NA,ACRU,6.8,L,3,1,1,NA,NA,NA,NA,L,1,NA,NA,L,1,
Q6,3,381,NA,0,NA,ACRU,8.5,L,3,1,1,NA,Top snapped,NA,NA,L,1,NA,NA,L,1,
Q6,3,382,NA,1,NA,BELE,12.3,L,2,1,0,0,NA,NA,NA,L,1,NA,NA,L,1,
Q6,3,383,NA,0,NA,ACRU,17.8,L,1,1,1,NA,NA,NA,NA,L,1,NA,NA,L,1,
Q6,3,384,NA,0,NA,ACRU,8.4,L,3,1,0,NA,NA,NA,NA,L,1,NA,NA,L,1,
Q6,3,385,NA,0,NA,ACRU,6.8,L,3,1,0,NA,NA,NA,NA,L,1,NA,NA,L,1,
Q6,3,386,NA,0,NA,ACRU,6.5,L,3,1,1,NA,NA,NA,NA,L,1,NA,NA,L,1,
Q6,3,387,NA,0,NA,ACRU,8.4,L,2,1,1,NA,NA,NA,NA,L,1,NA,NA,L,1,
Q6,3,388,NA,2,NA,PIST,24.5,L,1,1,1,1,NA,NA,NA,L,1,NA,NA,L,1,
Q6,3,389,NSC 6-4,2,NA,QUAL,32,D,1,5,5,5,NA,NA,NA,D,5,NA,NA,D,5,
Q6,3,390,NA,0,NA,PIST,12.9,L,2,1,1,NA,NA,NA,NA,L,1,NA,NA,L,1,
Q6,3,391,NA,0,NA,QUVE,5,L,3,2,3,NA,NA,NA,NA,D,5,NA,NA,D,5,BASP
Q6,3,392,NA,0,NA,ACRU,15.7,L,1,1,0,NA,NA,NA,NA,L,1,NA,NA,L,1,
Q6,3,393,NA,0,NA,PIST,5.8,L,3,1,1,NA,2020 leaning,NA,NA,L,1,NA,NA,L,1,
Q6,3,394,NA,0,NA,PIST,5.1,L,3,1,0,NA,NA,NA,NA,L,1,NA,NA,L,1,
Q6,NA,NA,NSC 6-8,2,out of plot,QURU,NA,NA,NA,NA,NA,5,NA,NA,NA,D,5,NA,NA,D,5,just North of plot 6-2
Q8,1,482,NA,0,NA,BELE,16.5,L,2,1,0,NA,NA,0,0,L,1,0,0,L,1,
Q8,1,483,NA,0,NA,BELE,9.6,L,3,1,0,NA,NA,0,0,L,1,0,0,L,1,
Q8,1,484,NA,0,NA,BELE,15.5,L,2,1,0,NA,NA,0,0,L,1,0,0,L,1,
Q8,1,485,NA,2,NA,FRAM,39.1,L,1,1,1,1,NA,0,0,L,1,0,0,L,1,
Q8,1,486,NA,0,NA,BELE,7.1,L,3,1,0,NA,Shares base w/ 487,0,0,L,1,0,0,L,1,
Q8,1,487,NA,1,NA,BELE,13,L,2,1,0,0,Shares base w/ 486,0,0,L,1,0,0,L,1,
Q8,1,488,NA,0,NA,BELE,10.5,L,3,1,0,NA,NA,0,0,L,1,0,0,L,1,
Q8,1,489,NA,2,NA,BELE,22.8,L,1,1,1,1,NA,0,1,L,1,0,0,L,1,
Q8,1,490,NA,0,NA,BELE,9.5,L,3,1,1,NA,NA,0,0,L,1,0,0,L,1,
Q8,1,491,NA,0,NA,BELE,7.8,L,3,1,1,NA,NA,0,0,L,1,0,0,L,1,
Q8,1,492,NA,0,NA,BELE,6.6,L,3,1,1,NA,NA,0,0,L,1,0,0,L,1,
Q8,1,493,NA,2,NA,ACRU,20.8,L,2,1,1,1,NA,0,0,L,1,1,0,L,1,
Q8,1,494,NA,2,NA,BELE,20.4,L,1,1,0,0,NA,0,0,L,1,0,0,L,1,trunk sprouts
Q8,1,495,NA,0,NA,BELE,19,L,1,1,1,NA,NA,0,1,L,1,0,0,L,1,
Q8,1,496,NA,1,NA,ACRU,13,L,2,1,1,1,Shares base w/ 497,0,0,L,2,0,0,L,2,
Q8,1,497,NA,0,maybe 1 core?,ACRU,13.1,L,2,1,1,NA,Shares base w/ 496,0,0,L,1,0,0,L,1,
Q8,1,498,NA,0,NA,ACRU,9.6,L,3,1,1,NA,Shares base w/ 499,0,0,D,5,0,0,D,5,
Q8,1,499,NA,0,NA,ACRU,17.2,L,1,1,1,NA,Shares base w/ 498,0,0,L,1,0,0,L,2,
Q8,1,500,NA,0,NA,ACRU,9.8,L,2,1,1,NA,NA,0,0,L,1,0,0,L,1,
Q8,1,2801,NA,0,NA,ACRU,11.5,L,2,1,1,NA,NA,0,0,L,1,0,0,L,1,
Q8,1,2802,NA,0,NA,BELE,7.5,L,3,1,1,NA,NA,0,0,L,1,0,0,L,1,
Q8,1,2803,NA,1,NA,BELE,15.8,L,2,1,1,0,NA,0,1,L,1,0,0,L,1,
Q8,1,2804,NA,0,NA,BELE,10,L,3,1,0,NA,NA,0,0,L,1,0,0,L,1,
Q8,1,2805,NA,2,NA,BELE,20.6,L,1,1,0,0,NA,0,0,L,1,0,0,L,1,
Q8,1,2806,NA,0,NA,ACRU,10,L,3,1,1,NA,NA,0,0,L,1,0,0,L,1,
Q8,1,2807,NA,0,NA,ACRU,6,L,3,1,1,NA,Shares base w/ 2808,0,0,D,5,0,0,D,5,
Q8,1,2808,NA,0,NA,ACRU,8.1,L,3,1,2,NA,Shares base w/ 2807,0,0,D,5,1,0,D,5,
Q8,1,2809,NSC 8-1,0,NA,QURU,62.4,L,1,1,2,NA,NA,1,2,L,2,1,5,L,2,
Q8,1,2810,NA,2,NA,BELE,9.6,L,3,1,1,1,NA,0,0,L,1,0,0,L,1,
Q8,1,2811,NA,0,NA,BELE,7.5,L,3,1,1,NA,NA,0,0,L,1,0,0,L,1,
Q8,2,2812,NA,0,NA,BELE,17,L,1,1,0,NA,NA,NA,NA,L,1,NA,NA,L,1,
Q8,2,2813,NA,0,NA,BELE,17.8,L,1,1,0,NA,NA,NA,NA,L,1,NA,NA,L,1,
Q8,2,2814,NA,1,NA,BELE,5.1,L,3,1,0,1,NA,NA,NA,L,1,NA,NA,L,1,
Q8,2,2815,NA,0,NA,BELE,18,L,1,1,0,NA,NA,NA,NA,L,1,NA,NA,L,1,
Q8,2,2816,NA,0,NA,BELE,19.2,L,1,1,0,NA,NA,NA,NA,L,1,NA,NA,L,1,
Q8,2,2817,NA,2,NA,BELE,20.1,L,1,1,0,1,NA,NA,NA,L,1,NA,NA,L,1,
Q8,2,2818,NA,1,NA,BELE,15.9,L,1,1,0,1,NA,NA,NA,L,1,NA,NA,L,1,
Q8,2,2819,NSC 8-10 (or NSC 8-9?),2,NA,QURU,33.8,L,1,1,1,1,NA,NA,NA,L,2,NA,NA,L,1,
Q8,2,2820,NA,2,NA,BELE,20.7,L,2,1,0,1,NA,NA,NA,L,1,NA,NA,L,1,
Q8,2,2821,NA,0,NA,ACRU,13,L,2,1,1,NA,NA,NA,NA,L,1,NA,NA,L,1,
Q8,2,2822,NA,0,NA,ACRU,19.4,L,1,1,1,NA,NA,NA,NA,L,1,NA,NA,L,1,
Q8,2,2823,NA,0,NA,BELE,5.5,L,3,1,0,NA,NA,NA,NA,L,1,NA,NA,L,1,
Q8,2,501,NA,2,NA,CAGL,41.9,L,1,1,0,0,NA,NA,NA,L,1,NA,NA,L,1,
Q8,2,502,NA,1,NA,BELE,16.4,L,1,1,1,1,NA,NA,NA,L,1,NA,NA,L,1,
Q8,2,503,NA,0,NA,ACRU,11.7,L,3,1,0,NA,NA,NA,NA,L,1,NA,NA,L,1,
Q8,2,504,NA,0,NA,BELE,9.4,L,3,1,0,NA,NA,NA,NA,L,1,NA,NA,L,1,
Q8,2,505,NA,0,NA,BELE,18.6,L,1,1,1,NA,505; 506 growing out of same trunk,NA,NA,L,1,NA,NA,L,1,
Q8,2,506,NA,1,NA,BELE,14.1,L,1,1,1,1,505; 506 growing out of same trunk,NA,NA,L,1,NA,NA,L,1,
Q8,2,507,NA,2,NA,BELE,20.1,L,1,1,0,0,NA,NA,NA,L,1,NA,NA,L,1,
Q8,2,508,NA,0,NA,BELE,14.5,L,1,1,1,NA,NA,NA,NA,L,1,NA,NA,L,1,
Q8,2,509,NA,0,NA,BELE,14,L,2,1,0,NA,509; 510; 511 growing out of same trunk,NA,NA,L,1,NA,NA,L,1,
Q8,2,510,NA,0,NA,BELE,7.8,L,3,1,0,NA,509; 510; 511 growing out of same trunk,NA,NA,L,1,NA,NA,L,1,
Q8,2,511,NA,1,NA,BELE,10.2,L,3,1,0,0,509; 510; 511 growing out of same trunk,NA,NA,L,1,NA,NA,L,1,
Q8,2,512,NA,0,NA,BELE,10,L,3,1,0,NA,NA,NA,NA,L,1,NA,NA,L,1,
Q8,2,513,NA,0,NA,BELE,17.5,L,3,1,1,NA,NA,NA,NA,L,1,NA,NA,L,1,
Q8,2,514,NA,0,NA,BELE,8.8,L,3,1,0,NA,NA,NA,NA,L,1,NA,NA,L,1,
Q8,2,515,NA,1,NA,ACRU,11.7,L,3,1,4,5,NA,NA,NA,D,5,NA,NA,D,5,tag missing
Q8,2,516,NA,0,NA,BELE,5.1,L,3,1,0,NA,NA,NA,NA,L,1,NA,NA,L,1,
Q8,2,517,NA,0,NA,BELE,9.4,L,3,1,0,NA,NA,NA,NA,L,1,NA,NA,L,1,
Q8,2,518,NA,0,NA,BELE,18.9,L,1,1,0,NA,NA,NA,NA,L,1,NA,NA,L,1,
Q8,2,519,NA,0,NA,BELE,6.8,L,3,1,0,NA,NA,NA,NA,L,1,NA,NA,L,1,
Q8,2,520,NA,0,NA,ACRU,10.5,L,3,1,1,NA,NA,NA,NA,L,1,NA,NA,L,1,
Q8,2,521,NA,0,NA,CAGL,9.8,L,3,1,1,NA,NA,NA,NA,L,1,NA,NA,D,5,
Q8,2,522,NA,0,NA,BELE,9.9,L,3,1,0,NA,NA,NA,NA,L,1,NA,NA,L,1,
Q8,2,523,NA,0,NA,BELE,7.7,L,3,1,1,NA,NA,NA,NA,L,1,NA,NA,L,1,
Q8,NA,NA,NSC 8-6,2,out of plot,NA,NA,NA,NA,NA,NA,1,NA,NA,NA,L,1,NA,NA,L,1,
Q8,3,524,NA,2,NA,FRAM,60.7,L,1,1,1,1,NA,NA,NA,L,1,NA,NA,L,1,no tag; split
Q8,3,525,NA,2,NA,BELE,28.8,L,2,1,0,1,NA,NA,NA,L,1,NA,NA,L,1,tag missing
Q8,3,526,NA,0,NA,ACRU,12.4,L,3,1,2,NA,NA,NA,NA,L,2,NA,NA,L,2,
Q8,3,527,NA,2,NA,ACRU,35.9,L,1,1,0,1,NA,NA,NA,L,1,NA,NA,L,1,
Q8,3,528,NA,2,NA,ACRU,23.2,L,2,1,1,1,NA,NA,NA,L,1,NA,NA,L,1,
Q8,3,529,NA,0,NA,ACRU,11.2,L,3,1,0,NA,529; 530; 531; 532 growing out of same base/stump,NA,NA,L,1,NA,NA,L,1,
Q8,3,530,NA,0,NA,ACRU,5,L,3,1,2,NA,529; 530; 531; 532 growing out of same base/stump,NA,NA,L,2,NA,NA,L,2,
Q8,3,531,NA,0,NA,ACRU,10.7,L,3,1,2,NA,529; 530; 531; 532 growing out of same base/stump,NA,NA,L,2,NA,NA,L,2,
Q8,3,532,NA,1,NA,ACRU,11.6,L,3,1,2,1,529; 530; 531; 532 growing out of same base/stump,NA,NA,L,1,NA,NA,L,1,
Q8,3,533,NA,2,NA,BELE,29.1,L,2,1,0,1,NA,NA,NA,L,1,NA,NA,L,1,
Q8,3,534,NA,2,NA,BEAL,44.3,L,3,1,0,1,NA,NA,NA,L,1,NA,NA,L,1,
Q8,3,535,NA,0,NA,ACRU,13.4,L,3,1,2,NA,NA,NA,NA,L,1,NA,NA,L,3,bent
Q8,3,536,NA,2,NA,BELE,35.2,L,1,1,1,1,NA,NA,NA,L,1,NA,NA,L,1,
Q8,3,537,NA,2,NA,ACRU,59.9,L,1,1,1,1,NA,NA,NA,L,1,NA,NA,L,1,
Q8,3,538,NA,2,NA,BELE,29.9,L,2,1,1,1,NA,NA,NA,L,1,NA,NA,L,1,
Q8,NA,NA,NSC 8-9,NA,not sure,NA,NA,NA,NA,NA,NA,5,NA,NA,NA,D,5,NA,NA,D,5,
Q9,1,77,NA,NA,not sure,QUVE,29.4,D,2,5,5,5,NA,0,0,D,5,0,0,D,5,
Q9,1,78,NA,NA,not sure,ACRU,20.3,L,2,1,0,1,Shares base w/ 79,0,1,L,1,0,0,L,1,
Q9,1,79,NA,0,NA,ACRU,13.2,L,3,1,0,NA,Shares base w/ 78,0,0,L,1,0,0,L,1,
Q9,1,80,NA,2,NA,QURU,27.3,L,1,1,1,2,Some dead branches (0-25% dieback),0,0,L,2,0,0,L,2,
Q9,1,81,NA,0,NA,ACRU,12.6,L,3,1,0,NA,NA,0,1,L,1,0,0,L,1,
Q9,1,82,NSC 9-5,2,NA,QURU,54.3,L,1,1,1,1,0-25% dieback,0,2,L,1,0,1,L,1,TRSP
Q9,1,83,NA,2,NA,QURU,16.4,D,3,5,5,5,NA,2,0,D,5,0,0,D,5,
Q9,1,84,NA,0,NA,ACRU,19.9,L,2,1,0,NA,NA,0,0,L,1,0,0,L,1,
Q9,1,85,NA,0,NA,ACRU,18.3,L,3,1,0,NA,NA,0,0,L,1,0,0,L,1,
Q9,1,86,NSC 9-6,2,NA,QURU,52.3,L,1,1,1,1,NSC; 0-25% dieback,3,1,L,1,2,7,L,1,
Q9,1,87,NSC 9-1,2,about 25% dieback,QURU,45.5,L,1,1,1,1,NSC; 0-25% dieback,0,2,L,2,1,1,L,2,
Q9,1,88,NA,1,NA,CAOV,11,L,3,1,0,1,NA,0,0,L,1,0,0,L,1,
Q9,1,89,NA,0,NA,CAOV,6.8,L,3,1,0,NA,NA,0,0,L,1,0,0,L,1,
Q9,1,90,NA,2,NA,FRAM,53,L,1,1,1,1,Stem anomalies; 0-25% dieback,0,0,L,1,0,0,L,1,
Q9,1,91,NA,2,NA,ACRU,37.3,L,1,1,0,1,NA,0,0,L,1,0,0,L,1,
Q9,1,92,NSC 9-4,2,NA,QURU,42.7,L,1,1,1,1,NSC; 0-25% dieback,0,1,L,1,0,0,L,2,
Q9,1,93,NA,2,NA,QURU,29.9,D,1,5,5,5,NA,0,0,D,5,0,0,D,5,
Q9,1,94,NA,2,NA,QURU,33.2,D,1,5,5,5,NA,0,0,D,5,0,0,D,5,
Q9,1,95,NA,2,NA,QURU,40.5,D,1,5,5,5,NA,0,3,D,5,0,0,D,5,
Q9,2,169,NA,0,NA,ACRU,10.1,L,3,1,0,NA,169; 170 from same stump,NA,NA,L,1,NA,NA,L,1,
Q9,2,170,NA,0,NA,ACRU,9,L,3,1,0,NA,169; 170 from same stump,NA,NA,L,1,NA,NA,L,1,
Q9,2,171,NA,0,NA,ACRU,15.8,L,3,1,0,NA,171; 172 from same trunk,NA,NA,L,1,NA,NA,L,1,
Q9,2,172,NA,2,NA,ACRU,22.5,L,2,1,0,0,171; 172 from same trunk,NA,NA,L,1,NA,NA,L,1,
Q9,2,173,NA,0,NA,ACRU,8,L,2,1,0,NA,NA,NA,NA,L,1,NA,NA,L,1,
Q9,2,174,NSC 9-14,2,NA,QURU,51.3,L,1,1,2,2,25-50% dieback,NA,NA,L,2,NA,NA,L,2,
Q9,2,175,NA,1,NA,QURU,12.2,D,3,5,5,5,NA,NA,NA,D,5,NA,NA,D,5,downed
Q9,2,176,NA,0,NA,ACRU,8.3,L,3,1,2,NA,25-50% dieback,NA,NA,L,2,NA,NA,L,3,
Q9,2,177,NA,2,NA,ACRU,21.3,L,3,1,0,0,DBH between bulges,NA,NA,L,1,NA,NA,L,1,
Q9,2,178,NSC 9-15,2,NA,QURU,41.8,D,1,5,5,5,Brown leaves,NA,NA,D,5,NA,NA,D,5,
Q9,2,179,NSC 9-16,2,NA,QURU,30.9,L,1,1,0,0,NA,NA,NA,L,1,NA,NA,L,1,
Q9,2,180,NA,0,NA,PIST,12.7,L,3,1,0,NA,Skimpy crown,NA,NA,L,1,NA,NA,L,1,
Q9,2,181,NA,0,NA,ACRU,17.5,L,2,1,0,NA,NA,NA,NA,L,1,NA,NA,L,1,
Q9,2,182,NA,0,NA,ACRU,6.3,L,3,1,0,NA,Top snapped; resprouting,NA,NA,L,1,NA,NA,L,1,
Q9,2,183,NA,0,NA,ACRU,5.7,L,3,1,0,NA,NA,NA,NA,L,1,NA,NA,L,1,
Q9,2,184,NA,0,NA,PIST,6.7,L,3,1,0,NA,NA,NA,NA,L,1,NA,NA,L,1,
Q9,2,185,NA,1,NA,QURU,13.8,D,2,5,5,5,Brown leaves,NA,NA,D,5,NA,NA,D,5,
Q9,2,186,NA,2,NA,QURU,55.5,L,1,1,0,1,NA,NA,NA,L,1,NA,NA,L,1,
Q9,2,187,NA,0,NA,FRNI,5.5,L,3,1,0,NA,Might be white ash instead.2020 FRAM,NA,NA,L,1,NA,NA,L,1,
Q9,2,188,NA,2,NA,QUVE,20.2,L,2,1,1,1,0-25% dieback,NA,NA,L,1,NA,NA,L,1,
Q9,2,189,NSC 9-13,2,NA,QURU,34.3,L,1,1,1,1,0-25% dieback,NA,NA,L,1,NA,NA,L,1,
Q9,2,190,NSC 9-12,2,NA,QURU,64.5,D,1,5,5,5,NA,NA,NA,D,5,NA,NA,D,5,
Q9,2,191,NA,0,NA,ACRU,9.8,L,3,1,1,NA,Bent; 0-25% dieback,NA,NA,L,2,NA,NA,L,2,
Q9,2,192,NA,0,NA,CAOV,15.3,L,2,1,0,NA,NA,NA,NA,L,1,NA,NA,L,1,
Q9,2,193,NA,0,NA,PIST,8.5,L,3,1,0,NA,Skimpy crown,NA,NA,L,2,NA,NA,L,2,
Q9,2,194,NA,0,NA,ACRU,10.9,L,2,1,2,NA,25-50%,NA,NA,L,1,NA,NA,L,1,
Q9,2,195,NA,0,NA,ACRU,9.9,L,3,1,0,NA,NA,NA,NA,L,1,NA,NA,L,1,
Q9,2,196,NA,1,NA,ACRU,15.8,L,3,1,4,4,75-100% dieback; entire top is dead,NA,NA,D,5,NA,NA,D,5,fallen
Q9,2,197,NA,2,NA,CASP,22.2,L,3,1,4,4,75-100% dieback,NA,NA,D,5,NA,NA,D,5,
Q9,2,198,NA,0,NA,PIST,5.2,L,3,1,0,NA,Skimpy crown,NA,NA,L,1,NA,NA,L,1,
Q9,2,199,NA,0,NA,PIST,8.9,L,3,1,0,NA,Skimpy crown,NA,NA,L,1,NA,NA,L,1,
Q9,2,200,NA,2,NA,QUAL,55.4,L,1,1,1,1,0-25% dieback,NA,NA,L,1,NA,NA,L,1,
Q9,2,201,NA,0,NA,ACRU,14.5,L,2,1,0,NA,201; 202 from same trunk,NA,NA,L,1,NA,NA,L,1,
Q9,2,202,NA,0,NA,ACRU,10.4,L,3,1,0,NA,201; 202 from same trunk; 6/19 defol: <25% overall; but 25-50% on trunk sprouts,NA,NA,L,1,NA,NA,L,1,
Q9,2,203,NA,2,NA,QURU,40.7,L,1,1,2,2,25-50% dieback,NA,NA,L,1,NA,NA,L,1,
Q9,NA,NA,NSC 9-8,2,NA,QURU,38.9,L,NA,NA,NA,1,NA,NA,NA,L,1,NA,NA,L,1,located between subplots 2 and 3 close to N edge of sublot 3
Q9,3,96,NA,0,NA,PIST,5,L,3,1,0,NA,NA,NA,NA,L,1,NA,NA,L,1,
Q9,3,97,NA,2,NA,QURU,55.2,L,1,1,1,1,0-25% dieback,NA,NA,L,1,NA,NA,L,2,
Q9,3,98,NA,0,NA,PIST,5.2,L,3,1,0,NA,NA,NA,NA,L,1,NA,NA,L,1,
Q9,3,99,NA,1,NA,ACRU,12.2,L,3,1,2,2,25-50% dieback; top has died,NA,NA,L,2,NA,NA,L,2,
Q9,3,100,NA,0,NA,QUAL,17.4,L,3,1,3,NA,50-75% dieback,NA,NA,D,5,NA,NA,D,5,
Q9,3,204,NA,0,NA,QUAL,16.6,D,3,5,5,NA,Attached with 100,NA,NA,D,5,NA,NA,D,5,
Q9,3,205,NA,0,NA,PIST,5.4,L,3,1,0,NA,NA,NA,NA,L,1,NA,NA,L,1,
Q9,3,206,NA,0,NA,PIST,5.5,L,3,1,0,NA,Browning needles,NA,NA,L,1,NA,NA,L,1,
Q9,3,207,NA,0,NA,PIST,5,L,3,1,0,NA,NA,NA,NA,L,1,NA,NA,L,1,
Q9,3,208,NA,0,NA,CAOV,6,L,3,1,1,NA,Dead top (0-25% dieback),NA,NA,L,3,NA,NA,L,3,
Q9,3,209,NSC 9-10,2,NA,QURU,50.8,L,1,1,1,1,0-25% dieback,NA,NA,L,1,NA,NA,L,2,
Q9,3,210,NA,1,NA,ACRU,11.8,L,3,1,0,0,Broken top; shares same sprout with 211 and 212,NA,NA,L,2,NA,NA,L,1,
Q9,3,211,NA,0,NA,ACRU,12,L,3,1,0,NA,Shares same sprout with 210; 212,NA,NA,L,1,NA,NA,L,1,
Q9,3,212,NA,0,NA,ACRU,17.6,L,3,1,1,NA,0-25% dieback; shares same sprout with 210; 211,NA,NA,L,1,NA,NA,L,1,
Q9,3,213,NA,2,NA,CAOV,20.2,L,1,1,0,0,NA,NA,NA,L,1,NA,NA,L,1,
Q9,3,214,NA,0,NA,CAOV,9.2,L,3,1,1,NA,Dead top 0-25% dieback,NA,NA,L,2,NA,NA,L,2,
Q9,3,215,NA,0,NA,PIST,5.3,L,3,1,0,NA,Broken leader,NA,NA,L,1,NA,NA,L,1,
Q9,3,216,NA,1,NA,ACRU,15,L,2,1,0,0,NA,NA,NA,L,1,NA,NA,L,1,
Q9,3,217,NA,0,NA,PIST,5.5,L,3,1,0,NA,NA,NA,NA,L,1,NA,NA,L,1,
Q9,3,218,NA,0,NA,PIST,8.5,L,3,1,0,NA,NA,NA,NA,L,1,NA,NA,L,1,
Q9,3,219,NA,0,NA,PIST,6.5,L,3,1,0,NA,NA,NA,NA,L,1,NA,NA,L,1,
Q9,3,220,NA,0,NA,PIST,6.1,L,3,1,0,NA,Broken top; browning leaves,NA,NA,L,1,NA,NA,L,1,
Q9,3,221,NA,0,NA,ACRU,17.7,L,2,1,0,NA,NA,NA,NA,L,1,NA,NA,L,1,
Q9,3,222,NA,0,NA,ACRU,16.2,D,3,5,5,NA,Shares stem w/ 221; broken top,NA,NA,D,5,NA,NA,D,5,snapped at ~5m
Q9,3,223,NA,1,NA,ACRU,15.7,L,3,1,0,1,Broken top; shares sprout w/ 224,NA,NA,L,2,NA,NA,L,2,
Q9,3,224,NA,0,NA,ACRU,15.7,L,3,1,2,NA,Broken top; 0-25% dieback; shares sprout w/ 223,NA,NA,L,2,NA,NA,L,2,
Q9,3,225,NA,0,NA,ACRU,19.9,L,2,1,0,NA,NA,NA,NA,L,1,NA,NA,L,1,
Q9,3,226,NA,0,NA,ACRU,8.4,L,3,NA,3,NA,50-75% dieback,NA,NA,L,2,NA,NA,L,3,
Q9,3,227,NA,2,NA,CAOV,21.8,L,1,1,0,0,NA,NA,NA,L,1,NA,NA,L,1,
Q9,3,228,NSC 9-7,1,NA,QUAL,15,L,3,1,1,1,0-25% dieback,NA,NA,L,2,NA,NA,L,2,
Q9,3,229,NA,0,NA,PIST,5.5,L,3,1,0,NA,Broken top,NA,NA,L,2,NA,NA,L,2,
Q9,3,230,NA,0,NA,QUAL,14.8,L,3,1,0,NA,Broken top,NA,NA,L,2,NA,NA,L,2,
Q9,3,231,NA,0,NA,PIST,9.2,L,3,1,3,NA,50-75% dieback,NA,NA,L,2,NA,NA,L,2,
Q10,1,401,NA,0,NA,PIST,5.3,L,3,1,1,NA,Leaning,0,0,L,1,0,0,L,1,
Q10,1,402,NA,0,NA,PIST,5.8,L,3,1,0,NA,NA,0,0,L,1,0,0,L,1,
Q10,1,403,NA,0,NA,PIST,5.7,L,3,1,0,NA,Broken top,0,0,L,1,0,0,L,1,
Q10,1,404,NA,2,NA,QURU,32.1,D,1,5,5,5,NA,0,0,D,5,0,0,D,5,
Q10,1,405,NA,0,NA,PIST,5,L,3,1,0,NA,NA,0,0,L,1,0,0,L,1,
Q10,1,406,NA,0,NA,ACRU,17.3,L,2,1,0,NA,Shares stem with 407,0,0,L,1,0,0,L,1,
Q10,1,407,NA,0,NA,ACRU,18.2,L,2,1,0,NA,Shares stem with 406,0,1,L,1,0,0,L,1,
Q10,1,408,NA,0,NA,PIST,5.3,L,3,1,0,NA,NA,0,0,L,1,0,0,L,1,
Q10,1,409,NA,2,NA,QURU,64.4,D,1,5,5,5,NA,1,0,D,5,0,0,D,5,
Q10,1,410,NA,1,NA,BELE,19.3,L,2,1,0,NA,NA,0,1,L,1,0,0,L,1,
Q10,1,411,NA,2,NA,QURU,29.7,D,1,5,5,5,2020-dead epicormic,0,2,D,5,0,0,D,5,
Q10,1,412,NA,0,NA,PIST,5,L,3,1,2,NA,NA,0,0,L,1,0,0,L,1,
Q10,1,413,NA,2,NA,QURU,27.5,D,1,5,5,5,2020-brown leaves,0,0,D,5,0,0,D,5,
Q10,1,414,NA,0,NA,PIST,5.5,L,3,1,1,NA,Leaning,0,0,L,1,0,0,L,1,
Q10,1,415,NA,0,NA,PIST,5.4,L,3,1,0,NA,NA,0,0,L,1,0,0,L,1,
Q10,1,416,NA,2,NA,QURU,62.3,D,1,5,5,5,NA,0,0,D,5,0,0,D,5,
Q10,1,417,NA,0,NA,PIST,5.3,L,3,1,1,NA,NA,0,0,L,1,0,0,L,1,
Q10,1,418,NA,0,NA,PIST,5.7,L,3,1,0,NA,NA,0,0,L,1,0,0,L,1,
Q10,1,419,NA,0,NA,PIST,7.9,L,3,1,1,NA,NA,0,0,L,1,0,0,L,1,
Q10,1,420,NA,0,NA,ACRU,10.2,L,2,1,0,NA,NA,0,0,L,1,0,0,L,1,
Q10,1,421,NA,0,NA,PIST,5.4,L,3,1,1,NA,NA,0,0,L,1,0,0,L,1,
Q10,1,422,NA,0,too dead to core,QURU,50.5,D,1,5,5,5,NA,0,0,D,5,0,0,D,5,
Q10,2,423,NA,0,NA,ACRU,13.8,L,2,1,0,NA,NA,NA,NA,L,1,NA,NA,L,1,
Q10,2,424,NA,0,NA,ACRU,12.5,L,2,1,0,NA,NA,NA,NA,L,1,NA,NA,L,1,
Q10,2,425,NA,1,NA,ACRU,17,L,2,1,0,NA,NA,NA,NA,L,1,NA,NA,L,1,
Q10,2,426,NA,2,NA,QUAL,30.1,L,1,2,1,1,NA,NA,NA,L,1,NA,NA,L,1,
Q10,2,427,NA,0,NA,ACRU,13.6,L,3,1,0,NA,Broken top,NA,NA,L,1,NA,NA,L,1,
Q10,2,428,NA,2,NA,QUAL,47.4,D,1,5,5,5, 2020- QURU,NA,NA,D,5,NA,NA,D,5,
Q10,2,429,NA,0,NA,CADE,5.2,L,3,1,0,NA,NA,NA,NA,L,1,NA,NA,L,1,
Q10,2,430,NA,0,NA,PIST,18.1,L,2,1,1,NA,NA,NA,NA,L,1,NA,NA,L,1,
Q10,2,431,NA,0,NA,ACRU,7.2,L,3,1,0,NA,Leaning,NA,NA,L,1,NA,NA,L,1,
Q10,2,432,NA,0,NA,ACRU,13.8,L,3,1,0,NA,Broken top,NA,NA,L,1,NA,NA,L,1,
Q10,2,433,NA,1,NA,ACRU,16.8,L,2,1,0,0,NA,NA,NA,L,1,NA,NA,L,1,
Q10,2,434,NA,0,NA,ACRU,8.3,L,3,1,0,NA,NA,NA,NA,L,1,NA,NA,L,1,
Q10,2,435,NA,0,NA,ACRU,10.1,L,3,1,0,NA,NA,NA,NA,L,1,NA,NA,L,1,
Q10,2,436,NA,2,DEFOL a '2' 20 Aug 2019,BELE,23.9,L,2,1,3,3,Broken top,NA,NA,L,3,NA,NA,L,4,
Q10,2,437,NA,0,NA,BELE,14.8,L,3,1,0,NA,NA,NA,NA,L,1,NA,NA,L,1,leaning under 442
Q10,2,438,NA,0,NA,ACRU,5.3,L,3,1,3,NA,Most of the leaves are curled and browning,NA,NA,L,1,NA,NA,L,1,
Q10,2,439,NA,0,NA,ACRU,7.6,L,3,1,1,NA,Broken top,NA,NA,L,1,NA,NA,L,1,
Q10,2,440,NA,0,NA,ACRU,9.6,L,3,1,1,NA,NA,NA,NA,L,1,NA,NA,L,1,
Q10,2,441,NA,2,NA,QURU,51.8,D,1,5,5,5,NA,NA,NA,D,5,NA,NA,D,5,
Q10,2,442,NA,2,NA,QURU,43.8,D,1,5,5,5,NA,NA,NA,D,5,NA,NA,D,5,fallen
Q10,2,443,NA,1,NA,QURU,19.6,D,1,5,5,NA,2020- leaning,NA,NA,D,5,NA,NA,D,5,fallen
Q10,2,444,NA,0,NA,PIST,12.1,L,3,1,3,NA,NA,NA,NA,L,2,NA,NA,L,2,
Q10,2,445,NA,0,NA,ACRU,10.2,L,2,1,1,NA,NA,NA,NA,L,1,NA,NA,L,1,
Q10,2,446,NA,2,NA,QURU,39.5,D,1,5,5,5,NA,NA,NA,D,5,NA,NA,D,5,leaning hung up in 448
Q10,2,447,NA,1,NA,BELE,17.2,L,2,1,0,NA,NA,NA,NA,L,1,NA,NA,L,1,
Q10,2,448,NA,2,NA,BELE,23.2,L,3,1,1,0,NA,NA,NA,L,1,NA,NA,L,1,
Q10,2,449,NA,2,NA,QURU,43.1,L,1,1,3,2,NA,NA,NA,L,2,NA,NA,L,2,
Q10,2,450,NA,0,NA,ACRU,5.6,L,3,1,0,NA,NA,NA,NA,L,1,NA,NA,L,1,
Q10,2,451,NA,2,NA,QURU,45.4,L,1,1,2,2,NA,NA,NA,L,2,NA,NA,L,2,
Q10,2,452,NA,0,NA,ACRU,10.4,L,3,1,1,NA,NA,NA,NA,L,1,NA,NA,L,1,
Q10,2,453,NA,0,NA,ACRU,9.2,L,3,1,0,NA,NA,NA,NA,L,1,NA,NA,L,1,
Q10,2,454,NA,2,NA,QURU,37.3,D,1,5,5,5,NA,NA,NA,D,5,NA,NA,D,5,
Q10,2,455,NA,0,NA,ACRU,8,L,3,1,1,NA,NA,NA,NA,L,1,NA,NA,L,1,
Q10,2,456,NA,2,NA,QURU,49.7,L,1,1,1,1,NA,NA,NA,L,1,NA,NA,L,1,
Q10,2,457,NA,0,NA,ACRU,6.6,L,3,1,0,NA,NA,NA,NA,L,1,NA,NA,L,1,
Q10,2,458,NA,0,NA,ACRU,12.4,L,3,1,0,NA,NA,NA,NA,L,1,NA,NA,L,1,
Q10,2,459,NA,2,NA,QURU,53.1,L,1,1,1,1,NA,NA,NA,L,1,NA,NA,L,1,
Q10,3,460,NA,0,NA,CAOV,6.4,L,3,1,1,NA,NA,NA,NA,L,1,NA,NA,L,1,
Q10,3,461,NA,2,NA,QURU,67.5,L,1,1,1,NA,NA,NA,NA,L,1,NA,NA,L,2,
Q10,3,462,NA,0,NA,ACRU,15.9,L,3,1,0,NA,NA,NA,NA,L,1,NA,NA,L,1,
Q10,3,463,NA,2,NA,QURU,43.4,D,1,5,5,5,463; 464; 465 share base,NA,NA,D,5,NA,NA,D,5,
Q10,3,464,NA,NA,not sure,QURU,46.8,D,1,5,5,5,463; 464; 465 share base,NA,NA,D,5,NA,NA,D,5,
Q10,3,465,NA,2,NA,QURU,38.5,D,1,5,5,5,463; 464; 465 share base,NA,NA,D,5,NA,NA,D,5,
Q10,3,466,NA,1,NA,ACRU,14.8,L,2,1,0,NA,NA,NA,NA,L,1,NA,NA,L,1,no tag
Q10,3,467,NA,0,NA,QUAL,16.8,D,2,5,5,NA,NA,NA,NA,D,5,NA,NA,D,5,leaning on acru
Q10,3,468,NA,0,NA,PIST,5.2,L,3,1,1,NA,Broken top,NA,NA,L,1,NA,NA,L,1,
Q10,3,469,NA,0,NA,ACRU,16.9,L,2,1,0,NA,NA,NA,NA,L,1,NA,NA,L,1,
Q10,3,470,NA,1,NA,FRAM,19,L,2,1,0,NA,NA,NA,NA,L,1,NA,NA,L,1,
Q10,3,471,NA,2,NA,QURU,50.6,L,1,1,1,1,NA,NA,NA,L,1,NA,NA,L,1,
Q10,3,472,NA,0,NA,PIST,7.9,L,3,1,0,NA,NA,NA,NA,L,1,NA,NA,L,1,
Q10,3,473,NA,2,NA,QURU,39.7,D,1,5,5,5,Share base w/ 474,NA,NA,D,5,NA,NA,D,5,
Q10,3,474,NA,2,NA,QURU,35.2,D,1,5,5,5,Share base w/ 473,NA,NA,D,5,NA,NA,D,5,
Q10,3,475,NA,0,NA,ACRU,7.3,L,3,1,4,NA,Leaning and broken top/ 2020 hidden by ferns,NA,NA,L,4,NA,NA,L,4,only 1 living branch
Q10,3,476,NA,2,NA,QURU,37.5,D,1,5,5,5,NA,NA,NA,D,5,NA,NA,D,5,
Q10,3,477,NA,0,NA,ACRU,19.6,L,2,1,0,NA,NA,NA,NA,L,1,NA,NA,L,1,
Q10,3,478,NA,0,NA,ACRU,18.9,L,2,1,0,NA,NA,NA,NA,L,1,NA,NA,L,1,
Q10,3,479,NA,2,NA,QURU,45.5,L,1,1,1,1,NA,NA,NA,L,1,NA,NA,L,2,
Q10,3,480,NA,1,NA,FRAM,13.6,L,3,1,2,2,Broken and dying top,NA,NA,L,2,NA,NA,L,2,
Q10,3,481,NA,2,NA,QURU,56.6,L,1,1,1,1,NA,NA,NA,L,1,NA,NA,L,1,
QH,1,539,NA,2,NA,QURU,36.6,L,1,1,1,1,NA,0,5,L,1,0,0,L,1,
QH,1,540,NA,2,NA,PIST,39.9,L,1,1,0,1,Normal pine dead branches,0,0,L,1,0,0,L,1,
QH,1,541,NA,2,NA,TSCA,20.6,L,3,1,1,1,NA,0,0,L,1,0,0,L,1,
QH,1,542,NA,2,NA,PIST,47.5,L,1,1,0,1,Normal ,0,1,L,1,0,0,L,1,
QH,1,543,NA,0,NA,BELE,11,L,3,1,0,NA,NA,0,0,L,1,0,0,L,1,
QH,1,544,NA,2,NA,QUAL,38.4,L,1,1,1,1,NA,0,0,L,1,0,0,L,1,
QH,1,545,NA,2,NA,TSCA,38.4,L,3,1,1,1,NA,0,0,L,1,0,0,L,1,
QH,1,546,NA,2,NA,BELE,21.4,L,2,1,0,1,NA,0,1,L,1,0,0,L,1,
QH,1,547,NA,2,NA,BELE,21.2,L,1,1,0,1,NA,0,0,L,1,0,0,L,1,
QH,1,548,NA,0,NA,ACRU,18.1,L,2,1,1,NA,NA,0,0,L,1,0,0,L,1,
QH,1,549,NA,2,NA,TSCA,24.9,L,3,1,0,1,NA,0,0,L,1,0,0,L,1,
QH,1,550,NA,1,NA,BELE,13.7,L,2,1,0,1,NA,0,0,L,1,0,0,L,1,
QH,1,551,NA,0,NA,BELE,11.8,L,3,1,0,NA,NA,0,0,L,1,0,0,L,1,
QH,1,552,NA,2,NA,TSCA,35.5,L,2,1,1,1,NA,0,2,L,2,0,0,L,2,broken top
QH,1,553,NA,0,NA,TSCA,6.8,L,3,1,1,NA,NA,0,0,L,1,0,1,L,2,
QH,1,554,NA,2,NA,TSCA,32.4,L,2,1,1,1,NA,0,0,L,1,0,0,L,1,
QH,1,555,NA,0,NA,FAGR,17.2,D,3,5,5,NA,NA,0,0,D,5,0,0,D,5,down
QH,1,556,NA,0,too dead to core,FAGR,28,D,3,5,5,5,NA,0,0,D,5,0,0,D,5,
QH,1,557,NA,1,NA,ACRU,18.5,L,3,1,1,1,NA,0,0,L,1,0,0,L,1,
QH,1,558,NA,2,NA,ACRU,32.9,L,1,1,1,1,NA,0,0,L,1,0,0,L,1,
QH,1,559,NA,2,NA,QURU,54.6,L,1,1,1,1,Lots of caterpillars on burlap -> 5 w/ parasitoids and older instars,0,3,L,1,0,1,L,1,
QH,1,560,NA,0,too dead to core,FAGR,24.5,D,3,5,5,5,NA,0,0,D,5,0,0,D,5,snapped at 4m
QH,1,561,NA,0,too dead to core,FAGR,23.8,D,3,5,5,5,NA,0,0,D,5,0,0,D,5,
QH,2,597,NA,0,NA,TSCA,6.2,L,3,1,1,NA,NA,NA,NA,L,2,NA,NA,L,2,
QH,2,598,NA,2,NA,TSCA,33.5,L,2,1,2,1,NA,NA,NA,L,2,NA,NA,L,2,
QH,2,599,NA,0,NA,ACRU,19,L,3,1,1,NA,NA,NA,NA,L,1,NA,NA,L,1,
QH,2,600,NA,0,NA,ACRU,12.5,L,3,1,1,NA,NA,NA,NA,L,1,NA,NA,L,1,
QH,2,601,NA,1,NA,ACRU,16,L,3,1,1,1,NA,NA,NA,L,2,NA,NA,L,2,
QH,2,602,NA,0,NA,PIST,5.8,L,3,1,2,NA,Shading out,NA,NA,L,2,NA,NA,L,2,
QH,2,603,NA,0,NA,PIST,5.2,L,3,1,2,NA,Shading out,NA,NA,L,2,NA,NA,L,2,
QH,2,604,NA,0,NA,PIST,8.4,L,3,1,2,NA,Shading out,NA,NA,L,4,NA,NA,D,5,
QH,2,605,NA,2,NA,BELE,33.6,L,2,1,1,1,DBH under bulge; top snapped,NA,NA,L,1,NA,NA,L,1,
QH,2,606,NA,2,NA,PIST,24.7,L,3,1,1,1,NA,NA,NA,L,1,NA,NA,L,2,
QH,2,607,NA,0,NA,PIST,5.9,L,3,1,1,NA,NA,NA,NA,L,2,NA,NA,L,2,
QH,2,608,NA,2,NA,BELE,29.7,L,1,1,0,1,Bark is peeling; but DBH measured at smallest bark peel,NA,NA,L,1,NA,NA,L,1,
QH,2,609,NA,0,NA,PIST,9.2,L,3,1,1,NA,NA,NA,NA,L,1,NA,NA,L,1,
QH,2,610,NA,0,NA,BELE,8.1,L,3,1,1,NA,DBH = 8.1 (measured under bulge),NA,NA,L,1,NA,NA,L,1,
QH,2,611,NA,0,NA,BELE,9.7,L,3,1,0,NA,NA,NA,NA,L,1,NA,NA,L,1,
QH,2,612,NA,2,NA,QURU,22.6,L,1,1,1,1,NA,NA,NA,L,1,NA,NA,L,1,
QH,2,613,NA,2,NA,TSCA,28.5,L,2,1,1,1,NA,NA,NA,L,2,NA,NA,L,2,
QH,2,614,NA,2,NA,ACRU,28.1,L,1,1,1,1,NA,NA,NA,L,1,NA,NA,L,1,
QH,2,615,NA,0,NA,PIST,5.6,L,3,1,1,NA,NA,NA,NA,L,1,NA,NA,L,2,
QH,2,616,NA,2,NA,TSCA,50,L,1,1,1,1,NA,NA,NA,L,1,NA,NA,L,1,
QH,2,617,NA,0,NA,BELE,19.8,L,2,1,0,NA,NA,NA,NA,L,1,NA,NA,L,1,
QH,2,618,NA,2,NA,BELE,23.4,L,1,1,0,1,DBH under peeling bark,NA,NA,L,1,NA,NA,L,1,
QH,2,619,NA,0,NA,TSCA,19.5,L,3,1,1,NA,NA,NA,NA,L,2,NA,NA,L,2,
QH,2,620,NA,0,NA,TSCA,8.7,L,3,1,1,NA,NA,NA,NA,L,2,NA,NA,L,3,
QH,2,621,NA,1,NA,TSCA,10,L,3,1,1,1,NA,NA,NA,L,1,NA,NA,L,2,
QH,2,622,NA,0,NA,BELE,18.8,L,1,1,1,NA,NA,NA,NA,L,1,NA,NA,L,1,
QH,2,623,NA,0,NA,TSCA,18.4,L,3,1,0,NA,NA,NA,NA,L,2,NA,NA,L,2,
QH,2,624,NA,0,NA,TSCA,6.8,L,3,1,0,NA,NA,NA,NA,L,2,NA,NA,L,2,
QH,2,625,NA,0,NA,TSCA,8.1,L,3,1,0,NA,NA,NA,NA,L,2,NA,NA,L,2,
QH,2,626,NA,2,NA,QUAL,28,L,1,1,1,1,NA,NA,NA,L,1,NA,NA,L,1,
QH,2,627,NA,0,NA,TSCA,7.8,L,3,1,0,NA,NA,NA,NA,L,2,NA,NA,L,2,
QH,2,628,NA,1,NA,ACRU,10.9,L,3,1,1,1,NA,NA,NA,L,1,NA,NA,L,1,
QH,2,629,NA,0,NA,PIST,18.1,L,3,1,3,NA,Woodpecker holes in trunk,NA,NA,L,2,NA,NA,L,2,
QH,2,630,NA,0,NA,TSCA,6.1,L,3,1,1,NA,NA,NA,NA,D,5,NA,NA,D,5,
QH,2,631,NA,0,NA,TSCA,19.5,L,3,1,0,NA,NA,NA,NA,L,2,NA,NA,L,2,
QH,2,632,NA,2,NA,QURU,45.6,L,1,1,1,1,NA,NA,NA,L,1,NA,NA,L,1,
QH,2,633,NA,2,NA,BELE,20.3,L,2,1,1,1,Curved stem,NA,NA,L,1,NA,NA,L,1,
QH,2,634,NA,2,NA,PIST,20.4,L,3,1,4,4,Very few needles; shading out,NA,NA,L,4,NA,NA,L,4,
QH,2,635,NA,1,NA,BELE,15.9,L,3,1,0,1,NA,NA,NA,L,1,NA,NA,L,1,
QH,3,562,NA,0,NA,QURU,7.8,L,3,1,1,NA,NA,NA,NA,D,5,NA,NA,D,5,
QH,3,563,NA,1,NA,QURU,16.9,L,2,1,1,1,NA,NA,NA,L,1,NA,NA,L,1,
QH,3,564,NA,0,NA,ACRU,17.8,L,3,1,1,NA,Measured DBH 90cm from base bc open seam,NA,NA,L,2,NA,NA,L,2,
QH,3,565,NA,1,NA,QURU,13,L,2,1,1,1,NA,NA,NA,L,1,NA,NA,L,1,
QH,3,566,NA,0,NA,PIST,19.1,L,3,1,2,NA,NA,NA,NA,L,2,NA,NA,L,2,
QH,3,567,NA,0,NA,ACRU,12.1,L,3,1,1,NA,NA,NA,NA,L,1,NA,NA,L,1,
QH,3,568,NA,2,NA,TSCA,39.9,L,3,1,2,2,Lots of woodpecker holes,NA,NA,L,2,NA,NA,L,2,
QH,3,569,NA,2,NA,QURU,30.9,L,1,1,1,1,NA,NA,NA,L,1,NA,NA,L,2,
QH,3,570,NA,2,NA,QURU,22.1,L,2,1,1,1,NA,NA,NA,L,1,NA,NA,L,1,
QH,3,571,NA,0,NA,PIST,6.3,L,3,1,1,NA,Skimpy crown. 2020 still skimpy,NA,NA,L,1,NA,NA,L,1,
QH,3,572,NA,0,NA,PIST,5.9,L,3,1,1,NA,Leaning,NA,NA,L,1,NA,NA,L,1,
QH,3,573,NA,0,too rotten to core,ACRU,15.7,L,3,1,2,2,Leaning; cavity,NA,NA,L,1,NA,NA,L,1,
QH,3,574,NA,2,NA,ACRU,21.7,L,3,3,1,3,Broken off top,NA,NA,L,1,NA,NA,L,1,
QH,3,575,NA,2,NA,QURU,60.3,L,3,1,1,2,NA,NA,NA,L,2,NA,NA,L,2,
QH,3,576,NA,0,NA,ACRU,9.3,L,1,1,1,NA,NA,NA,NA,L,1,NA,NA,L,1,
QH,3,577,NA,0,NA,QURU,8,L,2,1,1,NA,NA,NA,NA,L,1,NA,NA,L,1,
QH,3,578,NA,0,NA,PIST,7,L,3,1,1,NA,NA,NA,NA,L,1,NA,NA,L,1,
QH,3,579,NA,0,NA,PIST,5.8,L,3,1,1,NA,Skimpy needles,NA,NA,L,1,NA,NA,L,1,
QH,3,580,NA,0,NA,PIST,6,L,3,1,1,NA,Skimpy needles,NA,NA,L,1,NA,NA,L,2,
QH,3,581,NA,1,hollow,PIST,32.1,L,1,1,1,1,Lots of weird old holes in bole,NA,NA,L,1,NA,NA,L,1,
QH,3,582,NA,0,NA,BELE,12.4,L,3,1,1,NA,NA,NA,NA,L,1,NA,NA,L,1,
QH,3,583,NA,2,NA,QURU,25.6,L,2,1,1,1,NA,NA,NA,L,1,NA,NA,L,1,
QH,3,584,NA,0,NA,PIST,6.7,L,3,1,1,NA,Skimpy. 2020 still skimpy,NA,NA,L,1,NA,NA,L,2,
QH,3,585,NA,0,NA,PIST,17.3,L,3,1,1,NA,NA,NA,NA,L,2,NA,NA,L,2,
QH,3,586,NA,1,NA,BELE,13.1,L,2,1,1,1,NA,NA,NA,L,1,NA,NA,L,1,
QH,3,587,NA,0,NA,BELE,12.2,L,2,1,1,NA,NA,NA,NA,L,1,NA,NA,L,1,
QH,3,588,NA,0,NA,TSCA,10.1,L,3,1,1,NA,NA,NA,NA,L,2,NA,NA,L,2,
QH,3,589,NA,2,NA,TSCA,30.6,L,1,1,3,3,NA,NA,NA,L,3,NA,NA,L,3,
QH,3,590,NA,2,NA,ACRU,26.6,L,1,1,4,4,NA,NA,NA,L,3,NA,NA,L,4,
QH,3,591,NA,0,NA,PIST,6.5,L,3,1,1,NA,NA,NA,NA,L,1,NA,NA,L,1,
QH,3,592,NA,2,NA,QURU,40.3,L,1,1,1,1,NA,NA,NA,L,1,NA,NA,L,1,
QH,3,593,NA,0,NA,PIST,7.5,L,3,1,1,NA,NA,NA,NA,L,1,NA,NA,L,1,
QH,3,594,NA,1,NA,ACRU,18.5,L,1,1,1,1,NA,NA,NA,L,1,NA,NA,L,1,
QH,3,595,NA,0,NA,TSCA,5.2,L,3,1,1,NA,NA,NA,NA,L,1,NA,NA,L,1,
QH,3,596,NA,0,NA,ACRU,18.7,L,1,1,1,NA,NA,NA,NA,L,1,NA,NA,L,1,
QH,NA,NA,NA,2,NA,QUAL,41.2,D,NA,NA,NA,5,core only; not in plot. 2020 did not find,NA,NA,NA,NA,NA,NA,NA,NA,
QH,NA,NA,NA,2,tree is dying right now; brown leaves,QURU,NA,L,NA,NA,NA,4,core only; not in plot. 2020 did not find,NA,NA,NA,NA,NA,NA,NA,NA,
SC,1,2901,NA,2,NA,ACRU,25.7,L,1,1,1,1,NA,0,0,L,1,0,0,L,1,
SC,1,2902,NA,0,NA,ACRU,14.5,L,3,1,1,NA,NA,0,0,L,1,0,0,L,1,
SC,1,2903,NA,0,NA,QURU,19,D,2,5,5,NA,NA,0,0,D,5,0,0,D,5,
SC,1,2904,NA,2,NA,TSCA,33.5,L,3,1,1,1,NA,0,1,L,2,1,0,L,2,
SC,1,2905,NA,2,NA,TSCA,20,L,3,1,1,1,Shares a base with 2908,0,0,L,2,0,0,L,2,
SC,1,2906,NA,1,NA,ACRU,18.1,L,3,1,1,1,single stem,0,0,L,1,0,0,L,1,
SC,1,2907,NA,0,NA,TSCA,18.3,L,3,1,2,NA,Shares a base with 2909,0,0,L,2,0,0,L,2,
SC,1,2908,NA,0,NA,TSCA,7.6,L,3,1,4,NA,Shares a base with 2905,0,0,L,4,0,0,D,5,
SC,1,2909,NA,2,NA,TSCA,30.5,L,3,1,2,2,Shares a base with 2907,0,2,L,2,0,3,L,3,
SC,1,2910,NA,0,too dead to core,ACRU,23.4,D,3,5,5,5,NA,0,0,D,5,0,0,D,5,top snap
SC,1,2911,NA,0,NA,TSCA,18.3,L,3,1,2,NA,NA,0,0,L,2,0,0,L,2,
SC,1,2912,NA,0,NA,TSCA,8,L,3,1,2,NA,NA,0,0,L,2,0,0,L,2,
SC,1,2913,NA,1,NA,ACRU,17.5,L,2,1,1,1,NA,0,0,L,1,0,0,L,1,
SC,1,2914,NA,2,NA,TSCA,23.7,L,1,1,2,1,NA,0,0,L,2,0,0,L,2,
SC,1,2915,NA,2,NA,ACRU,22.8,L,3,1,1,1,NA,0,0,L,1,0,0,L,1,
SC,1,2916,NA,2,NA,QURU,58.8,L,1,1,2,2,NA,0,0,L,2,0,0,L,2,
SC,1,2917,NA,2,NA,QURU,24.4,L,1,1,1,1,Dead top (not recent),0,0,L,3,0,1,D,5,
SC,1,2918,NA,2,NA,TSCA,31,L,3,1,2,2,NA,0,0,L,2,0,0,L,2,
SC,1,2919,NA,0,NA,ACRU,14.9,L,2,1,1,NA,NA,0,0,L,1,0,0,L,1,trunk sprout
SC,1,2920,NA,2,NA,BELE,21.2,L,1,1,1,1,NA,0,0,L,1,0,0,L,1,
SC,1,2921,NA,0,NA,TSCA,12,L,3,1,2,NA,NA,0,0,L,2,0,0,L,4,
SC,1,2922,NA,2,NA,TSCA,32.2,L,2,1,1,1,NA,0,0,L,2,0,2,L,2,
SC,1,2923,NA,2,NA,TSCA,22,L,3,1,4,4,NA,0,0,D,5,0,0,D,5,
SC,1,2924,NA,2,NA,BELE,38,L,2,1,1,1,NA,0,0,L,1,0,0,L,1,
SC,1,2925,NA,1,NA,TSCA,13.8,L,3,1,1,1,NA,0,1,L,2,0,0,L,3,
SC,1,2926,NA,2,NA,TSCA,30.2,L,3,1,1,1,NA,0,1,L,1,0,1,L,1,
SC,1,2927,NA,2,NA,TSCA,27.7,L,3,1,2,2,NA,0,0,L,2,0,1,L,4,
SC,1,2928,NA,0,NA,ACRU,19,L,2,1,1,NA,NA,0,1,L,1,0,0,L,1,trunk sprout
SC,1,2929,NA,0,NA,TSCA,9.2,L,3,1,1,NA,NA,0,0,L,1,0,0,L,2,
SC,1,2930,NA,2,NA,TSCA,32.5,L,2,1,1,1,NA,0,1,L,1,0,1,L,2,
SC,1,2931,NA,0,NA,TSCA,12.5,L,3,1,2,NA,NA,0,1,L,2,0,1,L,2,
SC,1,2932,NA,1,NA,TSCA,17.9,L,3,1,1,1,NA,0,1,L,2,2,0,L,2,
SC,1,2933,NA,2,NA,QURU,52.6,D,1,5,5,5,Brown leaves,0,2,D,5,0,0,D,5,
SC,1,2934,NA,0,NA,ACRU,18.2,L,2,1,1,NA,NA,0,0,D,5,0,0,D,5,snapped at 3m
SC,1,2935,NA,0,NA,TSCA,15.6,L,3,1,1,NA,NA,0,0,L,2,0,0,L,3,
SC,1,2936,NA,2,NA,QURU,42.5,D,1,5,5,5,NA,0,0,D,5,0,0,D,5,
SC,1,2937,NA,1,NA,TSCA,16.6,L,2,1,3,3,NA,0,0,L,3,0,0,L,4,
SC,1,2938,NA,0,NA,TSCA,13.7,L,1,1,2,NA,NA,0,0,L,2,0,0,L,4,
SC,1,2939,NA,2,NA,FAGR,20.6,L,1,1,1,1,bbd,0,0,L,1,0,1,L,1,
SC,1,2940,NA,0,NA,TSCA,8,L,3,1,1,NA,NA,0,0,L,1,0,0,L,2,
SC,2,2824,NA,2,NA,BELE,20.9,L,2,1,0,0,NA,NA,NA,L,1,NA,NA,L,1,
SC,2,2825,NA,2,NA,TSCA,24.3,L,3,1,1,1,NA,NA,NA,L,2,NA,NA,L,3,
SC,2,2826,NA,2,NA,BEPA,34.2,L,1,1,0,0,Lean,NA,NA,L,1,NA,NA,L,1,
SC,2,2827,NA,0,NA,BELE,7,L,3,1,0,NA,NA,NA,NA,L,1,NA,NA,L,1,
SC,2,2828,NA,2,NA,ACRU,28.2,L,1,1,0,0,Possibly yellow birch,NA,NA,L,1,NA,NA,L,1,
SC,2,2829,NA,2,NA,QURU,38.6,L,1,1,1,1,NA,NA,NA,L,2,NA,NA,L,2,
SC,2,2830,NA,0,NA,ACRU,19.4,L,2,1,0,NA,NA,NA,NA,L,1,NA,NA,L,1,
SC,2,2831,NA,2,NA,QURU,49.3,D,1,5,5,5,NA,NA,NA,D,5,NA,NA,D,5,
SC,2,2832,NA,0,NA,TSCA,5.3,L,3,1,0,NA,Scratching on stem.2020 hwa,NA,NA,L,1,NA,NA,L,1,
SC,2,2833,NA,1,NA,TSCA,13.9,L,3,1,0,0,NA,NA,NA,L,1,NA,NA,L,1,
SC,2,2834,NA,0,NA,TSCA,16.7,L,3,1,1,NA,Signs of crown thinning,NA,NA,L,2,NA,NA,L,2,
SC,2,2835,NA,0,NA,TSCA,11.5,L,3,1,0,NA,NA,NA,NA,L,2,NA,NA,L,1,
SC,2,2836,NA,2,NA,QURU,41.3,L,1,1,1,1,NA,NA,NA,L,2,NA,NA,L,2,
SC,2,2837,NA,2,NA,FAGR,21.7,L,3,1,0,0,Beech bark disease,NA,NA,L,1,NA,NA,L,1,
SC,2,2838,NA,0,NA,BELE,6.8,L,3,1,0,NA,NA,NA,NA,L,1,NA,NA,L,1,
SC,2,2839,NA,1,NA,ACRU,16.3,L,2,1,0,1,2839 and 2840 share base,NA,NA,L,1,NA,NA,L,1,
SC,2,2840,NA,2,NA,ACRU,28.7,L,1,1,0,1,2839 and 2840 share base,NA,NA,L,1,NA,NA,L,1,
SC,2,2841,NA,2,NA,QURU,50.7,L,1,1,1,1,NA,NA,NA,L,1,NA,NA,L,1,
SC,2,2842,NA,0,NA,ACRU,12.7,L,3,1,0,NA,NA,NA,NA,L,1,NA,NA,L,1,
SC,2,2843,NA,0,NA,FAGR,8,L,3,1,0,NA,NA,NA,NA,L,1,NA,NA,L,1,
SC,2,2844,NA,2,NA,QURU,31.4,L,1,1,1,1,NA,NA,NA,L,2,NA,NA,L,1,
SC,2,2845,NA,0,NA,FAGR,6,L,3,1,0,NA,NA,NA,NA,L,1,NA,NA,L,1,
SC,2,2846,NA,0,NA,ACRU,16.5,L,2,1,2,NA,Fungus on back,NA,NA,D,5,NA,NA,D,5,
SC,2,2847,NA,2,NA,TSCA,25,L,3,1,0,0,NA,NA,NA,L,1,NA,NA,L,2,
SC,2,2848,NA,2,NA,FAGR,32.7,L,1,1,0,0,NA,NA,NA,L,1,NA,NA,L,1,
SC,2,2849,NA,1,NA,QURU,19,D,2,5,5,5,NA,NA,NA,D,5,NA,NA,D,5,tipped; hung up in TSCA
SC,2,2850,NA,2,NA,QURU,39.6,D,1,5,5,5,NA,NA,NA,D,5,NA,NA,D,5,
SC,2,2851,NA,0,NA,TSCA,10.1,L,3,1,1,NA,NA,NA,NA,L,1,NA,NA,L,1,
SC,2,2852,NA,0,NA,TSCA,17.8,L,3,1,0,NA,NA,NA,NA,L,1,NA,NA,L,1,
SC,2,2853,NA,1,NA,ACRU,18.4,L,2,1,0,1,NA,NA,NA,L,1,NA,NA,L,1,
SC,2,2854,NA,0,NA,CADE,5.3,L,3,1,1,NA,NA,NA,NA,L,1,NA,NA,D,5,brown leaves; basal sprouts
SC,2,2855,NA,2,NA,QURU,51.5,L,1,1,1,1,NA,NA,NA,L,1,NA,NA,L,2,
SC,2,2856,NA,0,NA,TSCA,12.3,L,3,1,0,NA,NA,NA,NA,L,2,NA,NA,L,2,
SC,2,2857,NA,0,NA,BELE,16.1,L,2,1,0,NA,NA,NA,NA,L,1,NA,NA,L,1,
SC,2,2858,NA,1,NA,BELE,15.2,L,3,1,0,0,DBH measured below bulge,NA,NA,L,1,NA,NA,L,1,
SC,3,2859,NA,2,NA,QURU,43.6,L,1,1,0,0,NA,NA,NA,L,1,NA,NA,L,1,
SC,3,2860,NA,2,NA,QURU,38.4,L,1,1,1,1,NA,NA,NA,L,1,NA,NA,L,1,
SC,3,2861,NA,0,NA,PIST,18.7,L,3,1,2,NA,NA,NA,NA,L,2,NA,NA,L,2,
SC,3,2862,NA,0,NA,TSCA,18.3,L,3,1,0,NA,NA,NA,NA,L,1,NA,NA,L,1,
SC,3,2863,NA,0,NA,TSCA,8.1,L,3,1,0,NA,NA,NA,NA,L,2,NA,NA,L,2,
SC,3,2864,NA,0,NA,TSCA,9.7,L,3,1,0,NA,NA,NA,NA,L,1,NA,NA,L,2,
SC,3,2865,NA,2,NA,PIST,23.8,L,1,1,1,1,Sparse crown,NA,NA,L,2,NA,NA,L,2,
SC,3,2866,NA,1,NA,TSCA,10.4,L,3,1,0,0,2866; 2867 share base,NA,NA,L,1,NA,NA,L,2,
SC,3,2867,NA,0,NA,TSCA,10.8,L,3,1,0,NA,2866; 2867 share base,NA,NA,L,2,NA,NA,L,2,
SC,3,2868,NA,2,NA,TSCA,20,L,3,1,0,1,NA,NA,NA,L,1,NA,NA,L,2,
SC,3,2869,NA,2,NA,QURU,39.9,L,1,1,0,0,NA,NA,NA,L,1,NA,NA,L,1,
SC,3,2870,NA,0,NA,TSCA,9.2,L,3,1,3,NA,NA,NA,NA,D,5,NA,NA,D,5,
SC,3,2871,NA,0,NA,TSCA,19.4,L,3,1,0,NA,NA,NA,NA,D,5,NA,NA,L,1,checked tag 2x (alive); changed 2020 from D to L
SC,3,2872,NA,2,NA,QURU,38,L,1,1,0,0,NA,NA,NA,L,1,NA,NA,L,1,
SC,3,2873,NA,1,NA,ACRU,10.1,L,3,1,0,0,NA,NA,NA,L,1,NA,NA,L,1,
SC,3,2874,NA,0,NA,TSCA,12,L,3,1,0,NA,NA,NA,NA,L,1,NA,NA,L,1,
SC,3,2875,NA,2,NA,QURU,38.1,L,1,1,1,1,NA,NA,NA,L,2,NA,NA,L,2,
SC,3,2876,NA,2,NA,PIST,27.3,L,2,1,2,2,NA,NA,NA,L,3,NA,NA,L,3,
SC,3,2877,NA,2,NA,TSCA,32.7,L,3,1,0,0,NA,NA,NA,L,2,NA,NA,L,2,
SC,3,2878,NA,2,NA,QUAL,23.2,L,1,1,1,1,NA,NA,NA,L,1,NA,NA,L,1,
SC,3,2879,NA,0,NA,TSCA,14.4,L,3,1,0,NA,NA,NA,NA,L,2,NA,NA,L,3,
SC,3,2880,NA,2,NA,TSCA,22.3,L,3,1,0,0,NA,NA,NA,L,1,NA,NA,L,1,
SC,3,2881,NA,2,NA,QURU,36.8,D,1,5,5,5,NA,NA,NA,D,5,NA,NA,D,5,
SC,3,2882,NA,1,NA,TSCA,19,L,3,1,0,1,NA,NA,NA,L,1,NA,NA,L,1,
SC,3,2883,NA,0,NA,ACRU,15.4,L,2,1,0,NA,Trunk sprouts,NA,NA,L,1,NA,NA,L,1,
SC,3,2884,NA,2,NA,QURU,23.9,L,1,1,1,1,NA,NA,NA,L,1,NA,NA,L,1,
SC,3,2885,NA,2,NA,TSCA,30.5,L,3,1,1,1,NA,NA,NA,L,2,NA,NA,L,4,
SC,3,2886,NA,0,NA,QURU,18.6,L,2,1,0,NA,NA,NA,NA,L,1,NA,NA,L,1,
SC,3,2887,NA,2,NA,QURU,32.7,L,1,1,1,1,2887; 2888 share base; DBH above split,NA,NA,L,1,NA,NA,L,1,
SC,3,2888,NA,2,NA,QURU,40.1,L,1,1,1,1,2887; 2888 share base; DBH above split,NA,NA,L,1,NA,NA,L,1,
SC,3,2889,NA,2,NA,TSCA,40.2,L,2,1,1,1,NA,NA,NA,L,2,NA,NA,L,3,
SC,3,2890,NA,0,NA,TSCA,8.9,L,3,1,0,NA,NA,NA,NA,L,2,NA,NA,L,2,
SC,3,2891,NA,0,too dead to core,QURU,36.5,D,3,5,5,5,Broken top; fungus,NA,NA,D,5,NA,NA,D,5,
SC,3,2892,NA,2,NA,BELE,22.4,L,2,1,2,2,2893; 2892 share base; DBH taken below knot,NA,NA,L,2,NA,NA,L,3,
SC,3,2893,NA,0,NA,BELE,6.5,L,3,1,0,NA,2893; 2892 share base,NA,NA,L,1,NA,NA,L,1,
SC,3,2894,NA,1,NA,ACRU,15.2,L,2,1,0,0,NA,NA,NA,L,1,NA,NA,L,1,
SC,3,2895,NA,0,NA,ACRU,16.5,L,3,1,0,NA,DBH above knot,NA,NA,L,1,NA,NA,L,1,
SC,3,2896,NA,0,NA,TSCA,13.7,L,3,1,0,NA,NA,NA,NA,L,1,NA,NA,L,1,
SC,3,2897,NA,0,NA,CADE,8.1,L,3,1,2,NA,2020-basal sprouts,NA,NA,D,5,NA,NA,D,5,
SC,3,2898,NA,2,NA,QURU,44.5,L,1,1,1,1,NA,NA,NA,L,1,NA,NA,L,1,
SC,NA,NA,NA,2,NA,QURU,46.1,D,1,NA,NA,5,25m from center; west,NA,NA,L,1,NA,NA,NA,NA,
SC,NA,NA,NA,2,NA,QURU,55.5,D,1,NA,NA,5,20m from center; south,NA,NA,L,1,NA,NA,NA,NA,
SC,NA,NA,NA,2,NA,QURU,52.7,D,1,NA,NA,5,11m from center; north,NA,NA,L,1,NA,NA,NA,NA,
SC,NA,NA,NA,2,NA,QURU,45.1,D,NA,NA,NA,5,15m from center; north,NA,NA,L,1,NA,NA,NA,NA,
S8,1,394,NA,0,NA,ACSA,12.7,L,3,1,0,NA,NA,0,0,L,1,0,0,L,1,
S8,1,395,NA,0,NA,ACSA,7.1,L,3,1,2,NA,NA,0,0,L,1,0,0,L,1,
S8,1,397,NA,0,NA,ACRU,9.9,L,3,1,4,NA,NA,0,0,L,4,0,0,D,5,basal sprouts
S8,1,398,NA,0,NA,BELE,13.7,L,3,1,0,NA,NA,0,0,L,1,0,0,L,1,
S8,1,430,NA,0,NA,ACRU,6.1,L,3,1,3,NA,NA,0,0,L,3,0,0,L,3,
S8,1,435,NA,2,NA,QURU,21.1,L,2,1,1,NA,NA,0,0,L,1,0,0,L,1,
S8,1,436,NA,0,NA,ACRU,8.3,L,3,1,1,NA,misidentified-ACSA?  2020- yes ASCA,0,1,L,1,0,1,L,1,
S8,1,439,NA,0,NA,ACRU,7.5,L,3,1,1,NA,NA,0,0,L,2,0,0,L,2,
S8,1,440,NA,2,NA,QURU,30.6,L,1,1,1,1,NA,0,0,L,1,0,0,L,1,
S8,1,441,NA,2,NA,QURU,38.5,L,1,1,1,1,NA,0,0,L,1,0,0,L,1,
S8,1,442,NA,0,NA,ACSA,8.6,L,3,1,1,NA,NA,0,0,L,1,0,1,L,1,
S8,1,443,NA,1,NA,ACSA,10.5,L,3,1,1,1,NA,0,0,L,1,0,0,L,1,
S8,1,445,NA,2,NA,ACSA,20.2,L,2,1,1,1,NA,0,1,L,1,0,0,L,1,
S8,1,448,NA,0,NA,ACRU,12.4,L,3,1,1,NA,misidentified-ACRU?,0,0,L,1,0,0,L,1,
S8,1,449,NA,0,NA,ACRU,6.5,L,3,1,1,NA,NA,0,0,L,1,0,0,L,1,
S8,1,450,NA,2,NA,QURU,26,L,1,1,1,1,NA,0,0,L,1,0,1,L,1,
S8,1,468,NA,0,NA,ACRU,15.3,L,2,1,1,NA,NA,0,0,L,1,0,0,L,2,
S8,1,470,NA,2,NA,ACRU,22.9,L,2,1,1,1,NA,0,0,L,1,0,0,L,2,
S8,1,477,NA,2,NA,QURU,34.1,D,1,5,5,5,NA,0,0,D,5,0,0,D,5,
S8,1,478,NA,1,NA,ACRU,14.4,L,2,1,1,1,NA,0,1,L,1,0,0,L,2,
S8,1,4935,NA,0,NA,BELE,12.8,L,1,1,0,NA,NA,0,0,L,1,0,0,L,1,
S8,1,4937,NA,2,NA,QURU,27.6,L,1,1,1,1,NA,0,2,L,3,0,0,L,3,
S8,1,4938,NA,0,NOT DEAD; has trsp and brown lvs at top,QURU,18.9,L,2,1,1,1,listed as dead in June,0,0,L,4,0,0,D,5,
S8,1,4939,NA,0,NA,ACSA,8.3,L,3,1,0,NA,NA,0,0,L,1,0,0,L,1,
S8,1,4940,NA,0,NA,BELE,30.2,D,1,5,5,NA,FALL,NA,NA,D,5,0,0,NA,NA,
S8,1,4941,NA,0,NA,ACSA,7.4,L,3,5,1,1,NA,0,0,L,1,0,0,L,1,
S8,1,4942,NA,2,NA,BELE,24.8,L,1,1,0,1,NA,0,0,L,1,0,0,L,1,
S8,1,4943,NA,2,NA,BELE,21.3,L,1,1,2,1,NA,0,0,L,2,0,0,L,2,
S8,1,4951,NA,2,NA,QURU,38.3,L,1,1,1,1,NA,0,0,L,1,0,0,L,1,
S8,1,4952,NA,2,NA,BELE,22.6,L,1,1,1,1,SHARE BASE 4953,0,0,L,1,0,0,L,1,
S8,1,4953,NA,2,NA,BELE,24.9,L,1,1,1,1,SHARE BASE 4952,0,0,L,1,0,0,L,1,
S8,1,4990,NA,0,NA,BELE,19.4,D,2,5,5,NA,NA,0,0,D,5,0,0,D,5,
S8,1,4992,NA,2,NA,BEAL,25.2,L,1,1,0,1,NA,0,0,L,1,0,0,L,1,
S8,1,5002,NA,2,NA,QURU,35.2,L,1,1,1,1,NA,0,0,L,2,0,0,L,2,
S8,1,5003,NA,1,NA,ACSA,16.9,L,2,1,1,1,NA,0,0,L,1,0,1,L,1,
S8,1,5004,NA,0,NA,ACSA,6.1,L,3,1,2,NA,TREE FALLEN ON IT,0,0,L,1,0,0,L,1,corrected from ACSA to ACRU
S8,1,5005,NA,0,NA,ACSA,6,L,2,1,1,NA,NA,0,0,L,1,0,0,L,1,
S8,1,5006,NA,0,NA,FRAM,14.8,D,1,5,5,NA,STANDING,0,0,D,5,0,0,D,5,
S8,1,5007,NA,0,NA,ACSA,6.9,L,3,1,2,NA,NA,0,0,L,2,0,0,L,2,
S8,1,5010,NA,0,NA,ACSA,9,L,3,1,1,NA,NA,0,0,L,1,0,0,L,1,
S8,2,451,NA,2,NA,BELE,21,L,1,1,0,1,NA,NA,NA,L,1,NA,NA,L,1,
S8,2,452,NA,2,NA,BEAL,25.9,L,1,1,1,1,NA 2020 BELE?,NA,NA,L,1,NA,NA,L,1,
S8,2,454,NA,2,NA,BELE,21.9,L,1,1,1,1,NA,NA,NA,L,1,NA,NA,L,1,
S8,2,456,NA,2,NA,BELE,24.1,L,1,1,1,1,NA,NA,NA,L,1,NA,NA,L,1,
S8,2,457,NA,2,NA,BELE,28.9,L,1,1,1,1,NA,NA,NA,L,2,NA,NA,L,1,
S8,2,459,NA,0,NA,ACRU,16.2,L,2,1,1,NA,NA,NA,NA,L,1,NA,NA,L,1,
S8,2,4505,NA,0,NA,QURU,16.5,D,2,5,5,NA,fallen; flagged,NA,NA,D,5,NA,NA,NA,NA,
S8,2,4506,NA,2,NA,QURU,30.5,L,1,1,1,1,NA,NA,NA,L,1,NA,NA,L,1,
S8,2,4508,NA,2,NA,QURU,44.6,L,1,1,4,1,NA,NA,NA,D,5,NA,NA,D,5,
S8,2,4509,NA,0,NA,PIST,12.3,D,3,5,5,NA,NA,NA,NA,D,5,NA,NA,D,5,
S8,2,4510,NA,1,NA,QURU,16.9,L,2,1,2,NA,NA,NA,NA,D,5,NA,NA,D,5,
S8,2,4511,NA,0,NA,QURU,16.9,D,2,5,5,NA,NA,NA,NA,D,5,NA,NA,D,5,
S8,2,4512,NA,2,NA,QURU,21.6,D,1,5,5,5,shares base with 4513,NA,NA,D,5,NA,NA,D,5,
S8,2,4513,NA,2,NA,QURU,31.5,D,1,5,5,5,shares base with 4512,NA,NA,D,5,NA,NA,D,5,
S8,2,4518,NA,0,NA,BELE,11.5,D,2,5,5,NA,NA,NA,NA,D,5,NA,NA,NA,NA,fallen
S8,2,4519,NA,1,NA,TSCA,17.7,L,3,1,0,NA,NA,NA,NA,L,1,NA,NA,L,1,
S8,2,4520,NA,2,NA,TSCA,20.4,L,3,1,0,NA,NA,NA,NA,L,1,NA,NA,L,1,
S8,2,4524,NA,0,NA,PIST,16.7,D,3,5,5,NA,NA,NA,NA,D,5,NA,NA,D,5,
S8,2,4664,NA,2,NA,ACRU,21.9,L,1,1,2,1,NA,NA,NA,L,2,NA,NA,L,2,
S8,2,4667,NA,0,NA,ACRU,8,L,3,1,1,NA,NA,NA,NA,L,1,NA,NA,L,1,
S8,2,4668,NA,2,NA,QURU,26.5,L,1,1,2,1,NA,NA,NA,L,2,NA,NA,L,2,
S8,2,4675,NA,NA,not sure,BEAL,12.1,L,3,1,1,NA,NA,NA,NA,L,1,NA,NA,L,1,
S8,2,4676,NA,0,NA,QURU,13.7,D,3,5,5,NA,NA,NA,NA,D,5,NA,NA,NA,NA,fallen
S8,2,4678,NA,2,NA,QURU,36.3,L,1,1,1,1,NA,NA,NA,L,1,NA,NA,L,1,
S8,2,4681,NA,2,NA,ACRU,20.1,L,1,1,1,2,NA,NA,NA,L,1,NA,NA,L,1,
S8,2,4682,NA,1,NA,BELE,19.7,L,1,1,0,NA,NA,NA,NA,L,1,NA,NA,L,1,
S8,2,4754,NA,0,too dead to core,BELE,13.3,D,3,5,5,5,NA,NA,NA,D,5,NA,NA,NA,NA,fallen
S8,2,4757,NA,2,NA,ACRU,41.4,D,1,5,5,5,NA,NA,NA,D,5,NA,NA,D,5,
S8,2,4758,NA,0,NA,TSCA,22.6,L,3,1,0,NA,NA,NA,NA,L,1,NA,NA,L,1,
S8,2,4759,NA,2,NA,TSCA,17.1,L,3,1,1,1,NA,NA,NA,L,1,NA,NA,L,2,
S8,2,4760,NA,0,NA,BELE,22.2,L,1,1,1,NA,NA,NA,NA,L,1,NA,NA,L,1,
S8,2,4761,NA,2,NA,BELE,19.3,L,1,1,0,1,NA,NA,NA,L,1,NA,NA,L,1,
S8,2,4762,NA,2,NA,BELE,20.8,L,1,1,0,1,NA,NA,NA,L,1,NA,NA,L,1,
S8,2,4772,NA,2,NA,BELE,21,L,1,1,1,1,NA,NA,NA,L,1,NA,NA,L,1,
S8,2,4773,NA,2,NA,TSCA,26.5,L,3,1,1,1,NA,NA,NA,L,1,NA,NA,L,1,
S8,2,4775,NA,1,NA,QURU,11,D,2,5,5,5,NA,NA,NA,D,5,NA,NA,NA,NA,fallen
S8,3,373,NA,2,NA,BELE,26.3,L,1,1,1,1,NA,NA,NA,L,1,NA,NA,L,1,
S8,3,375,NA,2,NA,BELE,24.2,L,1,1,1,1,NA,NA,NA,L,1,NA,NA,L,1,
S8,3,376,NA,0,NA,ACRU,5.9,L,3,1,2,NA,NA,NA,NA,L,2,NA,NA,L,2,
S8,3,380,NA,2,NA,QURU,29.5,L,1,1,1,1,tag replaced,NA,NA,L,1,NA,NA,L,1,
S8,3,381,NA,2,NA,ACRU,25.3,L,2,1,1,1,NA,NA,NA,L,1,NA,NA,L,1,
S8,3,4561,NA,0,NA,QURU,15.7,D,2,5,5,NA,fallen; flagged,NA,NA,D,5,NA,NA,NA,NA,
S8,3,4562,NA,2,NA,QURU,40.2,D,1,5,5,5,NA,NA,NA,D,5,NA,NA,D,5,
S8,3,4563,NA,1,NA,BELE,18.7,L,1,1,2,2,NA,NA,NA,L,2,NA,NA,L,2,
S8,3,4564,NA,0,NA,BELE,16.4,L,1,1,0,NA,NA,NA,NA,L,1,NA,NA,L,1,
S8,3,4565,NA,2,NA,BELE,20.6,L,1,1,1,1,NA,NA,NA,L,1,NA,NA,L,1,
S8,3,4569,NA,0,NA,BELE,14.8,L,2,1,1,0,NA,NA,NA,L,1,NA,NA,L,1,
S8,3,4570,NA,1,NA,BELE,13.7,L,2,1,1,1,NA,NA,NA,L,1,NA,NA,L,1,
S8,3,4573,NA,0,NA,BELE,14,L,2,1,0,NA,NA,NA,NA,L,2,NA,NA,L,2,
S8,3,4574,NA,0,NA,BELE,13.1,L,2,1,0,NA,NA,NA,NA,L,1,NA,NA,L,1,
S8,3,5149,NA,1,NA,PIST,12.1,L,3,1,3,3,ALMOST DEAD,NA,NA,L,4,NA,NA,L,4,
S8,3,5150,NA,0,fallen,BELE,15.3,D,1,5,5,5,FALL FLAGGED,NA,NA,D,5,NA,NA,NA,NA,
S8,3,5151,NA,2,NA,QURU,31.7,L,1,1,1,1,NA,NA,NA,L,1,NA,NA,L,1,
S8,3,5152,NA,0,NA,BELE,16.1,L,2,1,0,NA,NA,NA,NA,L,1,NA,NA,L,1,
S8,3,5158,NA,0,NA,BELE,18.2,L,2,1,1,NA,NA,NA,NA,L,1,NA,NA,L,1,
S8,3,5160,NA,2,NA,BELE,25.7,L,1,1,1,1,NA,NA,NA,L,1,NA,NA,L,1,
S8,3,5162,NA,2,NA,QURU,35.5,L,1,1,1,1,NA,NA,NA,L,1,NA,NA,L,1,
S8,3,5163,NA,0,NA,BELE,16.5,D,2,5,5,NA,FALL,NA,NA,D,5,NA,NA,NA,NA,
S8,3,5164,NA,1,NA,ACRU,10.6,L,2,1,1,1,NA,NA,NA,L,1,NA,NA,L,1,
S8,3,5295,NA,0,NA,ACRU,13.3,L,2,2,4,NA,NA,NA,NA,D,5,NA,NA,D,5,
S8,3,5296,NA,1,NA,ACSA,10.7,L,2,1,1,1,NA,NA,NA,L,1,NA,NA,L,1,
S8,3,5298,NA,2,NA,QURU,36.2,L,1,1,2,1,NA,NA,NA,L,2,NA,NA,L,2,
S8,3,5299,NA,0,NA,BELE,18.6,L,2,1,0,NA,NA,NA,NA,L,1,NA,NA,L,1,
S8,3,5300,NA,2,NA,QURU,51,L,1,1,1,1,NA,NA,NA,L,1,NA,NA,L,1,
S8,3,5301,NA,0,NA,ACRU,18.2,L,2,1,1,NA,NA,NA,NA,L,1,NA,NA,L,1,
S8,3,5307,NA,1,NA,QURU,16.2,D,2,5,5,5,NA,NA,NA,D,5,NA,NA,D,5,
