<?xml version="1.0" encoding="UTF-8"?>
<eml:eml packageId="knb-lter-hfr.424.1" scope="system"
  system="https://pasta.edirepository.org"
  xmlns:eml="https://eml.ecoinformatics.org/eml-2.2.0"
  xmlns:stmml="http://www.xml-cml.org/schema/stmml-1.1"
  xmlns:xs="https://www.w3.org/2001/XMLSchema"
  xmlns:xsi="http://www.w3.org/2001/XMLSchema-instance"
    xsi:schemaLocation="https://eml.ecoinformatics.org/eml-2.2.0 https://nis.lternet.edu/schemas/EML/eml-2.2.0/xsd/eml.xsd">
  <access
    authSystem="https://pasta.edirepository.org/authentication"
    order="allowFirst" scope="document"
    system="https://pasta.edirepository.org">
    <allow>
      <principal>uid=HFR,o=lter,dc=ecoinformatics,dc=org</principal>
      <permission>all</permission>
    </allow>
    <allow>
      <principal>public</principal>
      <permission>read</permission>
    </allow>
  </access>
  <dataset
      id="HF424">
    <alternateIdentifier
          system="https://doi.org">doi:10.6073/pasta/7955f18f43a3dba4638063264e69c557</alternateIdentifier><title>Oak Forest Response to Lymantria dispar Defoliation in Central Massachusetts since 2019</title>
    <creator>
      <individualName>
        <givenName>Audrey</givenName>
        <surName>Barker Plotkin</surName>
      </individualName>
    </creator>
    <associatedParty>
      <individualName>
        <givenName>Savanna</givenName>
        <surName>Brown</surName>
      </individualName>
      <role>Researcher</role>
    </associatedParty>
    <associatedParty>
      <individualName>
        <givenName>Emma</givenName>
        <surName>Conrad-Rooney</surName>
      </individualName>
      <role>Researcher</role>
    </associatedParty>
    <associatedParty>
      <individualName>
        <givenName>Joseph</givenName>
        <surName>Elkinton</surName>
      </individualName>
      <role>Researcher</role>
    </associatedParty>
    <associatedParty>
      <individualName>
        <givenName>Sofia</givenName>
        <surName>Kruszka</surName>
      </individualName>
      <role>Researcher</role>
    </associatedParty>
    <associatedParty>
      <individualName>
        <givenName>Danelle</givenName>
        <surName>Laflower</surName>
      </individualName>
      <role>Researcher</role>
    </associatedParty>
    <associatedParty>
      <individualName>
        <givenName>Richard</givenName>
        <surName>MacLean</surName>
      </individualName>
      <role>Researcher</role>
    </associatedParty>
    <associatedParty>
      <individualName>
        <givenName>Jaclyn</givenName>
        <surName>Matthes</surName>
      </individualName>
      <role>Researcher</role>
    </associatedParty>
    <associatedParty>
      <individualName>
        <givenName>Valerie</givenName>
        <surName>Pasquarella</surName>
      </individualName>
      <role>Researcher</role>
    </associatedParty>
    <associatedParty>
      <individualName>
        <givenName>Greta</givenName>
        <surName>VanScoy</surName>
      </individualName>
      <role>Researcher</role>
    </associatedParty>
    <pubDate>2022-02-18</pubDate>
    <abstract>
      <section>
        <para>Invasive forest insects are a major global change driver, and the Northeastern U.S. is an invasion hotspot. Lymantria dispar is one of the region’s most destructive defoliators. After thirty years of quiescence, a surprisingly severe outbreak began in 2015 in southern New England, and by 2018 had caused dramatic oak mortality across thousands of forested acres.</para>
        <para>Lymantria dispar is considered a generalist, but in New England, oaks (Quercus sp.) are its preferred host trees. Oaks are key overstory trees in eastern North America. In New England, they have been a dominant component of the forest for thousands of years, and play a leading role in providing habitat, timber, and carbon sequestration. However, oak prominence is declining throughout New England. </para>
        <para>The reasons for oak’s decreasing abundance are the subject of lively debate but the role of L. dispar is likely underappreciated. Therefore, we need to understand the causes and consequences of oak dieback and mortality to this disturbance event, so that we can better predict responses to future outbreaks. To address this need, we established a set of permanent plots in central Massachusetts, chosen to capture a range of defoliation severity. </para>
      </section>
    </abstract>
    <keywordSet>
      <keyword>defoliation</keyword>
      <keyword>insects</keyword>
      <keyword>invasive species</keyword>
      <keyword>mortality</keyword>
      <keyword>oak</keyword>
      <keyword>trees</keyword>
      <keywordThesaurus>LTER controlled vocabulary</keywordThesaurus>
    </keywordSet>
    <keywordSet>
      <keyword/>
      <keywordThesaurus>LTER core area</keywordThesaurus>
    </keywordSet>
    <keywordSet>
      <keyword>Harvard Forest</keyword>
      <keyword>HFR</keyword>
      <keyword>LTER</keyword>
      <keyword>USA</keyword>
      <keywordThesaurus>HFR default</keywordThesaurus>
    </keywordSet>
    <intellectualRights>
      <section>
        <para>This dataset is released to the public under Creative Commons CC0 1.0 (No Rights Reserved). Please keep the dataset creators informed of any plans to use the dataset. Consultation with the original investigators is strongly encouraged. Publications and data products that make use of the dataset should include proper acknowledgement.</para>
      </section>
    </intellectualRights>
    <distribution>
      <online>
        <url
      function="information">
	            	https://harvardforest.fas.harvard.edu/exist/apps/datasets/showData.html?id=hf424
	            </url>
      </online>
    </distribution>
    <distribution
      id="10.6073/pasta/7955f18f43a3dba4638063264e69c557" scope="system"
          system="https://pasta.edirepository.org"><online><url
        function="information">https://doi.org/10.6073/pasta/7955f18f43a3dba4638063264e69c557</url></online></distribution><coverage>
      <geographicCoverage>
        <geographicDescription>Quabbin Reservoir, Simes Tract (Harvard Forest), Slab City Tract (Harvard Forest)</geographicDescription>
        <boundingCoordinates>
          <westBoundingCoordinate>-72.32</westBoundingCoordinate>
          <eastBoundingCoordinate>-72.17</eastBoundingCoordinate>
          <northBoundingCoordinate>+42.53</northBoundingCoordinate>
          <southBoundingCoordinate>+42.46</southBoundingCoordinate>
          <boundingAltitudes>
            <altitudeMinimum>160</altitudeMinimum>
            <altitudeMaximum>300</altitudeMaximum>
            <altitudeUnits>meter</altitudeUnits>
          </boundingAltitudes>
        </boundingCoordinates>
      </geographicCoverage>
      <temporalCoverage>
        <rangeOfDates>
          <beginDate>
            <calendarDate>2019</calendarDate>
          </beginDate>
          <endDate>
            <calendarDate>2019</calendarDate>
          </endDate>
        </rangeOfDates>
      </temporalCoverage>
      <taxonomicCoverage>
        <taxonomicClassification>
          <taxonRankName>genus</taxonRankName>
          <taxonRankValue>Quercus</taxonRankValue>
          <taxonomicClassification>
            <taxonRankName>species</taxonRankName>
            <taxonRankValue>spp</taxonRankValue>
          </taxonomicClassification>
        </taxonomicClassification>
      </taxonomicCoverage>
      <taxonomicCoverage>
        <taxonomicClassification>
          <taxonRankName>genus</taxonRankName>
          <taxonRankValue>Lymatria</taxonRankValue>
          <taxonomicClassification>
            <taxonRankName>species</taxonRankName>
            <taxonRankValue>dispar</taxonRankValue>
          </taxonomicClassification>
        </taxonomicClassification>
      </taxonomicCoverage>
    </coverage>
    <contact>
      <positionName>Information Manager</positionName>
      <organizationName>Harvard Forest</organizationName>
      <address>
        <deliveryPoint>324 North Main Street</deliveryPoint>
        <city>Petersham</city>
        <administrativeArea>MA</administrativeArea>
        <postalCode>01366</postalCode>
        <country>USA</country>
      </address>
      <phone
        phonetype="voice">(978) 724-3302</phone>
      <electronicMailAddress>hf-im@lists.fas.harvard.edu</electronicMailAddress>
    </contact>
    
    <publisher><organizationName>Environmental Data Initiative</organizationName><electronicMailAddress>info@environmentaldatainitiative.org</electronicMailAddress><onlineUrl>https://environmentaldatainitiative.org</onlineUrl><userId
      directory="https://ror.org">0330j0z60</userId></publisher><pubPlace>Environmental Data Initiative</pubPlace><methods>
      <methodStep>
        <description>
          <section>
            <para>Ten plots each consisting of three 0.04 ha (20m x 20m) sub-plots were established in oak forests in north-central Massachusetts: eight are on the Quabbin Watershed Forest (Commonwealth of MA), and two are on Harvard Forest property. The plots vary in severity of defoliation during the L. dispar outbreak of 2016-2018. We collected preliminary data on some of the sites in 2018 and established the permanent plots in Spring 2019. The corners of each sub-plot are marked with PVC pipe. Sub-plot 1 is to the north, sub-plot 2 to the southeast, and sub-plot 3 is to the south-west of the overall plot center.</para>
            <para>We estimated defoliation severity based on change-in-condition scores from Pasquarella, Valerie J. (2018). Landsat-based Gypsy Moth Defoliation Assessment (Southern New England) (Version 3.0) [Data set]. Zenodo. https://doi.org/10.5281/zenodo.149340. For each plot, we used the mean change-in-condition score for the 3x3 set of Landsat pixels (each 30m x 30m) surrounding each plot. For 2016, 2017, and 2018, we calculated the mean change-in-condition score using the actual score (e.g., -2.34499) rather than the binned score (e.g., -2 to -3), using the ‘Focal Statistics’ tool in ArcGIS Spatial Analyst extension.  We then extracted that mean score for each year for each plot, using the ‘Extract Multi Values to Points’ tool in ArcGIS Spatial Analyst extension. Finally, we summed the values for 2016, 2017, and 2018 to get a cumulative defoliation severity score for each plot.</para>
            <para>Within each plot, live trees with a diameter greater than 5.0 centimeters were tagged and assessed for crown dieback, species, DBH, canopy exposure, and percent defoliation. Dead trees with a diameter greater than 15.0 centimeters were tagged and assessed for species and canopy exposure. In 2019, a follow-up assessment of percent defoliation was conducted each week until mid-July, and crown dieback was re-assessed in August-September 2019. In 2020 and 2021, we recorded oak crown dieback each summer.</para>
            <para>In August-September 2019, we collected increment cores from all trees greater than 20 cm dbh. In addition, we cored every third tree in the 10-20cm range, to facilitate calculation of plot-level biomass increment. If possible, we collected 2 cores per tree: one 20cm long, and a second 10cm long core collected 90 degrees from the first. We cored at or below breast height (1.3m). Finally, we cored additional dead oak trees outside the plots (but within 50m of the plot center) to get a total of 10 dead oaks at each site. Tree cores are being processed in the R. Fahey lab at University of Connecticut and those data will comprise another data set when completed.</para>
            <para>In November 2019 and November 2020, we counted the number of L. dispar egg masses present on all trees in sub-plot 1 of each plot.</para>
            <para>In Summer 2020, we surveyed the understory vegetation in each sub-plot. For each vascular plant species observed, we estimated cover class (1: less than 1%; 2: 1-5%; 3: 6-25%; 4:26-50%; 5: 51-75%; 6: 76-100%). We also counted the number of tree saplings by species (stems greater than 1.3m tall but less than 5cm dbh) in each plot.</para>
          </section>
        </description>
      </methodStep>
    </methods>
    <dataTable
          id="hf424-01">
      <entityName>hf424-01-archive.csv</entityName>
      <entityDescription>plot data</entityDescription>
      <physical>
        <objectName>hf424-01-archive.csv</objectName>
        <size
          unit="byte">1832</size>
        <authentication
              method="MD5">b82bccc47b895094606160f0c2b6e56b</authentication>
        <dataFormat>
          <textFormat>
            <numHeaderLines>1</numHeaderLines>
            <recordDelimiter>\r\n</recordDelimiter>
            <attributeOrientation>column</attributeOrientation>
            <simpleDelimited>
              <fieldDelimiter>,</fieldDelimiter>
            </simpleDelimited>
          </textFormat>
        </dataFormat>
        <distribution>
          <online>
            <url
                    function="download">https://pasta.lternet.edu/package/data/eml/knb-lter-hfr/424/1/295bcb427dc985c024a31a29fa895d5a</url>
          </online>
        </distribution>
      </physical>
      <attributeList>
        <attribute>
          <attributeName>plot</attributeName>
          <attributeDefinition>unique plot name for the 10 plots in Quabbin reservoir, Simes Tract, Slab City tract</attributeDefinition>
          <measurementScale>
            <nominal>
              <nonNumericDomain>
                <textDomain>
                  <definition>unique plot name for the 10 plots in Quabbin reservoir, Simes Tract, Slab City tract</definition>
                </textDomain>
              </nonNumericDomain>
            </nominal>
          </measurementScale>
        </attribute>
        <attribute>
          <attributeName>notes</attributeName>
          <attributeDefinition>comments at time of plot selection</attributeDefinition>
          <measurementScale>
            <nominal>
              <nonNumericDomain>
                <textDomain>
                  <definition>comments at time of plot selection</definition>
                </textDomain>
              </nonNumericDomain>
            </nominal>
          </measurementScale>
        </attribute>
        <attribute>
          <attributeName>161718cond</attributeName>
          <attributeDefinition>defoliation in 2016, 2017, and 2018 as determined by Landsat change-in-condition (e.g. NYY indicates defoliation in 2017 and 2018, but not 2016)</attributeDefinition>
          <measurementScale>
            <nominal>
              <nonNumericDomain>
                <textDomain>
                  <definition>defoliation in 2016, 2017, and 2018 as determined by Landsat change-in-condition (e.g. NYY indicates defoliation in 2017 and 2018, but not 2016)</definition>
                </textDomain>
              </nonNumericDomain>
            </nominal>
          </measurementScale>
        </attribute>
        <attribute>
          <attributeName>n.defol</attributeName>
          <attributeDefinition>number of years plot was defoliated from 2016-2018, based on Landsat change-in-condition scores</attributeDefinition>
          <measurementScale>
            <ratio>
              <unit>
                <standardUnit>dimensionless</standardUnit>
              </unit>
              <precision>1</precision>
              <numericDomain>
                <numberType>whole</numberType>
                <bounds>
                  <minimum
                    exclusive="false">0</minimum>
                  <maximum
      exclusive="false">3</maximum>
                </bounds>
              </numericDomain>
            </ratio>
          </measurementScale>
          <missingValueCode>
            <code>NA</code>
            <codeExplanation>missing value</codeExplanation>
          </missingValueCode>
        </attribute>
        <attribute>
          <attributeName>forest.type</attributeName>
          <attributeDefinition>forest type based on Quabbin forest records (Quabbin plots) or observations (SC and S8)</attributeDefinition>
          <measurementScale>
            <nominal>
              <nonNumericDomain>
                <enumeratedDomain>
                  <codeDefinition>
                    <code>DEC</code>
                    <definition>hardwood-dominated</definition>
                  </codeDefinition>
                  <codeDefinition>
                    <code>MIX</code>
                    <definition>mix of hardwood and softwood trees</definition>
                  </codeDefinition>
                </enumeratedDomain>
              </nonNumericDomain>
            </nominal>
          </measurementScale>
        </attribute>
        <attribute>
          <attributeName>WGS84.lat</attributeName>
          <attributeDefinition>latitude using WGS 1984 </attributeDefinition>
          <measurementScale>
            <ratio>
              <unit>
                <standardUnit>degree</standardUnit>
              </unit>
              <precision>1e-07</precision>
              <numericDomain>
                <numberType>real</numberType>
              </numericDomain>
            </ratio>
          </measurementScale>
          <missingValueCode>
            <code>NA</code>
            <codeExplanation>missing value</codeExplanation>
          </missingValueCode>
        </attribute>
        <attribute>
          <attributeName>WGS84.lon</attributeName>
          <attributeDefinition>longitude using WGS 1984</attributeDefinition>
          <measurementScale>
            <ratio>
              <unit>
                <standardUnit>degree</standardUnit>
              </unit>
              <precision>1.0000001</precision>
              <numericDomain>
                <numberType>real</numberType>
              </numericDomain>
            </ratio>
          </measurementScale>
          <missingValueCode>
            <code>NA</code>
            <codeExplanation>missing value</codeExplanation>
          </missingValueCode>
        </attribute>
        <attribute>
          <attributeName>plot2019</attributeName>
          <attributeDefinition>inclusion in 2019 permanent plot set</attributeDefinition>
          <measurementScale>
            <nominal>
              <nonNumericDomain>
                <enumeratedDomain>
                  <codeDefinition>
                    <code>Y</code>
                    <definition>plot included in 2019 permanent plot set</definition>
                  </codeDefinition>
                  <codeDefinition>
                    <code>N</code>
                    <definition>plot not part of permanent plot set</definition>
                  </codeDefinition>
                </enumeratedDomain>
              </nonNumericDomain>
            </nominal>
          </measurementScale>
        </attribute>
        <attribute>
          <attributeName>plot2018</attributeName>
          <attributeDefinition>inclusion in 2018 preliminary field survey</attributeDefinition>
          <measurementScale>
            <nominal>
              <nonNumericDomain>
                <enumeratedDomain>
                  <codeDefinition>
                    <code>Y</code>
                    <definition>plot included in 2018 preliminary field survey</definition>
                  </codeDefinition>
                  <codeDefinition>
                    <code>N</code>
                    <definition>plot not part of 2018 preliminary field survey</definition>
                  </codeDefinition>
                </enumeratedDomain>
              </nonNumericDomain>
            </nominal>
          </measurementScale>
        </attribute>
        <attribute>
          <attributeName>NSCplot</attributeName>
          <attributeDefinition>part of non-structural carbohydrate study</attributeDefinition>
          <measurementScale>
            <nominal>
              <nonNumericDomain>
                <enumeratedDomain>
                  <codeDefinition>
                    <code>Y</code>
                    <definition>oaks sampled for non-structural carbohydrates in 2019-2020</definition>
                  </codeDefinition>
                  <codeDefinition>
                    <code>N</code>
                    <definition>not part of non-structural carbohydrate study</definition>
                  </codeDefinition>
                </enumeratedDomain>
              </nonNumericDomain>
            </nominal>
          </measurementScale>
        </attribute>
        <attribute>
          <attributeName>2018mean3by3</attributeName>
          <attributeDefinition>mean change-in-condition score for the 3x3 set of Landsat pixels (each 30m x 30m) surrounding the plot in 2018</attributeDefinition>
          <measurementScale>
            <ratio>
              <unit>
                <standardUnit>dimensionless</standardUnit>
              </unit>
              <precision>1e-06</precision>
              <numericDomain>
                <numberType>real</numberType>
              </numericDomain>
            </ratio>
          </measurementScale>
          <missingValueCode>
            <code>NA</code>
            <codeExplanation>missing value</codeExplanation>
          </missingValueCode>
        </attribute>
        <attribute>
          <attributeName>2017mean3by3</attributeName>
          <attributeDefinition>mean change-in-condition score for the 3x3 set of Landsat pixels (each 30m x 30m) surrounding the plot in 2017</attributeDefinition>
          <measurementScale>
            <ratio>
              <unit>
                <standardUnit>dimensionless</standardUnit>
              </unit>
              <precision>1e-06</precision>
              <numericDomain>
                <numberType>real</numberType>
              </numericDomain>
            </ratio>
          </measurementScale>
          <missingValueCode>
            <code>NA</code>
            <codeExplanation>missing value</codeExplanation>
          </missingValueCode>
        </attribute>
        <attribute>
          <attributeName>2016mean3by3</attributeName>
          <attributeDefinition>mean change-in-condition score for the 3x3 set of Landsat pixels (each 30m x 30m) surrounding the plot in 2016</attributeDefinition>
          <measurementScale>
            <ratio>
              <unit>
                <standardUnit>dimensionless</standardUnit>
              </unit>
              <precision>1e-06</precision>
              <numericDomain>
                <numberType>real</numberType>
              </numericDomain>
            </ratio>
          </measurementScale>
          <missingValueCode>
            <code>NA</code>
            <codeExplanation>missing value</codeExplanation>
          </missingValueCode>
        </attribute>
        <attribute>
          <attributeName>defol.sum</attributeName>
          <attributeDefinition>sum of mean change-in-condition scores from 2016, 2017, and 2018</attributeDefinition>
          <measurementScale>
            <ratio>
              <unit>
                <standardUnit>dimensionless</standardUnit>
              </unit>
              <precision>1e-06</precision>
              <numericDomain>
                <numberType>real</numberType>
              </numericDomain>
            </ratio>
          </measurementScale>
          <missingValueCode>
            <code>NA</code>
            <codeExplanation>missing value</codeExplanation>
          </missingValueCode>
        </attribute>
        <attribute>
          <attributeName>prop.oak</attributeName>
          <attributeDefinition>proportion of total biomass in plot that is oak </attributeDefinition>
          <measurementScale>
            <ratio>
              <unit>
                <standardUnit>dimensionless</standardUnit>
              </unit>
              <precision>1e-09</precision>
              <numericDomain>
                <numberType>real</numberType>
              </numericDomain>
            </ratio>
          </measurementScale>
          <missingValueCode>
            <code>NA</code>
            <codeExplanation>missing value</codeExplanation>
          </missingValueCode>
        </attribute>
        <attribute>
          <attributeName>note2020</attributeName>
          <attributeDefinition>notes from the 2020 field season</attributeDefinition>
          <measurementScale>
            <nominal>
              <nonNumericDomain>
                <textDomain>
                  <definition>notes from the 2020 field season</definition>
                </textDomain>
              </nonNumericDomain>
            </nominal>
          </measurementScale>
        </attribute>
      </attributeList>
      <numberOfRecords>12</numberOfRecords>
    </dataTable>
    <dataTable
          id="hf424-02">
      <entityName>hf424-02-trees.csv</entityName>
      <entityDescription>tree data</entityDescription>
      <physical>
        <objectName>hf424-02-trees.csv</objectName>
        <size
          unit="byte">61724</size>
        <authentication
              method="MD5">55ac846f0d8c609819c4ed29e2b42fdd</authentication>
        <dataFormat>
          <textFormat>
            <numHeaderLines>1</numHeaderLines>
            <recordDelimiter>\r\n</recordDelimiter>
            <attributeOrientation>column</attributeOrientation>
            <simpleDelimited>
              <fieldDelimiter>,</fieldDelimiter>
            </simpleDelimited>
          </textFormat>
        </dataFormat>
        <distribution>
          <online>
            <url
      function="download">https://pasta.lternet.edu/package/data/eml/knb-lter-hfr/424/1/3dc8c634c86f9cf2f0bdbc84bc712396</url>
          </online>
        </distribution>
      </physical>
      <attributeList>
        <attribute>
          <attributeName>plot</attributeName>
          <attributeDefinition>unique plot name for the 10 plots in Quabbin reservoir, Simes Tract, Slab City tract</attributeDefinition>
          <measurementScale>
            <nominal>
              <nonNumericDomain>
                <textDomain>
                  <definition>unique plot name for the 10 plots in Quabbin reservoir, Simes Tract, Slab City tract</definition>
                </textDomain>
              </nonNumericDomain>
            </nominal>
          </measurementScale>
        </attribute>
        <attribute>
          <attributeName>subplot</attributeName>
          <attributeDefinition>the 0.04 subplot of the plot, assigned by location</attributeDefinition>
          <measurementScale>
            <nominal>
              <nonNumericDomain>
                <enumeratedDomain>
                  <codeDefinition>
                    <code>1</code>
                    <definition>North subplot</definition>
                  </codeDefinition>
                  <codeDefinition>
                    <code>2</code>
                    <definition>Southwest subplot</definition>
                  </codeDefinition>
                  <codeDefinition>
                    <code>3</code>
                    <definition>Southeast subplot</definition>
                  </codeDefinition>
                </enumeratedDomain>
              </nonNumericDomain>
            </nominal>
          </measurementScale>
        </attribute>
        <attribute>
          <attributeName>tree</attributeName>
          <attributeDefinition>unique tag number on the tree</attributeDefinition>
          <measurementScale>
            <nominal>
              <nonNumericDomain>
                <textDomain>
                  <definition>unique tag number on the tree</definition>
                </textDomain>
              </nonNumericDomain>
            </nominal>
          </measurementScale>
        </attribute>
        <attribute>
          <attributeName>nsc.tag</attributeName>
          <attributeDefinition>for the trees sampled for nonstructural carbohydrates, the tree number in that study</attributeDefinition>
          <measurementScale>
            <nominal>
              <nonNumericDomain>
                <textDomain>
                  <definition>for the trees sampled for nonstructural carbohydrates, the tree number in that study</definition>
                </textDomain>
              </nonNumericDomain>
            </nominal>
          </measurementScale>
        </attribute>
        <attribute>
          <attributeName>core</attributeName>
          <attributeDefinition>how many increment cores collected in August-September 2019 from that tree</attributeDefinition>
          <measurementScale>
            <ratio>
              <unit>
                <standardUnit>dimensionless</standardUnit>
              </unit>
              <precision>1</precision>
              <numericDomain>
                <numberType>whole</numberType>
              </numericDomain>
            </ratio>
          </measurementScale>
          <missingValueCode>
            <code>NA</code>
            <codeExplanation>missing value</codeExplanation>
          </missingValueCode>
        </attribute>
        <attribute>
          <attributeName>core.note</attributeName>
          <attributeDefinition>notes about the tree core collection</attributeDefinition>
          <measurementScale>
            <nominal>
              <nonNumericDomain>
                <textDomain>
                  <definition>notes about the tree core collection</definition>
                </textDomain>
              </nonNumericDomain>
            </nominal>
          </measurementScale>
        </attribute>
        <attribute>
          <attributeName>species</attributeName>
          <attributeDefinition>species</attributeDefinition>
          <measurementScale>
            <nominal>
              <nonNumericDomain>
                <enumeratedDomain>
                  <codeDefinition>
                    <code>ACRU</code>
                    <definition>Acer rubrum</definition>
                  </codeDefinition>
                  <codeDefinition>
                    <code>ACSA</code>
                    <definition>Acer saccharum</definition>
                  </codeDefinition>
                  <codeDefinition>
                    <code>BEAL</code>
                    <definition>Betula alleghaniensis</definition>
                  </codeDefinition>
                  <codeDefinition>
                    <code>BELE</code>
                    <definition>Betula lenta</definition>
                  </codeDefinition>
                  <codeDefinition>
                    <code>BEPA</code>
                    <definition>Betula papyrifera</definition>
                  </codeDefinition>
                  <codeDefinition>
                    <code>CADE</code>
                    <definition>Castanea dentata</definition>
                  </codeDefinition>
                  <codeDefinition>
                    <code>CAGL</code>
                    <definition>Carya glabra</definition>
                  </codeDefinition>
                  <codeDefinition>
                    <code>CAOV</code>
                    <definition>Carya ovata</definition>
                  </codeDefinition>
                  <codeDefinition>
                    <code>CASP</code>
                    <definition>Carya species unknown</definition>
                  </codeDefinition>
                  <codeDefinition>
                    <code> FAGR</code>
                    <definition>Fagus grandifolia</definition>
                  </codeDefinition>
                  <codeDefinition>
                    <code>FRAM</code>
                    <definition>Fraxinus americana</definition>
                  </codeDefinition>
                  <codeDefinition>
                    <code>FRNI</code>
                    <definition>Fraxinus nigra</definition>
                  </codeDefinition>
                  <codeDefinition>
                    <code>PIST</code>
                    <definition>Pinus strobus</definition>
                  </codeDefinition>
                  <codeDefinition>
                    <code>QUAL</code>
                    <definition>Quercus alba</definition>
                  </codeDefinition>
                </enumeratedDomain>
              </nonNumericDomain>
            </nominal>
          </measurementScale>
        </attribute>
        <attribute>
          <attributeName>dbh.19</attributeName>
          <attributeDefinition>diameter at breast height in 2019</attributeDefinition>
          <measurementScale>
            <ratio>
              <unit>
                <standardUnit>centimeter</standardUnit>
              </unit>
              <numericDomain>
                <numberType>real</numberType>
              </numericDomain>
            </ratio>
          </measurementScale>
          <missingValueCode>
            <code>NA</code>
            <codeExplanation>missing value</codeExplanation>
          </missingValueCode>
        </attribute>
        <attribute>
          <attributeName>cond.jun.19</attributeName>
          <attributeDefinition>condition in June 2019</attributeDefinition>
          <measurementScale>
            <nominal>
              <nonNumericDomain>
                <enumeratedDomain>
                  <codeDefinition>
                    <code>L</code>
                    <definition>alive</definition>
                  </codeDefinition>
                  <codeDefinition>
                    <code>D</code>
                    <definition>dead</definition>
                  </codeDefinition>
                </enumeratedDomain>
              </nonNumericDomain>
            </nominal>
          </measurementScale>
        </attribute>
        <attribute>
          <attributeName>can.exp.19</attributeName>
          <attributeDefinition>canopy exposure in June 2019</attributeDefinition>
          <measurementScale>
            <nominal>
              <nonNumericDomain>
                <enumeratedDomain>
                  <codeDefinition>
                    <code>1</code>
                    <definition>dominant</definition>
                  </codeDefinition>
                  <codeDefinition>
                    <code>2</code>
                    <definition>intermediate</definition>
                  </codeDefinition>
                  <codeDefinition>
                    <code>3</code>
                    <definition>subdominant</definition>
                  </codeDefinition>
                </enumeratedDomain>
              </nonNumericDomain>
            </nominal>
          </measurementScale>
        </attribute>
        <attribute>
          <attributeName>defol.final.19</attributeName>
          <attributeDefinition>percent defoliation when L. dispar pupated (early July 2019)</attributeDefinition>
          <measurementScale>
            <nominal>
              <nonNumericDomain>
                <enumeratedDomain>
                  <codeDefinition>
                    <code>1</code>
                    <definition>less than 25%</definition>
                  </codeDefinition>
                  <codeDefinition>
                    <code>2</code>
                    <definition>25-50%</definition>
                  </codeDefinition>
                  <codeDefinition>
                    <code>3</code>
                    <definition>50-75%</definition>
                  </codeDefinition>
                  <codeDefinition>
                    <code>4</code>
                    <definition>75-95%</definition>
                  </codeDefinition>
                  <codeDefinition>
                    <code>5</code>
                    <definition>dead</definition>
                  </codeDefinition>
                </enumeratedDomain>
              </nonNumericDomain>
            </nominal>
          </measurementScale>
        </attribute>
        <attribute>
          <attributeName>dieback.jun19</attributeName>
          <attributeDefinition>percent dieback in June 2019</attributeDefinition>
          <measurementScale>
            <nominal>
              <nonNumericDomain>
                <enumeratedDomain>
                  <codeDefinition>
                    <code>1</code>
                    <definition>minimal</definition>
                  </codeDefinition>
                  <codeDefinition>
                    <code>2</code>
                    <definition>less than 25%</definition>
                  </codeDefinition>
                  <codeDefinition>
                    <code>3</code>
                    <definition>25-50%</definition>
                  </codeDefinition>
                  <codeDefinition>
                    <code>4</code>
                    <definition>50-75%</definition>
                  </codeDefinition>
                  <codeDefinition>
                    <code>5</code>
                    <definition>75-95%</definition>
                  </codeDefinition>
                  <codeDefinition>
                    <code>6</code>
                    <definition>dead</definition>
                  </codeDefinition>
                </enumeratedDomain>
              </nonNumericDomain>
            </nominal>
          </measurementScale>
        </attribute>
        <attribute>
          <attributeName>dieback.augsept19</attributeName>
          <attributeDefinition>percent dieback in August-September 2019</attributeDefinition>
          <measurementScale>
            <nominal>
              <nonNumericDomain>
                <enumeratedDomain>
                  <codeDefinition>
                    <code>1</code>
                    <definition>minimal</definition>
                  </codeDefinition>
                  <codeDefinition>
                    <code>2</code>
                    <definition>less than 25%</definition>
                  </codeDefinition>
                  <codeDefinition>
                    <code>3</code>
                    <definition>25-50%</definition>
                  </codeDefinition>
                  <codeDefinition>
                    <code>4</code>
                    <definition>50-75%</definition>
                  </codeDefinition>
                  <codeDefinition>
                    <code>5</code>
                    <definition>75-95%</definition>
                  </codeDefinition>
                  <codeDefinition>
                    <code>6</code>
                    <definition>dead</definition>
                  </codeDefinition>
                </enumeratedDomain>
              </nonNumericDomain>
            </nominal>
          </measurementScale>
        </attribute>
        <attribute>
          <attributeName>notes.19</attributeName>
          <attributeDefinition>notes, 2019</attributeDefinition>
          <measurementScale>
            <nominal>
              <nonNumericDomain>
                <textDomain>
                  <definition>notes, 2019</definition>
                </textDomain>
              </nonNumericDomain>
            </nominal>
          </measurementScale>
        </attribute>
        <attribute>
          <attributeName>n.egg.below2m.Nov2019</attributeName>
          <attributeDefinition>number of L. dispar egg masses observed on the tree below 2m in November 2019 (subplot 1 only)</attributeDefinition>
          <measurementScale>
            <ratio>
              <unit>
                <standardUnit>dimensionless</standardUnit>
              </unit>
              <precision>1</precision>
              <numericDomain>
                <numberType>whole</numberType>
              </numericDomain>
            </ratio>
          </measurementScale>
          <missingValueCode>
            <code>NA</code>
            <codeExplanation>missing value</codeExplanation>
          </missingValueCode>
        </attribute>
        <attribute>
          <attributeName>n.egg.above2m.Nov2019</attributeName>
          <attributeDefinition>number of L. dispar egg masses observed on the tree above 2m in November 2019 (subplot 1 only)</attributeDefinition>
          <measurementScale>
            <ratio>
              <unit>
                <standardUnit>dimensionless</standardUnit>
              </unit>
              <precision>1</precision>
              <numericDomain>
                <numberType>whole</numberType>
              </numericDomain>
            </ratio>
          </measurementScale>
          <missingValueCode>
            <code>NA</code>
            <codeExplanation>missing value</codeExplanation>
          </missingValueCode>
        </attribute>
        <attribute>
          <attributeName>cond.jul20</attributeName>
          <attributeDefinition>condition in July 2020</attributeDefinition>
          <measurementScale>
            <nominal>
              <nonNumericDomain>
                <enumeratedDomain>
                  <codeDefinition>
                    <code>L</code>
                    <definition>alive</definition>
                  </codeDefinition>
                  <codeDefinition>
                    <code>D</code>
                    <definition>dead</definition>
                  </codeDefinition>
                </enumeratedDomain>
              </nonNumericDomain>
            </nominal>
          </measurementScale>
        </attribute>
        <attribute>
          <attributeName>dieback.jul20</attributeName>
          <attributeDefinition>percent dieback in July 2020</attributeDefinition>
          <measurementScale>
            <nominal>
              <nonNumericDomain>
                <enumeratedDomain>
                  <codeDefinition>
                    <code>1</code>
                    <definition>less than 25%</definition>
                  </codeDefinition>
                  <codeDefinition>
                    <code>2</code>
                    <definition>25-50%</definition>
                  </codeDefinition>
                  <codeDefinition>
                    <code>3</code>
                    <definition>50-75%</definition>
                  </codeDefinition>
                  <codeDefinition>
                    <code>4</code>
                    <definition>75-95%</definition>
                  </codeDefinition>
                  <codeDefinition>
                    <code>5</code>
                    <definition>dead</definition>
                  </codeDefinition>
                </enumeratedDomain>
              </nonNumericDomain>
            </nominal>
          </measurementScale>
        </attribute>
        <attribute>
          <attributeName>n.egg.below2m.Nov2020</attributeName>
          <attributeDefinition>number of L. dispar egg masses observed on the tree below 2m in November 2020 (subplot 1 only)</attributeDefinition>
          <measurementScale>
            <ratio>
              <unit>
                <standardUnit>dimensionless</standardUnit>
              </unit>
              <precision>1</precision>
              <numericDomain>
                <numberType>whole</numberType>
              </numericDomain>
            </ratio>
          </measurementScale>
          <missingValueCode>
            <code>NA</code>
            <codeExplanation>missing value</codeExplanation>
          </missingValueCode>
        </attribute>
        <attribute>
          <attributeName>n.egg.above2m.Nov2020</attributeName>
          <attributeDefinition>number of L. dispar egg masses observed on the tree above 2m in November 2020 (subplot 1 only)</attributeDefinition>
          <measurementScale>
            <ratio>
              <unit>
                <standardUnit>dimensionless</standardUnit>
              </unit>
              <precision>1</precision>
              <numericDomain>
                <numberType>whole</numberType>
              </numericDomain>
            </ratio>
          </measurementScale>
          <missingValueCode>
            <code>NA</code>
            <codeExplanation>missing value</codeExplanation>
          </missingValueCode>
        </attribute>
        <attribute>
          <attributeName>cond.aug21</attributeName>
          <attributeDefinition>condition in August 2021</attributeDefinition>
          <measurementScale>
            <nominal>
              <nonNumericDomain>
                <enumeratedDomain>
                  <codeDefinition>
                    <code>L</code>
                    <definition>alive</definition>
                  </codeDefinition>
                  <codeDefinition>
                    <code>D</code>
                    <definition>dead</definition>
                  </codeDefinition>
                </enumeratedDomain>
              </nonNumericDomain>
            </nominal>
          </measurementScale>
        </attribute>
        <attribute>
          <attributeName>dieback.aug21</attributeName>
          <attributeDefinition>percent dieback in August 2021</attributeDefinition>
          <measurementScale>
            <nominal>
              <nonNumericDomain>
                <enumeratedDomain>
                  <codeDefinition>
                    <code>1</code>
                    <definition>less than 25%</definition>
                  </codeDefinition>
                  <codeDefinition>
                    <code>2</code>
                    <definition>25-50%</definition>
                  </codeDefinition>
                  <codeDefinition>
                    <code>3</code>
                    <definition>50-75%</definition>
                  </codeDefinition>
                  <codeDefinition>
                    <code>4</code>
                    <definition>75-95%</definition>
                  </codeDefinition>
                  <codeDefinition>
                    <code>5</code>
                    <definition>dead</definition>
                  </codeDefinition>
                </enumeratedDomain>
                <textDomain>
                  <definition>Free text (unrestricted)</definition>
                  <pattern>.*</pattern>
                </textDomain>
              </nonNumericDomain>
            </nominal>
          </measurementScale>
        </attribute>
        <attribute>
          <attributeName>notes.21</attributeName>
          <attributeDefinition>notes, 2021</attributeDefinition>
          <measurementScale>
            <nominal>
              <nonNumericDomain>
                <textDomain>
                  <definition>notes, 2021</definition>
                </textDomain>
              </nonNumericDomain>
            </nominal>
          </measurementScale>
        </attribute>
      </attributeList>
      <numberOfRecords>892</numberOfRecords>
    </dataTable>
    <dataTable
          id="hf424-03">
      <entityName>hf424-03-defoliation.csv</entityName>
      <entityDescription>defoliation data</entityDescription>
      <physical>
        <objectName>hf424-03-defoliation.csv</objectName>
        <size
          unit="byte">41650</size>
        <authentication
              method="MD5">85f7bd1785eaadf8692ff2542ce66b7a</authentication>
        <dataFormat>
          <textFormat>
            <numHeaderLines>1</numHeaderLines>
            <recordDelimiter>\r\n</recordDelimiter>
            <attributeOrientation>column</attributeOrientation>
            <simpleDelimited>
              <fieldDelimiter>,</fieldDelimiter>
            </simpleDelimited>
          </textFormat>
        </dataFormat>
        <distribution>
          <online>
            <url
      function="download">https://pasta.lternet.edu/package/data/eml/knb-lter-hfr/424/1/97ccf3cda779d65085cd68e7030ad65a</url>
          </online>
        </distribution>
      </physical>
      <attributeList>
        <attribute>
          <attributeName>plot</attributeName>
          <attributeDefinition>unique plot name for the 10 plots in Quabbin reservoir, Simes Tract, Slab City tract</attributeDefinition>
          <measurementScale>
            <nominal>
              <nonNumericDomain>
                <textDomain>
                  <definition>unique plot name for the 10 plots in Quabbin reservoir, Simes Tract, Slab City tract</definition>
                </textDomain>
              </nonNumericDomain>
            </nominal>
          </measurementScale>
        </attribute>
        <attribute>
          <attributeName>subplot</attributeName>
          <attributeDefinition>the 0.04 subplot of the plot, assigned by location</attributeDefinition>
          <measurementScale>
            <nominal>
              <nonNumericDomain>
                <enumeratedDomain>
                  <codeDefinition>
                    <code>1</code>
                    <definition>North subplot</definition>
                  </codeDefinition>
                  <codeDefinition>
                    <code>2</code>
                    <definition>Southwest subplot</definition>
                  </codeDefinition>
                  <codeDefinition>
                    <code>3</code>
                    <definition>Southeast subplot</definition>
                  </codeDefinition>
                </enumeratedDomain>
              </nonNumericDomain>
            </nominal>
          </measurementScale>
        </attribute>
        <attribute>
          <attributeName>tree</attributeName>
          <attributeDefinition>unique tag number on the tree</attributeDefinition>
          <measurementScale>
            <nominal>
              <nonNumericDomain>
                <textDomain>
                  <definition>unique tag number on the tree</definition>
                </textDomain>
              </nonNumericDomain>
            </nominal>
          </measurementScale>
        </attribute>
        <attribute>
          <attributeName>species</attributeName>
          <attributeDefinition>species</attributeDefinition>
          <measurementScale>
            <nominal>
              <nonNumericDomain>
                <enumeratedDomain>
                  <codeDefinition>
                    <code>ACRU</code>
                    <definition>Acer rubrum</definition>
                  </codeDefinition>
                  <codeDefinition>
                    <code>ACSA</code>
                    <definition>Acer saccharum</definition>
                  </codeDefinition>
                  <codeDefinition>
                    <code>BEAL</code>
                    <definition>Betula alleghaniensis</definition>
                  </codeDefinition>
                  <codeDefinition>
                    <code>BELE</code>
                    <definition>Betula lenta</definition>
                  </codeDefinition>
                  <codeDefinition>
                    <code>BEPA</code>
                    <definition>Betula papyrifera</definition>
                  </codeDefinition>
                  <codeDefinition>
                    <code>CADE</code>
                    <definition>Castanea dentata</definition>
                  </codeDefinition>
                  <codeDefinition>
                    <code>CAGL</code>
                    <definition>Carya glabra</definition>
                  </codeDefinition>
                  <codeDefinition>
                    <code>CAOV</code>
                    <definition>Carya ovata</definition>
                  </codeDefinition>
                  <codeDefinition>
                    <code>CASP</code>
                    <definition>Carya species unknown</definition>
                  </codeDefinition>
                  <codeDefinition>
                    <code> FAGR</code>
                    <definition>Fagus grandifolia</definition>
                  </codeDefinition>
                  <codeDefinition>
                    <code>FRAM</code>
                    <definition>Fraxinus americana</definition>
                  </codeDefinition>
                  <codeDefinition>
                    <code>FRNI</code>
                    <definition>Fraxinus nigra</definition>
                  </codeDefinition>
                  <codeDefinition>
                    <code>PIST</code>
                    <definition>Pinus strobus</definition>
                  </codeDefinition>
                  <codeDefinition>
                    <code>QUAL</code>
                    <definition>Quercus alba</definition>
                  </codeDefinition>
                </enumeratedDomain>
              </nonNumericDomain>
            </nominal>
          </measurementScale>
        </attribute>
        <attribute>
          <attributeName>dbh</attributeName>
          <attributeDefinition>diameter at breast height</attributeDefinition>
          <measurementScale>
            <ratio>
              <unit>
                <standardUnit>centimeter</standardUnit>
              </unit>
              <numericDomain>
                <numberType>real</numberType>
              </numericDomain>
            </ratio>
          </measurementScale>
          <missingValueCode>
            <code>NA</code>
            <codeExplanation>missing value</codeExplanation>
          </missingValueCode>
        </attribute>
        <attribute>
          <attributeName>cond.jun.19</attributeName>
          <attributeDefinition>condition in June 2019</attributeDefinition>
          <measurementScale>
            <nominal>
              <nonNumericDomain>
                <enumeratedDomain>
                  <codeDefinition>
                    <code>L</code>
                    <definition>alive</definition>
                  </codeDefinition>
                  <codeDefinition>
                    <code>D</code>
                    <definition>dead</definition>
                  </codeDefinition>
                </enumeratedDomain>
              </nonNumericDomain>
            </nominal>
          </measurementScale>
        </attribute>
        <attribute>
          <attributeName>defol.first</attributeName>
          <attributeDefinition>percent defoliation in late May/early June</attributeDefinition>
          <measurementScale>
            <nominal>
              <nonNumericDomain>
                <enumeratedDomain>
                  <codeDefinition>
                    <code>1</code>
                    <definition>less than 25%</definition>
                  </codeDefinition>
                  <codeDefinition>
                    <code>2</code>
                    <definition>25-50%</definition>
                  </codeDefinition>
                  <codeDefinition>
                    <code>3</code>
                    <definition>50-75%</definition>
                  </codeDefinition>
                  <codeDefinition>
                    <code>4</code>
                    <definition>75-95%</definition>
                  </codeDefinition>
                  <codeDefinition>
                    <code>5</code>
                    <definition>dead</definition>
                  </codeDefinition>
                </enumeratedDomain>
              </nonNumericDomain>
            </nominal>
          </measurementScale>
        </attribute>
        <attribute>
          <attributeName>defol.6.11</attributeName>
          <attributeDefinition>percent defoliation update for June 11</attributeDefinition>
          <measurementScale>
            <nominal>
              <nonNumericDomain>
                <enumeratedDomain>
                  <codeDefinition>
                    <code>1</code>
                    <definition>less than 25%</definition>
                  </codeDefinition>
                  <codeDefinition>
                    <code>2</code>
                    <definition>25-50%</definition>
                  </codeDefinition>
                  <codeDefinition>
                    <code>3</code>
                    <definition>50-75%</definition>
                  </codeDefinition>
                  <codeDefinition>
                    <code>4</code>
                    <definition>75-95%</definition>
                  </codeDefinition>
                  <codeDefinition>
                    <code>5</code>
                    <definition>dead</definition>
                  </codeDefinition>
                </enumeratedDomain>
              </nonNumericDomain>
            </nominal>
          </measurementScale>
        </attribute>
        <attribute>
          <attributeName>defol.6.18</attributeName>
          <attributeDefinition>percent defoliation update for June 18</attributeDefinition>
          <measurementScale>
            <nominal>
              <nonNumericDomain>
                <enumeratedDomain>
                  <codeDefinition>
                    <code>1</code>
                    <definition>less than 25%</definition>
                  </codeDefinition>
                  <codeDefinition>
                    <code>2</code>
                    <definition>25-50%</definition>
                  </codeDefinition>
                  <codeDefinition>
                    <code>3</code>
                    <definition>50-75%</definition>
                  </codeDefinition>
                  <codeDefinition>
                    <code>4</code>
                    <definition>75-95%</definition>
                  </codeDefinition>
                  <codeDefinition>
                    <code>5</code>
                    <definition>dead</definition>
                  </codeDefinition>
                </enumeratedDomain>
              </nonNumericDomain>
            </nominal>
          </measurementScale>
        </attribute>
        <attribute>
          <attributeName>defol.6.19</attributeName>
          <attributeDefinition>percent defoliation update for June 19</attributeDefinition>
          <measurementScale>
            <nominal>
              <nonNumericDomain>
                <enumeratedDomain>
                  <codeDefinition>
                    <code>1</code>
                    <definition>less than 25%</definition>
                  </codeDefinition>
                  <codeDefinition>
                    <code>2</code>
                    <definition>25-50%</definition>
                  </codeDefinition>
                  <codeDefinition>
                    <code>3</code>
                    <definition>50-75%</definition>
                  </codeDefinition>
                  <codeDefinition>
                    <code>4</code>
                    <definition>75-95%</definition>
                  </codeDefinition>
                  <codeDefinition>
                    <code>5</code>
                    <definition>dead</definition>
                  </codeDefinition>
                </enumeratedDomain>
              </nonNumericDomain>
            </nominal>
          </measurementScale>
        </attribute>
        <attribute>
          <attributeName>defol.6.21</attributeName>
          <attributeDefinition>percent defoliation update for June 21</attributeDefinition>
          <measurementScale>
            <nominal>
              <nonNumericDomain>
                <enumeratedDomain>
                  <codeDefinition>
                    <code>1</code>
                    <definition>less than 25%</definition>
                  </codeDefinition>
                  <codeDefinition>
                    <code>2</code>
                    <definition>25-50%</definition>
                  </codeDefinition>
                  <codeDefinition>
                    <code>3</code>
                    <definition>50-75%</definition>
                  </codeDefinition>
                  <codeDefinition>
                    <code>4</code>
                    <definition>75-95%</definition>
                  </codeDefinition>
                  <codeDefinition>
                    <code>5</code>
                    <definition>dead</definition>
                  </codeDefinition>
                </enumeratedDomain>
              </nonNumericDomain>
            </nominal>
          </measurementScale>
        </attribute>
        <attribute>
          <attributeName>defol.6.27</attributeName>
          <attributeDefinition>percent defoliation update for June 27</attributeDefinition>
          <measurementScale>
            <nominal>
              <nonNumericDomain>
                <enumeratedDomain>
                  <codeDefinition>
                    <code>1</code>
                    <definition>less than 25%</definition>
                  </codeDefinition>
                  <codeDefinition>
                    <code>2</code>
                    <definition>25-50%</definition>
                  </codeDefinition>
                  <codeDefinition>
                    <code>3</code>
                    <definition>50-75%</definition>
                  </codeDefinition>
                  <codeDefinition>
                    <code>4</code>
                    <definition>75-95%</definition>
                  </codeDefinition>
                  <codeDefinition>
                    <code>5</code>
                    <definition>dead</definition>
                  </codeDefinition>
                </enumeratedDomain>
              </nonNumericDomain>
            </nominal>
          </measurementScale>
        </attribute>
        <attribute>
          <attributeName>defol.6.28</attributeName>
          <attributeDefinition>percent defoliation update for June 28</attributeDefinition>
          <measurementScale>
            <nominal>
              <nonNumericDomain>
                <enumeratedDomain>
                  <codeDefinition>
                    <code>1</code>
                    <definition>less than 25%</definition>
                  </codeDefinition>
                  <codeDefinition>
                    <code>2</code>
                    <definition>25-50%</definition>
                  </codeDefinition>
                  <codeDefinition>
                    <code>3</code>
                    <definition>50-75%</definition>
                  </codeDefinition>
                  <codeDefinition>
                    <code>4</code>
                    <definition>75-95%</definition>
                  </codeDefinition>
                  <codeDefinition>
                    <code>5</code>
                    <definition>dead</definition>
                  </codeDefinition>
                </enumeratedDomain>
              </nonNumericDomain>
            </nominal>
          </measurementScale>
        </attribute>
        <attribute>
          <attributeName>defol.7.8</attributeName>
          <attributeDefinition>percent defoliation update for July 8</attributeDefinition>
          <measurementScale>
            <nominal>
              <nonNumericDomain>
                <enumeratedDomain>
                  <codeDefinition>
                    <code>1</code>
                    <definition>less than 25%</definition>
                  </codeDefinition>
                  <codeDefinition>
                    <code>2</code>
                    <definition>25-50%</definition>
                  </codeDefinition>
                  <codeDefinition>
                    <code>3</code>
                    <definition>50-75%</definition>
                  </codeDefinition>
                  <codeDefinition>
                    <code>4</code>
                    <definition>75-95%</definition>
                  </codeDefinition>
                  <codeDefinition>
                    <code>5</code>
                    <definition>dead</definition>
                  </codeDefinition>
                </enumeratedDomain>
              </nonNumericDomain>
            </nominal>
          </measurementScale>
        </attribute>
        <attribute>
          <attributeName>defol.7.9</attributeName>
          <attributeDefinition>percent defoliation update for July 9</attributeDefinition>
          <measurementScale>
            <nominal>
              <nonNumericDomain>
                <enumeratedDomain>
                  <codeDefinition>
                    <code>1</code>
                    <definition>less than 25%</definition>
                  </codeDefinition>
                  <codeDefinition>
                    <code>2</code>
                    <definition>25-50%</definition>
                  </codeDefinition>
                  <codeDefinition>
                    <code>3</code>
                    <definition>50-75%</definition>
                  </codeDefinition>
                  <codeDefinition>
                    <code>4</code>
                    <definition>75-95%</definition>
                  </codeDefinition>
                  <codeDefinition>
                    <code>5</code>
                    <definition>dead</definition>
                  </codeDefinition>
                </enumeratedDomain>
              </nonNumericDomain>
            </nominal>
          </measurementScale>
        </attribute>
        <attribute>
          <attributeName>defol.final.19</attributeName>
          <attributeDefinition>percent defoliation as of July 8-9. 2019</attributeDefinition>
          <measurementScale>
            <nominal>
              <nonNumericDomain>
                <enumeratedDomain>
                  <codeDefinition>
                    <code>1</code>
                    <definition>less than 25%</definition>
                  </codeDefinition>
                  <codeDefinition>
                    <code>2</code>
                    <definition>25-50%</definition>
                  </codeDefinition>
                  <codeDefinition>
                    <code>3</code>
                    <definition>50-75%</definition>
                  </codeDefinition>
                  <codeDefinition>
                    <code>4</code>
                    <definition>75-95%</definition>
                  </codeDefinition>
                  <codeDefinition>
                    <code>5</code>
                    <definition>dead</definition>
                  </codeDefinition>
                </enumeratedDomain>
              </nonNumericDomain>
            </nominal>
          </measurementScale>
        </attribute>
      </attributeList>
      <numberOfRecords>892</numberOfRecords>
    </dataTable>
    <dataTable
          id="hf424-04">
      <entityName>hf424-04-understory.csv</entityName>
      <entityDescription>understory cover</entityDescription>
      <physical>
        <objectName>hf424-04-understory.csv</objectName>
        <size
          unit="byte">53018</size>
        <authentication
              method="MD5">61ae2d786675651ee4abfca96e0bb838</authentication>
        <dataFormat>
          <textFormat>
            <numHeaderLines>1</numHeaderLines>
            <recordDelimiter>\r\n</recordDelimiter>
            <attributeOrientation>column</attributeOrientation>
            <simpleDelimited>
              <fieldDelimiter>,</fieldDelimiter>
            </simpleDelimited>
          </textFormat>
        </dataFormat>
        <distribution>
          <online>
            <url
      function="download">https://pasta.lternet.edu/package/data/eml/knb-lter-hfr/424/1/7827daefaedb24f23383888d01213438</url>
          </online>
        </distribution>
      </physical>
      <attributeList>
        <attribute>
          <attributeName>plot</attributeName>
          <attributeDefinition>unique plot name for the 10 plots in Quabbin reservoir, Simes Tract, Slab City tract</attributeDefinition>
          <measurementScale>
            <nominal>
              <nonNumericDomain>
                <textDomain>
                  <definition>unique plot name for the 10 plots in Quabbin reservoir, Simes Tract, Slab City tract</definition>
                </textDomain>
              </nonNumericDomain>
            </nominal>
          </measurementScale>
        </attribute>
        <attribute>
          <attributeName>subplot</attributeName>
          <attributeDefinition>the 0.04 subplot of the plot, assigned by location</attributeDefinition>
          <measurementScale>
            <nominal>
              <nonNumericDomain>
                <enumeratedDomain>
                  <codeDefinition>
                    <code>1</code>
                    <definition>North subplot</definition>
                  </codeDefinition>
                  <codeDefinition>
                    <code>2</code>
                    <definition>Southwest subplot</definition>
                  </codeDefinition>
                  <codeDefinition>
                    <code>3</code>
                    <definition>Southeast subplot</definition>
                  </codeDefinition>
                </enumeratedDomain>
              </nonNumericDomain>
            </nominal>
          </measurementScale>
        </attribute>
        <attribute>
          <attributeName>lifeform</attributeName>
          <attributeDefinition>type of understory cover</attributeDefinition>
          <measurementScale>
            <nominal>
              <nonNumericDomain>
                <enumeratedDomain>
                  <codeDefinition>
                    <code>fern/lycopod</code>
                    <definition>fern/lycopod</definition>
                  </codeDefinition>
                  <codeDefinition>
                    <code>grass/sedge/rush</code>
                    <definition>grass/sedge/rush</definition>
                  </codeDefinition>
                  <codeDefinition>
                    <code>herb</code>
                    <definition>herb</definition>
                  </codeDefinition>
                  <codeDefinition>
                    <code>shrub</code>
                    <definition>shrub</definition>
                  </codeDefinition>
                  <codeDefinition>
                    <code>tree</code>
                    <definition>tree</definition>
                  </codeDefinition>
                </enumeratedDomain>
              </nonNumericDomain>
            </nominal>
          </measurementScale>
        </attribute>
        <attribute>
          <attributeName>genspe</attributeName>
          <attributeDefinition>6-letter acronym for the taxon (first 3 letters of genus; first three letters of species. For taxa identified only to genus, SPP is the species abbreviation)</attributeDefinition>
          <measurementScale>
            <nominal>
              <nonNumericDomain>
                <textDomain>
                  <definition>6-letter acronym for the taxon (first 3 letters of genus; first three letters of species. For taxa identified only to genus, SPP is the species abbreviation)</definition>
                </textDomain>
              </nonNumericDomain>
            </nominal>
          </measurementScale>
        </attribute>
        <attribute>
          <attributeName>cover.cl.2020</attributeName>
          <attributeDefinition>cover class, 2020</attributeDefinition>
          <measurementScale>
            <nominal>
              <nonNumericDomain>
                <enumeratedDomain>
                  <codeDefinition>
                    <code>1</code>
                    <definition>less than 1%</definition>
                  </codeDefinition>
                  <codeDefinition>
                    <code>2</code>
                    <definition>1-5%</definition>
                  </codeDefinition>
                  <codeDefinition>
                    <code>3</code>
                    <definition>6-25%</definition>
                  </codeDefinition>
                  <codeDefinition>
                    <code>4</code>
                    <definition>26-50%</definition>
                  </codeDefinition>
                  <codeDefinition>
                    <code>5</code>
                    <definition>51-75%</definition>
                  </codeDefinition>
                  <codeDefinition>
                    <code>6</code>
                    <definition>76-100%</definition>
                  </codeDefinition>
                </enumeratedDomain>
              </nonNumericDomain>
            </nominal>
          </measurementScale>
        </attribute>
        <attribute>
          <attributeName>note</attributeName>
          <attributeDefinition>note</attributeDefinition>
          <measurementScale>
            <nominal>
              <nonNumericDomain>
                <textDomain>
                  <definition>note</definition>
                </textDomain>
              </nonNumericDomain>
            </nominal>
          </measurementScale>
        </attribute>
        <attribute>
          <attributeName>genus</attributeName>
          <attributeDefinition>genus</attributeDefinition>
          <measurementScale>
            <nominal>
              <nonNumericDomain>
                <textDomain>
                  <definition>genus</definition>
                </textDomain>
              </nonNumericDomain>
            </nominal>
          </measurementScale>
        </attribute>
        <attribute>
          <attributeName>species</attributeName>
          <attributeDefinition>species</attributeDefinition>
          <measurementScale>
            <nominal>
              <nonNumericDomain>
                <textDomain>
                  <definition>species</definition>
                </textDomain>
              </nonNumericDomain>
            </nominal>
          </measurementScale>
        </attribute>
        <attribute>
          <attributeName>other.name</attributeName>
          <attributeDefinition>common name</attributeDefinition>
          <measurementScale>
            <nominal>
              <nonNumericDomain>
                <textDomain>
                  <definition>common name</definition>
                </textDomain>
              </nonNumericDomain>
            </nominal>
          </measurementScale>
        </attribute>
      </attributeList>
      <numberOfRecords>1121</numberOfRecords>
    </dataTable>
    <dataTable
          id="hf424-05">
      <entityName>hf424-05-saplings.csv</entityName>
      <entityDescription>saplings</entityDescription>
      <physical>
        <objectName>hf424-05-saplings.csv</objectName>
        <size
          unit="byte">3387</size>
        <authentication
              method="MD5">37b73c3835fd16b1a16234e4d47757f1</authentication>
        <dataFormat>
          <textFormat>
            <numHeaderLines>1</numHeaderLines>
            <recordDelimiter>\r\n</recordDelimiter>
            <attributeOrientation>column</attributeOrientation>
            <simpleDelimited>
              <fieldDelimiter>,</fieldDelimiter>
            </simpleDelimited>
          </textFormat>
        </dataFormat>
        <distribution>
          <online>
            <url
          function="download">https://pasta.lternet.edu/package/data/eml/knb-lter-hfr/424/1/684c71ee2312711a95c13ae34aaf4a42</url>
          </online>
        </distribution>
      </physical>
      <attributeList>
        <attribute>
          <attributeName>plot</attributeName>
          <attributeDefinition>unique plot name for the 10 plots in Quabbin reservoir, Simes Tract, Slab City tract</attributeDefinition>
          <measurementScale>
            <nominal>
              <nonNumericDomain>
                <textDomain>
                  <definition>unique plot name for the 10 plots in Quabbin reservoir, Simes Tract, Slab City tract</definition>
                </textDomain>
              </nonNumericDomain>
            </nominal>
          </measurementScale>
        </attribute>
        <attribute>
          <attributeName>subplot</attributeName>
          <attributeDefinition>the 0.04 subplot of the plot, assigned by location</attributeDefinition>
          <measurementScale>
            <nominal>
              <nonNumericDomain>
                <enumeratedDomain>
                  <codeDefinition>
                    <code>1</code>
                    <definition>North subplot</definition>
                  </codeDefinition>
                  <codeDefinition>
                    <code>2</code>
                    <definition>Southwest subplot</definition>
                  </codeDefinition>
                  <codeDefinition>
                    <code>3</code>
                    <definition>Southeast subplot</definition>
                  </codeDefinition>
                </enumeratedDomain>
              </nonNumericDomain>
            </nominal>
          </measurementScale>
        </attribute>
        <attribute>
          <attributeName>gesp</attributeName>
          <attributeDefinition>4-letter acronym for each tree species (first two letters of genus; first two letters of species)</attributeDefinition>
          <measurementScale>
            <nominal>
              <nonNumericDomain>
                <textDomain>
                  <definition>4-letter acronym for each tree species (first two letters of genus; first two letters of species)</definition>
                </textDomain>
              </nonNumericDomain>
            </nominal>
          </measurementScale>
        </attribute>
        <attribute>
          <attributeName>genus</attributeName>
          <attributeDefinition>genus</attributeDefinition>
          <measurementScale>
            <nominal>
              <nonNumericDomain>
                <textDomain>
                  <definition>genus</definition>
                </textDomain>
              </nonNumericDomain>
            </nominal>
          </measurementScale>
        </attribute>
        <attribute>
          <attributeName>species</attributeName>
          <attributeDefinition>species</attributeDefinition>
          <measurementScale>
            <nominal>
              <nonNumericDomain>
                <textDomain>
                  <definition>species</definition>
                </textDomain>
              </nonNumericDomain>
            </nominal>
          </measurementScale>
        </attribute>
        <attribute>
          <attributeName>count</attributeName>
          <attributeDefinition>number of stems in the 20m x 20m plot (therefore, divide by 0.04 to get stems per hectare)</attributeDefinition>
          <measurementScale>
            <ratio>
              <unit>
                <standardUnit>dimensionless</standardUnit>
              </unit>
              <precision>1</precision>
              <numericDomain>
                <numberType>whole</numberType>
              </numericDomain>
            </ratio>
          </measurementScale>
          <missingValueCode>
            <code>NA</code>
            <codeExplanation>missing value</codeExplanation>
          </missingValueCode>
        </attribute>
      </attributeList>
      <numberOfRecords>116</numberOfRecords>
    </dataTable>
  </dataset>
  <additionalMetadata>
    <metadata>
      <additionalClassifications>
        <status>ongoing</status>
        <researchTopic>invasive</researchTopic>
        <researchTopic>plot</researchTopic>
        <researchTopic>community</researchTopic>
        <studyType>long-term measurement</studyType>
      </additionalClassifications>
    </metadata>
  </additionalMetadata>
  <additionalMetadata>
    <metadata>
      <additionalLinks>
        <url
          name="Leaf and Soil Nitrogen Following Gypsy Moth Defoliation in Central Massachusetts 2018-2019">https://harvardforest.fas.harvard.edu/exist/apps/datasets/showData.html?id=hf344</url>
        <url
          name="Gypsy Moth Defoliation Survey at the Quabbin Watershed in Central Massachusetts 2017">https://harvardforest.fas.harvard.edu/exist/apps/datasets/showData.html?id=hf352</url>
        <url name="Nonstructural Carbohydrates in Defoliated Oaks in Central Massachusetts 2019-2020">https://harvardforest.fas.harvard.edu/exist/apps/datasets/showData.html?id=hf369</url>
      </additionalLinks>
    </metadata>
  </additionalMetadata>
</eml:eml>
